Page,Requirement ID,Module,Feature,Spec Type,File,Approx Words
1,FR-0001,Superadmin Platform,Platform Dashboard,UI,requirements/superadmin-platform/FR-0001-platform-dashboard-ui.md,389
2,FR-0002,Superadmin Platform,Platform Dashboard,BACKEND,requirements/superadmin-platform/FR-0002-platform-dashboard-backend.md,370
3,FR-0003,Superadmin Platform,Platform Dashboard,API,requirements/superadmin-platform/FR-0003-platform-dashboard-api.md,373
4,FR-0004,Superadmin Platform,Platform Dashboard,SECURITY,requirements/superadmin-platform/FR-0004-platform-dashboard-security.md,378
5,FR-0005,Superadmin Platform,Platform Dashboard,TEST,requirements/superadmin-platform/FR-0005-platform-dashboard-test.md,366
6,FR-0006,Superadmin Platform,Platform Dashboard,EVENT,requirements/superadmin-platform/FR-0006-platform-dashboard-event.md,367
7,FR-0007,Superadmin Platform,Platform Dashboard,OPERATIONS,requirements/superadmin-platform/FR-0007-platform-dashboard-operations.md,359
8,FR-0008,Superadmin Platform,Organizations,UI,requirements/superadmin-platform/FR-0008-organizations-ui.md,385
9,FR-0009,Superadmin Platform,Organizations,BACKEND,requirements/superadmin-platform/FR-0009-organizations-backend.md,367
10,FR-0010,Superadmin Platform,Organizations,API,requirements/superadmin-platform/FR-0010-organizations-api.md,370
11,FR-0011,Superadmin Platform,Organizations,SECURITY,requirements/superadmin-platform/FR-0011-organizations-security.md,375
12,FR-0012,Superadmin Platform,Organizations,TEST,requirements/superadmin-platform/FR-0012-organizations-test.md,363
13,FR-0013,Superadmin Platform,Organizations,EVENT,requirements/superadmin-platform/FR-0013-organizations-event.md,364
14,FR-0014,Superadmin Platform,Organizations,OPERATIONS,requirements/superadmin-platform/FR-0014-organizations-operations.md,356
15,FR-0015,Superadmin Platform,Create ISP,UI,requirements/superadmin-platform/FR-0015-create-isp-ui.md,389
16,FR-0016,Superadmin Platform,Create ISP,BACKEND,requirements/superadmin-platform/FR-0016-create-isp-backend.md,370
17,FR-0017,Superadmin Platform,Create ISP,API,requirements/superadmin-platform/FR-0017-create-isp-api.md,373
18,FR-0018,Superadmin Platform,Create ISP,SECURITY,requirements/superadmin-platform/FR-0018-create-isp-security.md,378
19,FR-0019,Superadmin Platform,Create ISP,TEST,requirements/superadmin-platform/FR-0019-create-isp-test.md,366
20,FR-0020,Superadmin Platform,Create ISP,EVENT,requirements/superadmin-platform/FR-0020-create-isp-event.md,367
21,FR-0021,Superadmin Platform,Create ISP,OPERATIONS,requirements/superadmin-platform/FR-0021-create-isp-operations.md,359
22,FR-0022,Superadmin Platform,Create Reseller,UI,requirements/superadmin-platform/FR-0022-create-reseller-ui.md,389
23,FR-0023,Superadmin Platform,Create Reseller,BACKEND,requirements/superadmin-platform/FR-0023-create-reseller-backend.md,370
24,FR-0024,Superadmin Platform,Create Reseller,API,requirements/superadmin-platform/FR-0024-create-reseller-api.md,373
25,FR-0025,Superadmin Platform,Create Reseller,SECURITY,requirements/superadmin-platform/FR-0025-create-reseller-security.md,378
26,FR-0026,Superadmin Platform,Create Reseller,TEST,requirements/superadmin-platform/FR-0026-create-reseller-test.md,366
27,FR-0027,Superadmin Platform,Create Reseller,EVENT,requirements/superadmin-platform/FR-0027-create-reseller-event.md,367
28,FR-0028,Superadmin Platform,Create Reseller,OPERATIONS,requirements/superadmin-platform/FR-0028-create-reseller-operations.md,359
29,FR-0029,Superadmin Platform,Organization Tree,UI,requirements/superadmin-platform/FR-0029-organization-tree-ui.md,389
30,FR-0030,Superadmin Platform,Organization Tree,BACKEND,requirements/superadmin-platform/FR-0030-organization-tree-backend.md,370
31,FR-0031,Superadmin Platform,Organization Tree,API,requirements/superadmin-platform/FR-0031-organization-tree-api.md,373
32,FR-0032,Superadmin Platform,Organization Tree,SECURITY,requirements/superadmin-platform/FR-0032-organization-tree-security.md,378
33,FR-0033,Superadmin Platform,Organization Tree,TEST,requirements/superadmin-platform/FR-0033-organization-tree-test.md,366
34,FR-0034,Superadmin Platform,Organization Tree,EVENT,requirements/superadmin-platform/FR-0034-organization-tree-event.md,367
35,FR-0035,Superadmin Platform,Organization Tree,OPERATIONS,requirements/superadmin-platform/FR-0035-organization-tree-operations.md,359
36,FR-0036,Superadmin Platform,Pending Approvals,UI,requirements/superadmin-platform/FR-0036-pending-approvals-ui.md,389
37,FR-0037,Superadmin Platform,Pending Approvals,BACKEND,requirements/superadmin-platform/FR-0037-pending-approvals-backend.md,370
38,FR-0038,Superadmin Platform,Pending Approvals,API,requirements/superadmin-platform/FR-0038-pending-approvals-api.md,373
39,FR-0039,Superadmin Platform,Pending Approvals,SECURITY,requirements/superadmin-platform/FR-0039-pending-approvals-security.md,378
40,FR-0040,Superadmin Platform,Pending Approvals,TEST,requirements/superadmin-platform/FR-0040-pending-approvals-test.md,366
41,FR-0041,Superadmin Platform,Pending Approvals,EVENT,requirements/superadmin-platform/FR-0041-pending-approvals-event.md,367
42,FR-0042,Superadmin Platform,Pending Approvals,OPERATIONS,requirements/superadmin-platform/FR-0042-pending-approvals-operations.md,359
43,FR-0043,Superadmin Platform,Suspended Organizations,UI,requirements/superadmin-platform/FR-0043-suspended-organizations-ui.md,389
44,FR-0044,Superadmin Platform,Suspended Organizations,BACKEND,requirements/superadmin-platform/FR-0044-suspended-organizations-backend.md,370
45,FR-0045,Superadmin Platform,Suspended Organizations,API,requirements/superadmin-platform/FR-0045-suspended-organizations-api.md,373
46,FR-0046,Superadmin Platform,Suspended Organizations,SECURITY,requirements/superadmin-platform/FR-0046-suspended-organizations-security.md,378
47,FR-0047,Superadmin Platform,Suspended Organizations,TEST,requirements/superadmin-platform/FR-0047-suspended-organizations-test.md,366
48,FR-0048,Superadmin Platform,Suspended Organizations,EVENT,requirements/superadmin-platform/FR-0048-suspended-organizations-event.md,367
49,FR-0049,Superadmin Platform,Suspended Organizations,OPERATIONS,requirements/superadmin-platform/FR-0049-suspended-organizations-operations.md,359
50,FR-0050,Superadmin Platform,Organization Templates,UI,requirements/superadmin-platform/FR-0050-organization-templates-ui.md,389
51,FR-0051,Superadmin Platform,Organization Templates,BACKEND,requirements/superadmin-platform/FR-0051-organization-templates-backend.md,370
52,FR-0052,Superadmin Platform,Organization Templates,API,requirements/superadmin-platform/FR-0052-organization-templates-api.md,373
53,FR-0053,Superadmin Platform,Organization Templates,SECURITY,requirements/superadmin-platform/FR-0053-organization-templates-security.md,378
54,FR-0054,Superadmin Platform,Organization Templates,TEST,requirements/superadmin-platform/FR-0054-organization-templates-test.md,366
55,FR-0055,Superadmin Platform,Organization Templates,EVENT,requirements/superadmin-platform/FR-0055-organization-templates-event.md,367
56,FR-0056,Superadmin Platform,Organization Templates,OPERATIONS,requirements/superadmin-platform/FR-0056-organization-templates-operations.md,359
57,FR-0057,Superadmin Platform,Plans & Packages,UI,requirements/superadmin-platform/FR-0057-plans-packages-ui.md,393
58,FR-0058,Superadmin Platform,Plans & Packages,BACKEND,requirements/superadmin-platform/FR-0058-plans-packages-backend.md,373
59,FR-0059,Superadmin Platform,Plans & Packages,API,requirements/superadmin-platform/FR-0059-plans-packages-api.md,376
60,FR-0060,Superadmin Platform,Plans & Packages,SECURITY,requirements/superadmin-platform/FR-0060-plans-packages-security.md,381
61,FR-0061,Superadmin Platform,Plans & Packages,TEST,requirements/superadmin-platform/FR-0061-plans-packages-test.md,369
62,FR-0062,Superadmin Platform,Plans & Packages,EVENT,requirements/superadmin-platform/FR-0062-plans-packages-event.md,370
63,FR-0063,Superadmin Platform,Plans & Packages,OPERATIONS,requirements/superadmin-platform/FR-0063-plans-packages-operations.md,362
64,FR-0064,Superadmin Platform,Tenant Subscriptions,UI,requirements/superadmin-platform/FR-0064-tenant-subscriptions-ui.md,389
65,FR-0065,Superadmin Platform,Tenant Subscriptions,BACKEND,requirements/superadmin-platform/FR-0065-tenant-subscriptions-backend.md,370
66,FR-0066,Superadmin Platform,Tenant Subscriptions,API,requirements/superadmin-platform/FR-0066-tenant-subscriptions-api.md,373
67,FR-0067,Superadmin Platform,Tenant Subscriptions,SECURITY,requirements/superadmin-platform/FR-0067-tenant-subscriptions-security.md,378
68,FR-0068,Superadmin Platform,Tenant Subscriptions,TEST,requirements/superadmin-platform/FR-0068-tenant-subscriptions-test.md,366
69,FR-0069,Superadmin Platform,Tenant Subscriptions,EVENT,requirements/superadmin-platform/FR-0069-tenant-subscriptions-event.md,367
70,FR-0070,Superadmin Platform,Tenant Subscriptions,OPERATIONS,requirements/superadmin-platform/FR-0070-tenant-subscriptions-operations.md,359
71,FR-0071,Superadmin Platform,Module Entitlements,UI,requirements/superadmin-platform/FR-0071-module-entitlements-ui.md,389
72,FR-0072,Superadmin Platform,Module Entitlements,BACKEND,requirements/superadmin-platform/FR-0072-module-entitlements-backend.md,370
73,FR-0073,Superadmin Platform,Module Entitlements,API,requirements/superadmin-platform/FR-0073-module-entitlements-api.md,373
74,FR-0074,Superadmin Platform,Module Entitlements,SECURITY,requirements/superadmin-platform/FR-0074-module-entitlements-security.md,378
75,FR-0075,Superadmin Platform,Module Entitlements,TEST,requirements/superadmin-platform/FR-0075-module-entitlements-test.md,366
76,FR-0076,Superadmin Platform,Module Entitlements,EVENT,requirements/superadmin-platform/FR-0076-module-entitlements-event.md,367
77,FR-0077,Superadmin Platform,Module Entitlements,OPERATIONS,requirements/superadmin-platform/FR-0077-module-entitlements-operations.md,359
78,FR-0078,Superadmin Platform,Device Limits,UI,requirements/superadmin-platform/FR-0078-device-limits-ui.md,389
79,FR-0079,Superadmin Platform,Device Limits,BACKEND,requirements/superadmin-platform/FR-0079-device-limits-backend.md,370
80,FR-0080,Superadmin Platform,Device Limits,API,requirements/superadmin-platform/FR-0080-device-limits-api.md,373
81,FR-0081,Superadmin Platform,Device Limits,SECURITY,requirements/superadmin-platform/FR-0081-device-limits-security.md,378
82,FR-0082,Superadmin Platform,Device Limits,TEST,requirements/superadmin-platform/FR-0082-device-limits-test.md,366
83,FR-0083,Superadmin Platform,Device Limits,EVENT,requirements/superadmin-platform/FR-0083-device-limits-event.md,367
84,FR-0084,Superadmin Platform,Device Limits,OPERATIONS,requirements/superadmin-platform/FR-0084-device-limits-operations.md,359
85,FR-0085,Superadmin Platform,ONU Limits,UI,requirements/superadmin-platform/FR-0085-onu-limits-ui.md,389
86,FR-0086,Superadmin Platform,ONU Limits,BACKEND,requirements/superadmin-platform/FR-0086-onu-limits-backend.md,370
87,FR-0087,Superadmin Platform,ONU Limits,API,requirements/superadmin-platform/FR-0087-onu-limits-api.md,373
88,FR-0088,Superadmin Platform,ONU Limits,SECURITY,requirements/superadmin-platform/FR-0088-onu-limits-security.md,378
89,FR-0089,Superadmin Platform,ONU Limits,TEST,requirements/superadmin-platform/FR-0089-onu-limits-test.md,366
90,FR-0090,Superadmin Platform,ONU Limits,EVENT,requirements/superadmin-platform/FR-0090-onu-limits-event.md,367
91,FR-0091,Superadmin Platform,ONU Limits,OPERATIONS,requirements/superadmin-platform/FR-0091-onu-limits-operations.md,359
92,FR-0092,Superadmin Platform,Customer Limits,UI,requirements/superadmin-platform/FR-0092-customer-limits-ui.md,389
93,FR-0093,Superadmin Platform,Customer Limits,BACKEND,requirements/superadmin-platform/FR-0093-customer-limits-backend.md,370
94,FR-0094,Superadmin Platform,Customer Limits,API,requirements/superadmin-platform/FR-0094-customer-limits-api.md,373
95,FR-0095,Superadmin Platform,Customer Limits,SECURITY,requirements/superadmin-platform/FR-0095-customer-limits-security.md,378
96,FR-0096,Superadmin Platform,Customer Limits,TEST,requirements/superadmin-platform/FR-0096-customer-limits-test.md,366
97,FR-0097,Superadmin Platform,Customer Limits,EVENT,requirements/superadmin-platform/FR-0097-customer-limits-event.md,367
98,FR-0098,Superadmin Platform,Customer Limits,OPERATIONS,requirements/superadmin-platform/FR-0098-customer-limits-operations.md,359
99,FR-0099,Superadmin Platform,Storage Limits,UI,requirements/superadmin-platform/FR-0099-storage-limits-ui.md,389
100,FR-0100,Superadmin Platform,Storage Limits,BACKEND,requirements/superadmin-platform/FR-0100-storage-limits-backend.md,370
101,FR-0101,Superadmin Platform,Storage Limits,API,requirements/superadmin-platform/FR-0101-storage-limits-api.md,373
102,FR-0102,Superadmin Platform,Storage Limits,SECURITY,requirements/superadmin-platform/FR-0102-storage-limits-security.md,378
103,FR-0103,Superadmin Platform,Storage Limits,TEST,requirements/superadmin-platform/FR-0103-storage-limits-test.md,366
104,FR-0104,Superadmin Platform,Storage Limits,EVENT,requirements/superadmin-platform/FR-0104-storage-limits-event.md,367
105,FR-0105,Superadmin Platform,Storage Limits,OPERATIONS,requirements/superadmin-platform/FR-0105-storage-limits-operations.md,359
106,FR-0106,Superadmin Platform,API Limits,UI,requirements/superadmin-platform/FR-0106-api-limits-ui.md,389
107,FR-0107,Superadmin Platform,API Limits,BACKEND,requirements/superadmin-platform/FR-0107-api-limits-backend.md,370
108,FR-0108,Superadmin Platform,API Limits,API,requirements/superadmin-platform/FR-0108-api-limits-api.md,373
109,FR-0109,Superadmin Platform,API Limits,SECURITY,requirements/superadmin-platform/FR-0109-api-limits-security.md,378
110,FR-0110,Superadmin Platform,API Limits,TEST,requirements/superadmin-platform/FR-0110-api-limits-test.md,366
111,FR-0111,Superadmin Platform,API Limits,EVENT,requirements/superadmin-platform/FR-0111-api-limits-event.md,367
112,FR-0112,Superadmin Platform,API Limits,OPERATIONS,requirements/superadmin-platform/FR-0112-api-limits-operations.md,359
113,FR-0113,Superadmin Platform,Trial Management,UI,requirements/superadmin-platform/FR-0113-trial-management-ui.md,389
114,FR-0114,Superadmin Platform,Trial Management,BACKEND,requirements/superadmin-platform/FR-0114-trial-management-backend.md,370
115,FR-0115,Superadmin Platform,Trial Management,API,requirements/superadmin-platform/FR-0115-trial-management-api.md,373
116,FR-0116,Superadmin Platform,Trial Management,SECURITY,requirements/superadmin-platform/FR-0116-trial-management-security.md,378
117,FR-0117,Superadmin Platform,Trial Management,TEST,requirements/superadmin-platform/FR-0117-trial-management-test.md,366
118,FR-0118,Superadmin Platform,Trial Management,EVENT,requirements/superadmin-platform/FR-0118-trial-management-event.md,367
119,FR-0119,Superadmin Platform,Trial Management,OPERATIONS,requirements/superadmin-platform/FR-0119-trial-management-operations.md,359
120,FR-0120,Superadmin Platform,Renewals,UI,requirements/superadmin-platform/FR-0120-renewals-ui.md,385
121,FR-0121,Superadmin Platform,Renewals,BACKEND,requirements/superadmin-platform/FR-0121-renewals-backend.md,367
122,FR-0122,Superadmin Platform,Renewals,API,requirements/superadmin-platform/FR-0122-renewals-api.md,370
123,FR-0123,Superadmin Platform,Renewals,SECURITY,requirements/superadmin-platform/FR-0123-renewals-security.md,375
124,FR-0124,Superadmin Platform,Renewals,TEST,requirements/superadmin-platform/FR-0124-renewals-test.md,363
125,FR-0125,Superadmin Platform,Renewals,EVENT,requirements/superadmin-platform/FR-0125-renewals-event.md,364
126,FR-0126,Superadmin Platform,Renewals,OPERATIONS,requirements/superadmin-platform/FR-0126-renewals-operations.md,356
127,FR-0127,Superadmin Platform,SaaS Invoices,UI,requirements/superadmin-platform/FR-0127-saas-invoices-ui.md,389
128,FR-0128,Superadmin Platform,SaaS Invoices,BACKEND,requirements/superadmin-platform/FR-0128-saas-invoices-backend.md,370
129,FR-0129,Superadmin Platform,SaaS Invoices,API,requirements/superadmin-platform/FR-0129-saas-invoices-api.md,373
130,FR-0130,Superadmin Platform,SaaS Invoices,SECURITY,requirements/superadmin-platform/FR-0130-saas-invoices-security.md,378
131,FR-0131,Superadmin Platform,SaaS Invoices,TEST,requirements/superadmin-platform/FR-0131-saas-invoices-test.md,366
132,FR-0132,Superadmin Platform,SaaS Invoices,EVENT,requirements/superadmin-platform/FR-0132-saas-invoices-event.md,367
133,FR-0133,Superadmin Platform,SaaS Invoices,OPERATIONS,requirements/superadmin-platform/FR-0133-saas-invoices-operations.md,359
134,FR-0134,Superadmin Platform,Subscription History,UI,requirements/superadmin-platform/FR-0134-subscription-history-ui.md,389
135,FR-0135,Superadmin Platform,Subscription History,BACKEND,requirements/superadmin-platform/FR-0135-subscription-history-backend.md,370
136,FR-0136,Superadmin Platform,Subscription History,API,requirements/superadmin-platform/FR-0136-subscription-history-api.md,373
137,FR-0137,Superadmin Platform,Subscription History,SECURITY,requirements/superadmin-platform/FR-0137-subscription-history-security.md,378
138,FR-0138,Superadmin Platform,Subscription History,TEST,requirements/superadmin-platform/FR-0138-subscription-history-test.md,366
139,FR-0139,Superadmin Platform,Subscription History,EVENT,requirements/superadmin-platform/FR-0139-subscription-history-event.md,367
140,FR-0140,Superadmin Platform,Subscription History,OPERATIONS,requirements/superadmin-platform/FR-0140-subscription-history-operations.md,359
141,FR-0141,Superadmin Platform,Module Registry,UI,requirements/superadmin-platform/FR-0141-module-registry-ui.md,389
142,FR-0142,Superadmin Platform,Module Registry,BACKEND,requirements/superadmin-platform/FR-0142-module-registry-backend.md,370
143,FR-0143,Superadmin Platform,Module Registry,API,requirements/superadmin-platform/FR-0143-module-registry-api.md,373
144,FR-0144,Superadmin Platform,Module Registry,SECURITY,requirements/superadmin-platform/FR-0144-module-registry-security.md,378
145,FR-0145,Superadmin Platform,Module Registry,TEST,requirements/superadmin-platform/FR-0145-module-registry-test.md,366
146,FR-0146,Superadmin Platform,Module Registry,EVENT,requirements/superadmin-platform/FR-0146-module-registry-event.md,367
147,FR-0147,Superadmin Platform,Module Registry,OPERATIONS,requirements/superadmin-platform/FR-0147-module-registry-operations.md,359
148,FR-0148,Superadmin Platform,Feature Flags,UI,requirements/superadmin-platform/FR-0148-feature-flags-ui.md,389
149,FR-0149,Superadmin Platform,Feature Flags,BACKEND,requirements/superadmin-platform/FR-0149-feature-flags-backend.md,370
150,FR-0150,Superadmin Platform,Feature Flags,API,requirements/superadmin-platform/FR-0150-feature-flags-api.md,373
151,FR-0151,Superadmin Platform,Feature Flags,SECURITY,requirements/superadmin-platform/FR-0151-feature-flags-security.md,378
152,FR-0152,Superadmin Platform,Feature Flags,TEST,requirements/superadmin-platform/FR-0152-feature-flags-test.md,366
153,FR-0153,Superadmin Platform,Feature Flags,EVENT,requirements/superadmin-platform/FR-0153-feature-flags-event.md,367
154,FR-0154,Superadmin Platform,Feature Flags,OPERATIONS,requirements/superadmin-platform/FR-0154-feature-flags-operations.md,359
155,FR-0155,Superadmin Platform,Tenant Overrides,UI,requirements/superadmin-platform/FR-0155-tenant-overrides-ui.md,389
156,FR-0156,Superadmin Platform,Tenant Overrides,BACKEND,requirements/superadmin-platform/FR-0156-tenant-overrides-backend.md,370
157,FR-0157,Superadmin Platform,Tenant Overrides,API,requirements/superadmin-platform/FR-0157-tenant-overrides-api.md,373
158,FR-0158,Superadmin Platform,Tenant Overrides,SECURITY,requirements/superadmin-platform/FR-0158-tenant-overrides-security.md,378
159,FR-0159,Superadmin Platform,Tenant Overrides,TEST,requirements/superadmin-platform/FR-0159-tenant-overrides-test.md,366
160,FR-0160,Superadmin Platform,Tenant Overrides,EVENT,requirements/superadmin-platform/FR-0160-tenant-overrides-event.md,367
161,FR-0161,Superadmin Platform,Tenant Overrides,OPERATIONS,requirements/superadmin-platform/FR-0161-tenant-overrides-operations.md,359
162,FR-0162,Superadmin Platform,Beta Features,UI,requirements/superadmin-platform/FR-0162-beta-features-ui.md,389
163,FR-0163,Superadmin Platform,Beta Features,BACKEND,requirements/superadmin-platform/FR-0163-beta-features-backend.md,370
164,FR-0164,Superadmin Platform,Beta Features,API,requirements/superadmin-platform/FR-0164-beta-features-api.md,373
165,FR-0165,Superadmin Platform,Beta Features,SECURITY,requirements/superadmin-platform/FR-0165-beta-features-security.md,378
166,FR-0166,Superadmin Platform,Beta Features,TEST,requirements/superadmin-platform/FR-0166-beta-features-test.md,366
167,FR-0167,Superadmin Platform,Beta Features,EVENT,requirements/superadmin-platform/FR-0167-beta-features-event.md,367
168,FR-0168,Superadmin Platform,Beta Features,OPERATIONS,requirements/superadmin-platform/FR-0168-beta-features-operations.md,359
169,FR-0169,Superadmin Platform,Dependency Matrix,UI,requirements/superadmin-platform/FR-0169-dependency-matrix-ui.md,389
170,FR-0170,Superadmin Platform,Dependency Matrix,BACKEND,requirements/superadmin-platform/FR-0170-dependency-matrix-backend.md,370
171,FR-0171,Superadmin Platform,Dependency Matrix,API,requirements/superadmin-platform/FR-0171-dependency-matrix-api.md,373
172,FR-0172,Superadmin Platform,Dependency Matrix,SECURITY,requirements/superadmin-platform/FR-0172-dependency-matrix-security.md,378
173,FR-0173,Superadmin Platform,Dependency Matrix,TEST,requirements/superadmin-platform/FR-0173-dependency-matrix-test.md,366
174,FR-0174,Superadmin Platform,Dependency Matrix,EVENT,requirements/superadmin-platform/FR-0174-dependency-matrix-event.md,367
175,FR-0175,Superadmin Platform,Dependency Matrix,OPERATIONS,requirements/superadmin-platform/FR-0175-dependency-matrix-operations.md,359
176,FR-0176,Superadmin Platform,Platform Users,UI,requirements/superadmin-platform/FR-0176-platform-users-ui.md,389
177,FR-0177,Superadmin Platform,Platform Users,BACKEND,requirements/superadmin-platform/FR-0177-platform-users-backend.md,370
178,FR-0178,Superadmin Platform,Platform Users,API,requirements/superadmin-platform/FR-0178-platform-users-api.md,373
179,FR-0179,Superadmin Platform,Platform Users,SECURITY,requirements/superadmin-platform/FR-0179-platform-users-security.md,378
180,FR-0180,Superadmin Platform,Platform Users,TEST,requirements/superadmin-platform/FR-0180-platform-users-test.md,366
181,FR-0181,Superadmin Platform,Platform Users,EVENT,requirements/superadmin-platform/FR-0181-platform-users-event.md,367
182,FR-0182,Superadmin Platform,Platform Users,OPERATIONS,requirements/superadmin-platform/FR-0182-platform-users-operations.md,359
183,FR-0183,Superadmin Platform,Roles & Permissions,UI,requirements/superadmin-platform/FR-0183-roles-permissions-ui.md,393
184,FR-0184,Superadmin Platform,Roles & Permissions,BACKEND,requirements/superadmin-platform/FR-0184-roles-permissions-backend.md,373
185,FR-0185,Superadmin Platform,Roles & Permissions,API,requirements/superadmin-platform/FR-0185-roles-permissions-api.md,376
186,FR-0186,Superadmin Platform,Roles & Permissions,SECURITY,requirements/superadmin-platform/FR-0186-roles-permissions-security.md,381
187,FR-0187,Superadmin Platform,Roles & Permissions,TEST,requirements/superadmin-platform/FR-0187-roles-permissions-test.md,369
188,FR-0188,Superadmin Platform,Roles & Permissions,EVENT,requirements/superadmin-platform/FR-0188-roles-permissions-event.md,370
189,FR-0189,Superadmin Platform,Roles & Permissions,OPERATIONS,requirements/superadmin-platform/FR-0189-roles-permissions-operations.md,362
190,FR-0190,Superadmin Platform,Tenant Access,UI,requirements/superadmin-platform/FR-0190-tenant-access-ui.md,389
191,FR-0191,Superadmin Platform,Tenant Access,BACKEND,requirements/superadmin-platform/FR-0191-tenant-access-backend.md,370
192,FR-0192,Superadmin Platform,Tenant Access,API,requirements/superadmin-platform/FR-0192-tenant-access-api.md,373
193,FR-0193,Superadmin Platform,Tenant Access,SECURITY,requirements/superadmin-platform/FR-0193-tenant-access-security.md,378
194,FR-0194,Superadmin Platform,Tenant Access,TEST,requirements/superadmin-platform/FR-0194-tenant-access-test.md,366
195,FR-0195,Superadmin Platform,Tenant Access,EVENT,requirements/superadmin-platform/FR-0195-tenant-access-event.md,367
196,FR-0196,Superadmin Platform,Tenant Access,OPERATIONS,requirements/superadmin-platform/FR-0196-tenant-access-operations.md,359
197,FR-0197,Superadmin Platform,Sessions,UI,requirements/superadmin-platform/FR-0197-sessions-ui.md,385
198,FR-0198,Superadmin Platform,Sessions,BACKEND,requirements/superadmin-platform/FR-0198-sessions-backend.md,367
199,FR-0199,Superadmin Platform,Sessions,API,requirements/superadmin-platform/FR-0199-sessions-api.md,370
200,FR-0200,Superadmin Platform,Sessions,SECURITY,requirements/superadmin-platform/FR-0200-sessions-security.md,375
201,FR-0201,Superadmin Platform,Sessions,TEST,requirements/superadmin-platform/FR-0201-sessions-test.md,363
202,FR-0202,Superadmin Platform,Sessions,EVENT,requirements/superadmin-platform/FR-0202-sessions-event.md,364
203,FR-0203,Superadmin Platform,Sessions,OPERATIONS,requirements/superadmin-platform/FR-0203-sessions-operations.md,356
204,FR-0204,Superadmin Platform,API Tokens,UI,requirements/superadmin-platform/FR-0204-api-tokens-ui.md,389
205,FR-0205,Superadmin Platform,API Tokens,BACKEND,requirements/superadmin-platform/FR-0205-api-tokens-backend.md,370
206,FR-0206,Superadmin Platform,API Tokens,API,requirements/superadmin-platform/FR-0206-api-tokens-api.md,373
207,FR-0207,Superadmin Platform,API Tokens,SECURITY,requirements/superadmin-platform/FR-0207-api-tokens-security.md,378
208,FR-0208,Superadmin Platform,API Tokens,TEST,requirements/superadmin-platform/FR-0208-api-tokens-test.md,366
209,FR-0209,Superadmin Platform,API Tokens,EVENT,requirements/superadmin-platform/FR-0209-api-tokens-event.md,367
210,FR-0210,Superadmin Platform,API Tokens,OPERATIONS,requirements/superadmin-platform/FR-0210-api-tokens-operations.md,359
211,FR-0211,Superadmin Platform,Announcements,UI,requirements/superadmin-platform/FR-0211-announcements-ui.md,385
212,FR-0212,Superadmin Platform,Announcements,BACKEND,requirements/superadmin-platform/FR-0212-announcements-backend.md,367
213,FR-0213,Superadmin Platform,Announcements,API,requirements/superadmin-platform/FR-0213-announcements-api.md,370
214,FR-0214,Superadmin Platform,Announcements,SECURITY,requirements/superadmin-platform/FR-0214-announcements-security.md,375
215,FR-0215,Superadmin Platform,Announcements,TEST,requirements/superadmin-platform/FR-0215-announcements-test.md,363
216,FR-0216,Superadmin Platform,Announcements,EVENT,requirements/superadmin-platform/FR-0216-announcements-event.md,364
217,FR-0217,Superadmin Platform,Announcements,OPERATIONS,requirements/superadmin-platform/FR-0217-announcements-operations.md,356
218,FR-0218,Superadmin Platform,Platform Settings,UI,requirements/superadmin-platform/FR-0218-platform-settings-ui.md,389
219,FR-0219,Superadmin Platform,Platform Settings,BACKEND,requirements/superadmin-platform/FR-0219-platform-settings-backend.md,370
220,FR-0220,Superadmin Platform,Platform Settings,API,requirements/superadmin-platform/FR-0220-platform-settings-api.md,373
221,FR-0221,Superadmin Platform,Platform Settings,SECURITY,requirements/superadmin-platform/FR-0221-platform-settings-security.md,378
222,FR-0222,Superadmin Platform,Platform Settings,TEST,requirements/superadmin-platform/FR-0222-platform-settings-test.md,366
223,FR-0223,Superadmin Platform,Platform Settings,EVENT,requirements/superadmin-platform/FR-0223-platform-settings-event.md,367
224,FR-0224,Superadmin Platform,Platform Settings,OPERATIONS,requirements/superadmin-platform/FR-0224-platform-settings-operations.md,359
225,FR-0225,Superadmin Platform,System Health,UI,requirements/superadmin-platform/FR-0225-system-health-ui.md,389
226,FR-0226,Superadmin Platform,System Health,BACKEND,requirements/superadmin-platform/FR-0226-system-health-backend.md,370
227,FR-0227,Superadmin Platform,System Health,API,requirements/superadmin-platform/FR-0227-system-health-api.md,373
228,FR-0228,Superadmin Platform,System Health,SECURITY,requirements/superadmin-platform/FR-0228-system-health-security.md,378
229,FR-0229,Superadmin Platform,System Health,TEST,requirements/superadmin-platform/FR-0229-system-health-test.md,366
230,FR-0230,Superadmin Platform,System Health,EVENT,requirements/superadmin-platform/FR-0230-system-health-event.md,367
231,FR-0231,Superadmin Platform,System Health,OPERATIONS,requirements/superadmin-platform/FR-0231-system-health-operations.md,359
232,FR-0232,Superadmin Platform,Integrations,UI,requirements/superadmin-platform/FR-0232-integrations-ui.md,385
233,FR-0233,Superadmin Platform,Integrations,BACKEND,requirements/superadmin-platform/FR-0233-integrations-backend.md,367
234,FR-0234,Superadmin Platform,Integrations,API,requirements/superadmin-platform/FR-0234-integrations-api.md,370
235,FR-0235,Superadmin Platform,Integrations,SECURITY,requirements/superadmin-platform/FR-0235-integrations-security.md,375
236,FR-0236,Superadmin Platform,Integrations,TEST,requirements/superadmin-platform/FR-0236-integrations-test.md,363
237,FR-0237,Superadmin Platform,Integrations,EVENT,requirements/superadmin-platform/FR-0237-integrations-event.md,364
238,FR-0238,Superadmin Platform,Integrations,OPERATIONS,requirements/superadmin-platform/FR-0238-integrations-operations.md,356
239,FR-0239,Superadmin Platform,Audit Logs,UI,requirements/superadmin-platform/FR-0239-audit-logs-ui.md,389
240,FR-0240,Superadmin Platform,Audit Logs,BACKEND,requirements/superadmin-platform/FR-0240-audit-logs-backend.md,370
241,FR-0241,Superadmin Platform,Audit Logs,API,requirements/superadmin-platform/FR-0241-audit-logs-api.md,373
242,FR-0242,Superadmin Platform,Audit Logs,SECURITY,requirements/superadmin-platform/FR-0242-audit-logs-security.md,378
243,FR-0243,Superadmin Platform,Audit Logs,TEST,requirements/superadmin-platform/FR-0243-audit-logs-test.md,366
244,FR-0244,Superadmin Platform,Audit Logs,EVENT,requirements/superadmin-platform/FR-0244-audit-logs-event.md,367
245,FR-0245,Superadmin Platform,Audit Logs,OPERATIONS,requirements/superadmin-platform/FR-0245-audit-logs-operations.md,359
246,FR-0246,Superadmin Platform,Backup & Restore,UI,requirements/superadmin-platform/FR-0246-backup-restore-ui.md,393
247,FR-0247,Superadmin Platform,Backup & Restore,BACKEND,requirements/superadmin-platform/FR-0247-backup-restore-backend.md,373
248,FR-0248,Superadmin Platform,Backup & Restore,API,requirements/superadmin-platform/FR-0248-backup-restore-api.md,376
249,FR-0249,Superadmin Platform,Backup & Restore,SECURITY,requirements/superadmin-platform/FR-0249-backup-restore-security.md,381
250,FR-0250,Superadmin Platform,Backup & Restore,TEST,requirements/superadmin-platform/FR-0250-backup-restore-test.md,369
251,FR-0251,Superadmin Platform,Backup & Restore,EVENT,requirements/superadmin-platform/FR-0251-backup-restore-event.md,370
252,FR-0252,Superadmin Platform,Backup & Restore,OPERATIONS,requirements/superadmin-platform/FR-0252-backup-restore-operations.md,362
253,FR-0253,Device Platform,Vendors,UI,requirements/device-platform/FR-0253-vendors-ui.md,388
254,FR-0254,Device Platform,Vendors,BACKEND,requirements/device-platform/FR-0254-vendors-backend.md,372
255,FR-0255,Device Platform,Vendors,API,requirements/device-platform/FR-0255-vendors-api.md,370
256,FR-0256,Device Platform,Vendors,SECURITY,requirements/device-platform/FR-0256-vendors-security.md,375
257,FR-0257,Device Platform,Vendors,TEST,requirements/device-platform/FR-0257-vendors-test.md,363
258,FR-0258,Device Platform,Vendors,EVENT,requirements/device-platform/FR-0258-vendors-event.md,364
259,FR-0259,Device Platform,Vendors,OPERATIONS,requirements/device-platform/FR-0259-vendors-operations.md,356
260,FR-0260,Device Platform,Device Families,UI,requirements/device-platform/FR-0260-device-families-ui.md,392
261,FR-0261,Device Platform,Device Families,BACKEND,requirements/device-platform/FR-0261-device-families-backend.md,375
262,FR-0262,Device Platform,Device Families,API,requirements/device-platform/FR-0262-device-families-api.md,373
263,FR-0263,Device Platform,Device Families,SECURITY,requirements/device-platform/FR-0263-device-families-security.md,378
264,FR-0264,Device Platform,Device Families,TEST,requirements/device-platform/FR-0264-device-families-test.md,366
265,FR-0265,Device Platform,Device Families,EVENT,requirements/device-platform/FR-0265-device-families-event.md,367
266,FR-0266,Device Platform,Device Families,OPERATIONS,requirements/device-platform/FR-0266-device-families-operations.md,359
267,FR-0267,Device Platform,Device Models,UI,requirements/device-platform/FR-0267-device-models-ui.md,392
268,FR-0268,Device Platform,Device Models,BACKEND,requirements/device-platform/FR-0268-device-models-backend.md,375
269,FR-0269,Device Platform,Device Models,API,requirements/device-platform/FR-0269-device-models-api.md,373
270,FR-0270,Device Platform,Device Models,SECURITY,requirements/device-platform/FR-0270-device-models-security.md,378
271,FR-0271,Device Platform,Device Models,TEST,requirements/device-platform/FR-0271-device-models-test.md,366
272,FR-0272,Device Platform,Device Models,EVENT,requirements/device-platform/FR-0272-device-models-event.md,367
273,FR-0273,Device Platform,Device Models,OPERATIONS,requirements/device-platform/FR-0273-device-models-operations.md,359
274,FR-0274,Device Platform,Capability Matrix,UI,requirements/device-platform/FR-0274-capability-matrix-ui.md,392
275,FR-0275,Device Platform,Capability Matrix,BACKEND,requirements/device-platform/FR-0275-capability-matrix-backend.md,375
276,FR-0276,Device Platform,Capability Matrix,API,requirements/device-platform/FR-0276-capability-matrix-api.md,373
277,FR-0277,Device Platform,Capability Matrix,SECURITY,requirements/device-platform/FR-0277-capability-matrix-security.md,378
278,FR-0278,Device Platform,Capability Matrix,TEST,requirements/device-platform/FR-0278-capability-matrix-test.md,366
279,FR-0279,Device Platform,Capability Matrix,EVENT,requirements/device-platform/FR-0279-capability-matrix-event.md,367
280,FR-0280,Device Platform,Capability Matrix,OPERATIONS,requirements/device-platform/FR-0280-capability-matrix-operations.md,359
281,FR-0281,Device Platform,Protocol Profiles,UI,requirements/device-platform/FR-0281-protocol-profiles-ui.md,392
282,FR-0282,Device Platform,Protocol Profiles,BACKEND,requirements/device-platform/FR-0282-protocol-profiles-backend.md,375
283,FR-0283,Device Platform,Protocol Profiles,API,requirements/device-platform/FR-0283-protocol-profiles-api.md,373
284,FR-0284,Device Platform,Protocol Profiles,SECURITY,requirements/device-platform/FR-0284-protocol-profiles-security.md,378
285,FR-0285,Device Platform,Protocol Profiles,TEST,requirements/device-platform/FR-0285-protocol-profiles-test.md,366
286,FR-0286,Device Platform,Protocol Profiles,EVENT,requirements/device-platform/FR-0286-protocol-profiles-event.md,367
287,FR-0287,Device Platform,Protocol Profiles,OPERATIONS,requirements/device-platform/FR-0287-protocol-profiles-operations.md,359
288,FR-0288,Device Platform,Driver Registry,UI,requirements/device-platform/FR-0288-driver-registry-ui.md,392
289,FR-0289,Device Platform,Driver Registry,BACKEND,requirements/device-platform/FR-0289-driver-registry-backend.md,375
290,FR-0290,Device Platform,Driver Registry,API,requirements/device-platform/FR-0290-driver-registry-api.md,373
291,FR-0291,Device Platform,Driver Registry,SECURITY,requirements/device-platform/FR-0291-driver-registry-security.md,378
292,FR-0292,Device Platform,Driver Registry,TEST,requirements/device-platform/FR-0292-driver-registry-test.md,366
293,FR-0293,Device Platform,Driver Registry,EVENT,requirements/device-platform/FR-0293-driver-registry-event.md,367
294,FR-0294,Device Platform,Driver Registry,OPERATIONS,requirements/device-platform/FR-0294-driver-registry-operations.md,359
295,FR-0295,Device Platform,Driver Versions,UI,requirements/device-platform/FR-0295-driver-versions-ui.md,392
296,FR-0296,Device Platform,Driver Versions,BACKEND,requirements/device-platform/FR-0296-driver-versions-backend.md,375
297,FR-0297,Device Platform,Driver Versions,API,requirements/device-platform/FR-0297-driver-versions-api.md,373
298,FR-0298,Device Platform,Driver Versions,SECURITY,requirements/device-platform/FR-0298-driver-versions-security.md,378
299,FR-0299,Device Platform,Driver Versions,TEST,requirements/device-platform/FR-0299-driver-versions-test.md,366
300,FR-0300,Device Platform,Driver Versions,EVENT,requirements/device-platform/FR-0300-driver-versions-event.md,367
301,FR-0301,Device Platform,Driver Versions,OPERATIONS,requirements/device-platform/FR-0301-driver-versions-operations.md,359
302,FR-0302,Device Platform,Command Templates,UI,requirements/device-platform/FR-0302-command-templates-ui.md,392
303,FR-0303,Device Platform,Command Templates,BACKEND,requirements/device-platform/FR-0303-command-templates-backend.md,375
304,FR-0304,Device Platform,Command Templates,API,requirements/device-platform/FR-0304-command-templates-api.md,373
305,FR-0305,Device Platform,Command Templates,SECURITY,requirements/device-platform/FR-0305-command-templates-security.md,378
306,FR-0306,Device Platform,Command Templates,TEST,requirements/device-platform/FR-0306-command-templates-test.md,366
307,FR-0307,Device Platform,Command Templates,EVENT,requirements/device-platform/FR-0307-command-templates-event.md,367
308,FR-0308,Device Platform,Command Templates,OPERATIONS,requirements/device-platform/FR-0308-command-templates-operations.md,359
309,FR-0309,Device Platform,Response Parsers,UI,requirements/device-platform/FR-0309-response-parsers-ui.md,392
310,FR-0310,Device Platform,Response Parsers,BACKEND,requirements/device-platform/FR-0310-response-parsers-backend.md,375
311,FR-0311,Device Platform,Response Parsers,API,requirements/device-platform/FR-0311-response-parsers-api.md,373
312,FR-0312,Device Platform,Response Parsers,SECURITY,requirements/device-platform/FR-0312-response-parsers-security.md,378
313,FR-0313,Device Platform,Response Parsers,TEST,requirements/device-platform/FR-0313-response-parsers-test.md,366
314,FR-0314,Device Platform,Response Parsers,EVENT,requirements/device-platform/FR-0314-response-parsers-event.md,367
315,FR-0315,Device Platform,Response Parsers,OPERATIONS,requirements/device-platform/FR-0315-response-parsers-operations.md,359
316,FR-0316,Device Platform,API Mappings,UI,requirements/device-platform/FR-0316-api-mappings-ui.md,392
317,FR-0317,Device Platform,API Mappings,BACKEND,requirements/device-platform/FR-0317-api-mappings-backend.md,375
318,FR-0318,Device Platform,API Mappings,API,requirements/device-platform/FR-0318-api-mappings-api.md,373
319,FR-0319,Device Platform,API Mappings,SECURITY,requirements/device-platform/FR-0319-api-mappings-security.md,378
320,FR-0320,Device Platform,API Mappings,TEST,requirements/device-platform/FR-0320-api-mappings-test.md,366
321,FR-0321,Device Platform,API Mappings,EVENT,requirements/device-platform/FR-0321-api-mappings-event.md,367
322,FR-0322,Device Platform,API Mappings,OPERATIONS,requirements/device-platform/FR-0322-api-mappings-operations.md,359
323,FR-0323,Device Platform,SNMP Templates,UI,requirements/device-platform/FR-0323-snmp-templates-ui.md,392
324,FR-0324,Device Platform,SNMP Templates,BACKEND,requirements/device-platform/FR-0324-snmp-templates-backend.md,375
325,FR-0325,Device Platform,SNMP Templates,API,requirements/device-platform/FR-0325-snmp-templates-api.md,373
326,FR-0326,Device Platform,SNMP Templates,SECURITY,requirements/device-platform/FR-0326-snmp-templates-security.md,378
327,FR-0327,Device Platform,SNMP Templates,TEST,requirements/device-platform/FR-0327-snmp-templates-test.md,366
328,FR-0328,Device Platform,SNMP Templates,EVENT,requirements/device-platform/FR-0328-snmp-templates-event.md,367
329,FR-0329,Device Platform,SNMP Templates,OPERATIONS,requirements/device-platform/FR-0329-snmp-templates-operations.md,359
330,FR-0330,Device Platform,SNMP OID Catalog,UI,requirements/device-platform/FR-0330-snmp-oid-catalog-ui.md,396
331,FR-0331,Device Platform,SNMP OID Catalog,BACKEND,requirements/device-platform/FR-0331-snmp-oid-catalog-backend.md,378
332,FR-0332,Device Platform,SNMP OID Catalog,API,requirements/device-platform/FR-0332-snmp-oid-catalog-api.md,376
333,FR-0333,Device Platform,SNMP OID Catalog,SECURITY,requirements/device-platform/FR-0333-snmp-oid-catalog-security.md,381
334,FR-0334,Device Platform,SNMP OID Catalog,TEST,requirements/device-platform/FR-0334-snmp-oid-catalog-test.md,369
335,FR-0335,Device Platform,SNMP OID Catalog,EVENT,requirements/device-platform/FR-0335-snmp-oid-catalog-event.md,370
336,FR-0336,Device Platform,SNMP OID Catalog,OPERATIONS,requirements/device-platform/FR-0336-snmp-oid-catalog-operations.md,362
337,FR-0337,Device Platform,Syslog Parsers,UI,requirements/device-platform/FR-0337-syslog-parsers-ui.md,392
338,FR-0338,Device Platform,Syslog Parsers,BACKEND,requirements/device-platform/FR-0338-syslog-parsers-backend.md,375
339,FR-0339,Device Platform,Syslog Parsers,API,requirements/device-platform/FR-0339-syslog-parsers-api.md,373
340,FR-0340,Device Platform,Syslog Parsers,SECURITY,requirements/device-platform/FR-0340-syslog-parsers-security.md,378
341,FR-0341,Device Platform,Syslog Parsers,TEST,requirements/device-platform/FR-0341-syslog-parsers-test.md,366
342,FR-0342,Device Platform,Syslog Parsers,EVENT,requirements/device-platform/FR-0342-syslog-parsers-event.md,367
343,FR-0343,Device Platform,Syslog Parsers,OPERATIONS,requirements/device-platform/FR-0343-syslog-parsers-operations.md,359
344,FR-0344,Device Platform,Trap Mappings,UI,requirements/device-platform/FR-0344-trap-mappings-ui.md,392
345,FR-0345,Device Platform,Trap Mappings,BACKEND,requirements/device-platform/FR-0345-trap-mappings-backend.md,375
346,FR-0346,Device Platform,Trap Mappings,API,requirements/device-platform/FR-0346-trap-mappings-api.md,373
347,FR-0347,Device Platform,Trap Mappings,SECURITY,requirements/device-platform/FR-0347-trap-mappings-security.md,378
348,FR-0348,Device Platform,Trap Mappings,TEST,requirements/device-platform/FR-0348-trap-mappings-test.md,366
349,FR-0349,Device Platform,Trap Mappings,EVENT,requirements/device-platform/FR-0349-trap-mappings-event.md,367
350,FR-0350,Device Platform,Trap Mappings,OPERATIONS,requirements/device-platform/FR-0350-trap-mappings-operations.md,359
351,FR-0351,Device Platform,Backup Templates,UI,requirements/device-platform/FR-0351-backup-templates-ui.md,392
352,FR-0352,Device Platform,Backup Templates,BACKEND,requirements/device-platform/FR-0352-backup-templates-backend.md,375
353,FR-0353,Device Platform,Backup Templates,API,requirements/device-platform/FR-0353-backup-templates-api.md,373
354,FR-0354,Device Platform,Backup Templates,SECURITY,requirements/device-platform/FR-0354-backup-templates-security.md,378
355,FR-0355,Device Platform,Backup Templates,TEST,requirements/device-platform/FR-0355-backup-templates-test.md,366
356,FR-0356,Device Platform,Backup Templates,EVENT,requirements/device-platform/FR-0356-backup-templates-event.md,367
357,FR-0357,Device Platform,Backup Templates,OPERATIONS,requirements/device-platform/FR-0357-backup-templates-operations.md,359
358,FR-0358,Device Platform,Configuration Templates,UI,requirements/device-platform/FR-0358-configuration-templates-ui.md,392
359,FR-0359,Device Platform,Configuration Templates,BACKEND,requirements/device-platform/FR-0359-configuration-templates-backend.md,375
360,FR-0360,Device Platform,Configuration Templates,API,requirements/device-platform/FR-0360-configuration-templates-api.md,373
361,FR-0361,Device Platform,Configuration Templates,SECURITY,requirements/device-platform/FR-0361-configuration-templates-security.md,378
362,FR-0362,Device Platform,Configuration Templates,TEST,requirements/device-platform/FR-0362-configuration-templates-test.md,366
363,FR-0363,Device Platform,Configuration Templates,EVENT,requirements/device-platform/FR-0363-configuration-templates-event.md,367
364,FR-0364,Device Platform,Configuration Templates,OPERATIONS,requirements/device-platform/FR-0364-configuration-templates-operations.md,359
365,FR-0365,Device Platform,Firmware Repository,UI,requirements/device-platform/FR-0365-firmware-repository-ui.md,392
366,FR-0366,Device Platform,Firmware Repository,BACKEND,requirements/device-platform/FR-0366-firmware-repository-backend.md,375
367,FR-0367,Device Platform,Firmware Repository,API,requirements/device-platform/FR-0367-firmware-repository-api.md,373
368,FR-0368,Device Platform,Firmware Repository,SECURITY,requirements/device-platform/FR-0368-firmware-repository-security.md,378
369,FR-0369,Device Platform,Firmware Repository,TEST,requirements/device-platform/FR-0369-firmware-repository-test.md,366
370,FR-0370,Device Platform,Firmware Repository,EVENT,requirements/device-platform/FR-0370-firmware-repository-event.md,367
371,FR-0371,Device Platform,Firmware Repository,OPERATIONS,requirements/device-platform/FR-0371-firmware-repository-operations.md,359
372,FR-0372,Device Platform,Firmware Compatibility,UI,requirements/device-platform/FR-0372-firmware-compatibility-ui.md,392
373,FR-0373,Device Platform,Firmware Compatibility,BACKEND,requirements/device-platform/FR-0373-firmware-compatibility-backend.md,375
374,FR-0374,Device Platform,Firmware Compatibility,API,requirements/device-platform/FR-0374-firmware-compatibility-api.md,373
375,FR-0375,Device Platform,Firmware Compatibility,SECURITY,requirements/device-platform/FR-0375-firmware-compatibility-security.md,378
376,FR-0376,Device Platform,Firmware Compatibility,TEST,requirements/device-platform/FR-0376-firmware-compatibility-test.md,366
377,FR-0377,Device Platform,Firmware Compatibility,EVENT,requirements/device-platform/FR-0377-firmware-compatibility-event.md,367
378,FR-0378,Device Platform,Firmware Compatibility,OPERATIONS,requirements/device-platform/FR-0378-firmware-compatibility-operations.md,359
379,FR-0379,Device Platform,Driver Test Laboratory,UI,requirements/device-platform/FR-0379-driver-test-laboratory-ui.md,396
380,FR-0380,Device Platform,Driver Test Laboratory,BACKEND,requirements/device-platform/FR-0380-driver-test-laboratory-backend.md,378
381,FR-0381,Device Platform,Driver Test Laboratory,API,requirements/device-platform/FR-0381-driver-test-laboratory-api.md,376
382,FR-0382,Device Platform,Driver Test Laboratory,SECURITY,requirements/device-platform/FR-0382-driver-test-laboratory-security.md,381
383,FR-0383,Device Platform,Driver Test Laboratory,TEST,requirements/device-platform/FR-0383-driver-test-laboratory-test.md,369
384,FR-0384,Device Platform,Driver Test Laboratory,EVENT,requirements/device-platform/FR-0384-driver-test-laboratory-event.md,370
385,FR-0385,Device Platform,Driver Test Laboratory,OPERATIONS,requirements/device-platform/FR-0385-driver-test-laboratory-operations.md,362
386,FR-0386,Device Platform,Unknown Device Queue,UI,requirements/device-platform/FR-0386-unknown-device-queue-ui.md,396
387,FR-0387,Device Platform,Unknown Device Queue,BACKEND,requirements/device-platform/FR-0387-unknown-device-queue-backend.md,378
388,FR-0388,Device Platform,Unknown Device Queue,API,requirements/device-platform/FR-0388-unknown-device-queue-api.md,376
389,FR-0389,Device Platform,Unknown Device Queue,SECURITY,requirements/device-platform/FR-0389-unknown-device-queue-security.md,381
390,FR-0390,Device Platform,Unknown Device Queue,TEST,requirements/device-platform/FR-0390-unknown-device-queue-test.md,369
391,FR-0391,Device Platform,Unknown Device Queue,EVENT,requirements/device-platform/FR-0391-unknown-device-queue-event.md,370
392,FR-0392,Device Platform,Unknown Device Queue,OPERATIONS,requirements/device-platform/FR-0392-unknown-device-queue-operations.md,362
393,FR-0393,Device Platform,Tenant Driver Assignment,UI,requirements/device-platform/FR-0393-tenant-driver-assignment-ui.md,396
394,FR-0394,Device Platform,Tenant Driver Assignment,BACKEND,requirements/device-platform/FR-0394-tenant-driver-assignment-backend.md,378
395,FR-0395,Device Platform,Tenant Driver Assignment,API,requirements/device-platform/FR-0395-tenant-driver-assignment-api.md,376
396,FR-0396,Device Platform,Tenant Driver Assignment,SECURITY,requirements/device-platform/FR-0396-tenant-driver-assignment-security.md,381
397,FR-0397,Device Platform,Tenant Driver Assignment,TEST,requirements/device-platform/FR-0397-tenant-driver-assignment-test.md,369
398,FR-0398,Device Platform,Tenant Driver Assignment,EVENT,requirements/device-platform/FR-0398-tenant-driver-assignment-event.md,370
399,FR-0399,Device Platform,Tenant Driver Assignment,OPERATIONS,requirements/device-platform/FR-0399-tenant-driver-assignment-operations.md,362
400,FR-0400,Device Platform,Credential Policies,UI,requirements/device-platform/FR-0400-credential-policies-ui.md,392
401,FR-0401,Device Platform,Credential Policies,BACKEND,requirements/device-platform/FR-0401-credential-policies-backend.md,375
402,FR-0402,Device Platform,Credential Policies,API,requirements/device-platform/FR-0402-credential-policies-api.md,373
403,FR-0403,Device Platform,Credential Policies,SECURITY,requirements/device-platform/FR-0403-credential-policies-security.md,378
404,FR-0404,Device Platform,Credential Policies,TEST,requirements/device-platform/FR-0404-credential-policies-test.md,366
405,FR-0405,Device Platform,Credential Policies,EVENT,requirements/device-platform/FR-0405-credential-policies-event.md,367
406,FR-0406,Device Platform,Credential Policies,OPERATIONS,requirements/device-platform/FR-0406-credential-policies-operations.md,359
407,FR-0407,Device Platform,Secret References,UI,requirements/device-platform/FR-0407-secret-references-ui.md,392
408,FR-0408,Device Platform,Secret References,BACKEND,requirements/device-platform/FR-0408-secret-references-backend.md,375
409,FR-0409,Device Platform,Secret References,API,requirements/device-platform/FR-0409-secret-references-api.md,373
410,FR-0410,Device Platform,Secret References,SECURITY,requirements/device-platform/FR-0410-secret-references-security.md,378
411,FR-0411,Device Platform,Secret References,TEST,requirements/device-platform/FR-0411-secret-references-test.md,366
412,FR-0412,Device Platform,Secret References,EVENT,requirements/device-platform/FR-0412-secret-references-event.md,367
413,FR-0413,Device Platform,Secret References,OPERATIONS,requirements/device-platform/FR-0413-secret-references-operations.md,359
414,FR-0414,Device Platform,Read-only Capability,UI,requirements/device-platform/FR-0414-read-only-capability-ui.md,392
415,FR-0415,Device Platform,Read-only Capability,BACKEND,requirements/device-platform/FR-0415-read-only-capability-backend.md,375
416,FR-0416,Device Platform,Read-only Capability,API,requirements/device-platform/FR-0416-read-only-capability-api.md,373
417,FR-0417,Device Platform,Read-only Capability,SECURITY,requirements/device-platform/FR-0417-read-only-capability-security.md,378
418,FR-0418,Device Platform,Read-only Capability,TEST,requirements/device-platform/FR-0418-read-only-capability-test.md,366
419,FR-0419,Device Platform,Read-only Capability,EVENT,requirements/device-platform/FR-0419-read-only-capability-event.md,367
420,FR-0420,Device Platform,Read-only Capability,OPERATIONS,requirements/device-platform/FR-0420-read-only-capability-operations.md,359
421,FR-0421,Device Platform,Write Capability,UI,requirements/device-platform/FR-0421-write-capability-ui.md,392
422,FR-0422,Device Platform,Write Capability,BACKEND,requirements/device-platform/FR-0422-write-capability-backend.md,375
423,FR-0423,Device Platform,Write Capability,API,requirements/device-platform/FR-0423-write-capability-api.md,373
424,FR-0424,Device Platform,Write Capability,SECURITY,requirements/device-platform/FR-0424-write-capability-security.md,378
425,FR-0425,Device Platform,Write Capability,TEST,requirements/device-platform/FR-0425-write-capability-test.md,366
426,FR-0426,Device Platform,Write Capability,EVENT,requirements/device-platform/FR-0426-write-capability-event.md,367
427,FR-0427,Device Platform,Write Capability,OPERATIONS,requirements/device-platform/FR-0427-write-capability-operations.md,359
428,FR-0428,Device Platform,Configuration Risk Levels,UI,requirements/device-platform/FR-0428-configuration-risk-levels-ui.md,396
429,FR-0429,Device Platform,Configuration Risk Levels,BACKEND,requirements/device-platform/FR-0429-configuration-risk-levels-backend.md,378
430,FR-0430,Device Platform,Configuration Risk Levels,API,requirements/device-platform/FR-0430-configuration-risk-levels-api.md,376
431,FR-0431,Device Platform,Configuration Risk Levels,SECURITY,requirements/device-platform/FR-0431-configuration-risk-levels-security.md,381
432,FR-0432,Device Platform,Configuration Risk Levels,TEST,requirements/device-platform/FR-0432-configuration-risk-levels-test.md,369
433,FR-0433,Device Platform,Configuration Risk Levels,EVENT,requirements/device-platform/FR-0433-configuration-risk-levels-event.md,370
434,FR-0434,Device Platform,Configuration Risk Levels,OPERATIONS,requirements/device-platform/FR-0434-configuration-risk-levels-operations.md,362
435,FR-0435,Device Platform,Device Discovery,UI,requirements/device-platform/FR-0435-device-discovery-ui.md,392
436,FR-0436,Device Platform,Device Discovery,BACKEND,requirements/device-platform/FR-0436-device-discovery-backend.md,375
437,FR-0437,Device Platform,Device Discovery,API,requirements/device-platform/FR-0437-device-discovery-api.md,373
438,FR-0438,Device Platform,Device Discovery,SECURITY,requirements/device-platform/FR-0438-device-discovery-security.md,378
439,FR-0439,Device Platform,Device Discovery,TEST,requirements/device-platform/FR-0439-device-discovery-test.md,366
440,FR-0440,Device Platform,Device Discovery,EVENT,requirements/device-platform/FR-0440-device-discovery-event.md,367
441,FR-0441,Device Platform,Device Discovery,OPERATIONS,requirements/device-platform/FR-0441-device-discovery-operations.md,359
442,FR-0442,Device Platform,Inventory Reconciliation,UI,requirements/device-platform/FR-0442-inventory-reconciliation-ui.md,392
443,FR-0443,Device Platform,Inventory Reconciliation,BACKEND,requirements/device-platform/FR-0443-inventory-reconciliation-backend.md,375
444,FR-0444,Device Platform,Inventory Reconciliation,API,requirements/device-platform/FR-0444-inventory-reconciliation-api.md,373
445,FR-0445,Device Platform,Inventory Reconciliation,SECURITY,requirements/device-platform/FR-0445-inventory-reconciliation-security.md,378
446,FR-0446,Device Platform,Inventory Reconciliation,TEST,requirements/device-platform/FR-0446-inventory-reconciliation-test.md,366
447,FR-0447,Device Platform,Inventory Reconciliation,EVENT,requirements/device-platform/FR-0447-inventory-reconciliation-event.md,367
448,FR-0448,Device Platform,Inventory Reconciliation,OPERATIONS,requirements/device-platform/FR-0448-inventory-reconciliation-operations.md,359
449,FR-0449,Device Platform,Lifecycle Management,UI,requirements/device-platform/FR-0449-lifecycle-management-ui.md,392
450,FR-0450,Device Platform,Lifecycle Management,BACKEND,requirements/device-platform/FR-0450-lifecycle-management-backend.md,375
451,FR-0451,Device Platform,Lifecycle Management,API,requirements/device-platform/FR-0451-lifecycle-management-api.md,373
452,FR-0452,Device Platform,Lifecycle Management,SECURITY,requirements/device-platform/FR-0452-lifecycle-management-security.md,378
453,FR-0453,Device Platform,Lifecycle Management,TEST,requirements/device-platform/FR-0453-lifecycle-management-test.md,366
454,FR-0454,Device Platform,Lifecycle Management,EVENT,requirements/device-platform/FR-0454-lifecycle-management-event.md,367
455,FR-0455,Device Platform,Lifecycle Management,OPERATIONS,requirements/device-platform/FR-0455-lifecycle-management-operations.md,359
456,FR-0456,OLT Platform,OLT Vendors,UI,requirements/olt-platform/FR-0456-olt-vendors-ui.md,394
457,FR-0457,OLT Platform,OLT Vendors,BACKEND,requirements/olt-platform/FR-0457-olt-vendors-backend.md,379
458,FR-0458,OLT Platform,OLT Vendors,API,requirements/olt-platform/FR-0458-olt-vendors-api.md,376
459,FR-0459,OLT Platform,OLT Vendors,SECURITY,requirements/olt-platform/FR-0459-olt-vendors-security.md,381
460,FR-0460,OLT Platform,OLT Vendors,TEST,requirements/olt-platform/FR-0460-olt-vendors-test.md,369
461,FR-0461,OLT Platform,OLT Vendors,EVENT,requirements/olt-platform/FR-0461-olt-vendors-event.md,370
462,FR-0462,OLT Platform,OLT Vendors,OPERATIONS,requirements/olt-platform/FR-0462-olt-vendors-operations.md,362
463,FR-0463,OLT Platform,OLT Models,UI,requirements/olt-platform/FR-0463-olt-models-ui.md,394
464,FR-0464,OLT Platform,OLT Models,BACKEND,requirements/olt-platform/FR-0464-olt-models-backend.md,379
465,FR-0465,OLT Platform,OLT Models,API,requirements/olt-platform/FR-0465-olt-models-api.md,376
466,FR-0466,OLT Platform,OLT Models,SECURITY,requirements/olt-platform/FR-0466-olt-models-security.md,381
467,FR-0467,OLT Platform,OLT Models,TEST,requirements/olt-platform/FR-0467-olt-models-test.md,369
468,FR-0468,OLT Platform,OLT Models,EVENT,requirements/olt-platform/FR-0468-olt-models-event.md,370
469,FR-0469,OLT Platform,OLT Models,OPERATIONS,requirements/olt-platform/FR-0469-olt-models-operations.md,362
470,FR-0470,OLT Platform,Chassis Templates,UI,requirements/olt-platform/FR-0470-chassis-templates-ui.md,394
471,FR-0471,OLT Platform,Chassis Templates,BACKEND,requirements/olt-platform/FR-0471-chassis-templates-backend.md,379
472,FR-0472,OLT Platform,Chassis Templates,API,requirements/olt-platform/FR-0472-chassis-templates-api.md,376
473,FR-0473,OLT Platform,Chassis Templates,SECURITY,requirements/olt-platform/FR-0473-chassis-templates-security.md,381
474,FR-0474,OLT Platform,Chassis Templates,TEST,requirements/olt-platform/FR-0474-chassis-templates-test.md,369
475,FR-0475,OLT Platform,Chassis Templates,EVENT,requirements/olt-platform/FR-0475-chassis-templates-event.md,370
476,FR-0476,OLT Platform,Chassis Templates,OPERATIONS,requirements/olt-platform/FR-0476-chassis-templates-operations.md,362
477,FR-0477,OLT Platform,Board Templates,UI,requirements/olt-platform/FR-0477-board-templates-ui.md,394
478,FR-0478,OLT Platform,Board Templates,BACKEND,requirements/olt-platform/FR-0478-board-templates-backend.md,379
479,FR-0479,OLT Platform,Board Templates,API,requirements/olt-platform/FR-0479-board-templates-api.md,376
480,FR-0480,OLT Platform,Board Templates,SECURITY,requirements/olt-platform/FR-0480-board-templates-security.md,381
481,FR-0481,OLT Platform,Board Templates,TEST,requirements/olt-platform/FR-0481-board-templates-test.md,369
482,FR-0482,OLT Platform,Board Templates,EVENT,requirements/olt-platform/FR-0482-board-templates-event.md,370
483,FR-0483,OLT Platform,Board Templates,OPERATIONS,requirements/olt-platform/FR-0483-board-templates-operations.md,362
484,FR-0484,OLT Platform,Slot Rules,UI,requirements/olt-platform/FR-0484-slot-rules-ui.md,394
485,FR-0485,OLT Platform,Slot Rules,BACKEND,requirements/olt-platform/FR-0485-slot-rules-backend.md,379
486,FR-0486,OLT Platform,Slot Rules,API,requirements/olt-platform/FR-0486-slot-rules-api.md,376
487,FR-0487,OLT Platform,Slot Rules,SECURITY,requirements/olt-platform/FR-0487-slot-rules-security.md,381
488,FR-0488,OLT Platform,Slot Rules,TEST,requirements/olt-platform/FR-0488-slot-rules-test.md,369
489,FR-0489,OLT Platform,Slot Rules,EVENT,requirements/olt-platform/FR-0489-slot-rules-event.md,370
490,FR-0490,OLT Platform,Slot Rules,OPERATIONS,requirements/olt-platform/FR-0490-slot-rules-operations.md,362
491,FR-0491,OLT Platform,PON Technologies,UI,requirements/olt-platform/FR-0491-pon-technologies-ui.md,394
492,FR-0492,OLT Platform,PON Technologies,BACKEND,requirements/olt-platform/FR-0492-pon-technologies-backend.md,379
493,FR-0493,OLT Platform,PON Technologies,API,requirements/olt-platform/FR-0493-pon-technologies-api.md,376
494,FR-0494,OLT Platform,PON Technologies,SECURITY,requirements/olt-platform/FR-0494-pon-technologies-security.md,381
495,FR-0495,OLT Platform,PON Technologies,TEST,requirements/olt-platform/FR-0495-pon-technologies-test.md,369
496,FR-0496,OLT Platform,PON Technologies,EVENT,requirements/olt-platform/FR-0496-pon-technologies-event.md,370
497,FR-0497,OLT Platform,PON Technologies,OPERATIONS,requirements/olt-platform/FR-0497-pon-technologies-operations.md,362
498,FR-0498,OLT Platform,PON Port Models,UI,requirements/olt-platform/FR-0498-pon-port-models-ui.md,398
499,FR-0499,OLT Platform,PON Port Models,BACKEND,requirements/olt-platform/FR-0499-pon-port-models-backend.md,382
500,FR-0500,OLT Platform,PON Port Models,API,requirements/olt-platform/FR-0500-pon-port-models-api.md,379
501,FR-0501,OLT Platform,PON Port Models,SECURITY,requirements/olt-platform/FR-0501-pon-port-models-security.md,384
502,FR-0502,OLT Platform,PON Port Models,TEST,requirements/olt-platform/FR-0502-pon-port-models-test.md,372
503,FR-0503,OLT Platform,PON Port Models,EVENT,requirements/olt-platform/FR-0503-pon-port-models-event.md,373
504,FR-0504,OLT Platform,PON Port Models,OPERATIONS,requirements/olt-platform/FR-0504-pon-port-models-operations.md,365
505,FR-0505,OLT Platform,Optical Profiles,UI,requirements/olt-platform/FR-0505-optical-profiles-ui.md,394
506,FR-0506,OLT Platform,Optical Profiles,BACKEND,requirements/olt-platform/FR-0506-optical-profiles-backend.md,379
507,FR-0507,OLT Platform,Optical Profiles,API,requirements/olt-platform/FR-0507-optical-profiles-api.md,376
508,FR-0508,OLT Platform,Optical Profiles,SECURITY,requirements/olt-platform/FR-0508-optical-profiles-security.md,381
509,FR-0509,OLT Platform,Optical Profiles,TEST,requirements/olt-platform/FR-0509-optical-profiles-test.md,369
510,FR-0510,OLT Platform,Optical Profiles,EVENT,requirements/olt-platform/FR-0510-optical-profiles-event.md,370
511,FR-0511,OLT Platform,Optical Profiles,OPERATIONS,requirements/olt-platform/FR-0511-optical-profiles-operations.md,362
512,FR-0512,OLT Platform,ONU Authentication Methods,UI,requirements/olt-platform/FR-0512-onu-authentication-methods-ui.md,398
513,FR-0513,OLT Platform,ONU Authentication Methods,BACKEND,requirements/olt-platform/FR-0513-onu-authentication-methods-backend.md,382
514,FR-0514,OLT Platform,ONU Authentication Methods,API,requirements/olt-platform/FR-0514-onu-authentication-methods-api.md,379
515,FR-0515,OLT Platform,ONU Authentication Methods,SECURITY,requirements/olt-platform/FR-0515-onu-authentication-methods-security.md,384
516,FR-0516,OLT Platform,ONU Authentication Methods,TEST,requirements/olt-platform/FR-0516-onu-authentication-methods-test.md,372
517,FR-0517,OLT Platform,ONU Authentication Methods,EVENT,requirements/olt-platform/FR-0517-onu-authentication-methods-event.md,373
518,FR-0518,OLT Platform,ONU Authentication Methods,OPERATIONS,requirements/olt-platform/FR-0518-onu-authentication-methods-operations.md,365
519,FR-0519,OLT Platform,Line Profiles,UI,requirements/olt-platform/FR-0519-line-profiles-ui.md,394
520,FR-0520,OLT Platform,Line Profiles,BACKEND,requirements/olt-platform/FR-0520-line-profiles-backend.md,379
521,FR-0521,OLT Platform,Line Profiles,API,requirements/olt-platform/FR-0521-line-profiles-api.md,376
522,FR-0522,OLT Platform,Line Profiles,SECURITY,requirements/olt-platform/FR-0522-line-profiles-security.md,381
523,FR-0523,OLT Platform,Line Profiles,TEST,requirements/olt-platform/FR-0523-line-profiles-test.md,369
524,FR-0524,OLT Platform,Line Profiles,EVENT,requirements/olt-platform/FR-0524-line-profiles-event.md,370
525,FR-0525,OLT Platform,Line Profiles,OPERATIONS,requirements/olt-platform/FR-0525-line-profiles-operations.md,362
526,FR-0526,OLT Platform,Service Profiles,UI,requirements/olt-platform/FR-0526-service-profiles-ui.md,394
527,FR-0527,OLT Platform,Service Profiles,BACKEND,requirements/olt-platform/FR-0527-service-profiles-backend.md,379
528,FR-0528,OLT Platform,Service Profiles,API,requirements/olt-platform/FR-0528-service-profiles-api.md,376
529,FR-0529,OLT Platform,Service Profiles,SECURITY,requirements/olt-platform/FR-0529-service-profiles-security.md,381
530,FR-0530,OLT Platform,Service Profiles,TEST,requirements/olt-platform/FR-0530-service-profiles-test.md,369
531,FR-0531,OLT Platform,Service Profiles,EVENT,requirements/olt-platform/FR-0531-service-profiles-event.md,370
532,FR-0532,OLT Platform,Service Profiles,OPERATIONS,requirements/olt-platform/FR-0532-service-profiles-operations.md,362
533,FR-0533,OLT Platform,DBA Profiles,UI,requirements/olt-platform/FR-0533-dba-profiles-ui.md,394
534,FR-0534,OLT Platform,DBA Profiles,BACKEND,requirements/olt-platform/FR-0534-dba-profiles-backend.md,379
535,FR-0535,OLT Platform,DBA Profiles,API,requirements/olt-platform/FR-0535-dba-profiles-api.md,376
536,FR-0536,OLT Platform,DBA Profiles,SECURITY,requirements/olt-platform/FR-0536-dba-profiles-security.md,381
537,FR-0537,OLT Platform,DBA Profiles,TEST,requirements/olt-platform/FR-0537-dba-profiles-test.md,369
538,FR-0538,OLT Platform,DBA Profiles,EVENT,requirements/olt-platform/FR-0538-dba-profiles-event.md,370
539,FR-0539,OLT Platform,DBA Profiles,OPERATIONS,requirements/olt-platform/FR-0539-dba-profiles-operations.md,362
540,FR-0540,OLT Platform,T-CONT Templates,UI,requirements/olt-platform/FR-0540-t-cont-templates-ui.md,394
541,FR-0541,OLT Platform,T-CONT Templates,BACKEND,requirements/olt-platform/FR-0541-t-cont-templates-backend.md,379
542,FR-0542,OLT Platform,T-CONT Templates,API,requirements/olt-platform/FR-0542-t-cont-templates-api.md,376
543,FR-0543,OLT Platform,T-CONT Templates,SECURITY,requirements/olt-platform/FR-0543-t-cont-templates-security.md,381
544,FR-0544,OLT Platform,T-CONT Templates,TEST,requirements/olt-platform/FR-0544-t-cont-templates-test.md,369
545,FR-0545,OLT Platform,T-CONT Templates,EVENT,requirements/olt-platform/FR-0545-t-cont-templates-event.md,370
546,FR-0546,OLT Platform,T-CONT Templates,OPERATIONS,requirements/olt-platform/FR-0546-t-cont-templates-operations.md,362
547,FR-0547,OLT Platform,GEM Templates,UI,requirements/olt-platform/FR-0547-gem-templates-ui.md,394
548,FR-0548,OLT Platform,GEM Templates,BACKEND,requirements/olt-platform/FR-0548-gem-templates-backend.md,379
549,FR-0549,OLT Platform,GEM Templates,API,requirements/olt-platform/FR-0549-gem-templates-api.md,376
550,FR-0550,OLT Platform,GEM Templates,SECURITY,requirements/olt-platform/FR-0550-gem-templates-security.md,381
551,FR-0551,OLT Platform,GEM Templates,TEST,requirements/olt-platform/FR-0551-gem-templates-test.md,369
552,FR-0552,OLT Platform,GEM Templates,EVENT,requirements/olt-platform/FR-0552-gem-templates-event.md,370
553,FR-0553,OLT Platform,GEM Templates,OPERATIONS,requirements/olt-platform/FR-0553-gem-templates-operations.md,362
554,FR-0554,OLT Platform,VLAN Templates,UI,requirements/olt-platform/FR-0554-vlan-templates-ui.md,394
555,FR-0555,OLT Platform,VLAN Templates,BACKEND,requirements/olt-platform/FR-0555-vlan-templates-backend.md,379
556,FR-0556,OLT Platform,VLAN Templates,API,requirements/olt-platform/FR-0556-vlan-templates-api.md,376
557,FR-0557,OLT Platform,VLAN Templates,SECURITY,requirements/olt-platform/FR-0557-vlan-templates-security.md,381
558,FR-0558,OLT Platform,VLAN Templates,TEST,requirements/olt-platform/FR-0558-vlan-templates-test.md,369
559,FR-0559,OLT Platform,VLAN Templates,EVENT,requirements/olt-platform/FR-0559-vlan-templates-event.md,370
560,FR-0560,OLT Platform,VLAN Templates,OPERATIONS,requirements/olt-platform/FR-0560-vlan-templates-operations.md,362
561,FR-0561,OLT Platform,Service Port Templates,UI,requirements/olt-platform/FR-0561-service-port-templates-ui.md,398
562,FR-0562,OLT Platform,Service Port Templates,BACKEND,requirements/olt-platform/FR-0562-service-port-templates-backend.md,382
563,FR-0563,OLT Platform,Service Port Templates,API,requirements/olt-platform/FR-0563-service-port-templates-api.md,379
564,FR-0564,OLT Platform,Service Port Templates,SECURITY,requirements/olt-platform/FR-0564-service-port-templates-security.md,384
565,FR-0565,OLT Platform,Service Port Templates,TEST,requirements/olt-platform/FR-0565-service-port-templates-test.md,372
566,FR-0566,OLT Platform,Service Port Templates,EVENT,requirements/olt-platform/FR-0566-service-port-templates-event.md,373
567,FR-0567,OLT Platform,Service Port Templates,OPERATIONS,requirements/olt-platform/FR-0567-service-port-templates-operations.md,365
568,FR-0568,OLT Platform,OMCI Profiles,UI,requirements/olt-platform/FR-0568-omci-profiles-ui.md,394
569,FR-0569,OLT Platform,OMCI Profiles,BACKEND,requirements/olt-platform/FR-0569-omci-profiles-backend.md,379
570,FR-0570,OLT Platform,OMCI Profiles,API,requirements/olt-platform/FR-0570-omci-profiles-api.md,376
571,FR-0571,OLT Platform,OMCI Profiles,SECURITY,requirements/olt-platform/FR-0571-omci-profiles-security.md,381
572,FR-0572,OLT Platform,OMCI Profiles,TEST,requirements/olt-platform/FR-0572-omci-profiles-test.md,369
573,FR-0573,OLT Platform,OMCI Profiles,EVENT,requirements/olt-platform/FR-0573-omci-profiles-event.md,370
574,FR-0574,OLT Platform,OMCI Profiles,OPERATIONS,requirements/olt-platform/FR-0574-omci-profiles-operations.md,362
575,FR-0575,OLT Platform,OLT TR-069 Profiles,UI,requirements/olt-platform/FR-0575-olt-tr-069-profiles-ui.md,398
576,FR-0576,OLT Platform,OLT TR-069 Profiles,BACKEND,requirements/olt-platform/FR-0576-olt-tr-069-profiles-backend.md,382
577,FR-0577,OLT Platform,OLT TR-069 Profiles,API,requirements/olt-platform/FR-0577-olt-tr-069-profiles-api.md,379
578,FR-0578,OLT Platform,OLT TR-069 Profiles,SECURITY,requirements/olt-platform/FR-0578-olt-tr-069-profiles-security.md,384
579,FR-0579,OLT Platform,OLT TR-069 Profiles,TEST,requirements/olt-platform/FR-0579-olt-tr-069-profiles-test.md,372
580,FR-0580,OLT Platform,OLT TR-069 Profiles,EVENT,requirements/olt-platform/FR-0580-olt-tr-069-profiles-event.md,373
581,FR-0581,OLT Platform,OLT TR-069 Profiles,OPERATIONS,requirements/olt-platform/FR-0581-olt-tr-069-profiles-operations.md,365
582,FR-0582,OLT Platform,Registration Workflows,UI,requirements/olt-platform/FR-0582-registration-workflows-ui.md,394
583,FR-0583,OLT Platform,Registration Workflows,BACKEND,requirements/olt-platform/FR-0583-registration-workflows-backend.md,379
584,FR-0584,OLT Platform,Registration Workflows,API,requirements/olt-platform/FR-0584-registration-workflows-api.md,376
585,FR-0585,OLT Platform,Registration Workflows,SECURITY,requirements/olt-platform/FR-0585-registration-workflows-security.md,381
586,FR-0586,OLT Platform,Registration Workflows,TEST,requirements/olt-platform/FR-0586-registration-workflows-test.md,369
587,FR-0587,OLT Platform,Registration Workflows,EVENT,requirements/olt-platform/FR-0587-registration-workflows-event.md,370
588,FR-0588,OLT Platform,Registration Workflows,OPERATIONS,requirements/olt-platform/FR-0588-registration-workflows-operations.md,362
589,FR-0589,OLT Platform,Polling Templates,UI,requirements/olt-platform/FR-0589-polling-templates-ui.md,394
590,FR-0590,OLT Platform,Polling Templates,BACKEND,requirements/olt-platform/FR-0590-polling-templates-backend.md,379
591,FR-0591,OLT Platform,Polling Templates,API,requirements/olt-platform/FR-0591-polling-templates-api.md,376
592,FR-0592,OLT Platform,Polling Templates,SECURITY,requirements/olt-platform/FR-0592-polling-templates-security.md,381
593,FR-0593,OLT Platform,Polling Templates,TEST,requirements/olt-platform/FR-0593-polling-templates-test.md,369
594,FR-0594,OLT Platform,Polling Templates,EVENT,requirements/olt-platform/FR-0594-polling-templates-event.md,370
595,FR-0595,OLT Platform,Polling Templates,OPERATIONS,requirements/olt-platform/FR-0595-polling-templates-operations.md,362
596,FR-0596,OLT Platform,Alarm Definitions,UI,requirements/olt-platform/FR-0596-alarm-definitions-ui.md,394
597,FR-0597,OLT Platform,Alarm Definitions,BACKEND,requirements/olt-platform/FR-0597-alarm-definitions-backend.md,379
598,FR-0598,OLT Platform,Alarm Definitions,API,requirements/olt-platform/FR-0598-alarm-definitions-api.md,376
599,FR-0599,OLT Platform,Alarm Definitions,SECURITY,requirements/olt-platform/FR-0599-alarm-definitions-security.md,381
600,FR-0600,OLT Platform,Alarm Definitions,TEST,requirements/olt-platform/FR-0600-alarm-definitions-test.md,369
601,FR-0601,OLT Platform,Alarm Definitions,EVENT,requirements/olt-platform/FR-0601-alarm-definitions-event.md,370
602,FR-0602,OLT Platform,Alarm Definitions,OPERATIONS,requirements/olt-platform/FR-0602-alarm-definitions-operations.md,362
603,FR-0603,OLT Platform,Provisioning Commands,UI,requirements/olt-platform/FR-0603-provisioning-commands-ui.md,394
604,FR-0604,OLT Platform,Provisioning Commands,BACKEND,requirements/olt-platform/FR-0604-provisioning-commands-backend.md,379
605,FR-0605,OLT Platform,Provisioning Commands,API,requirements/olt-platform/FR-0605-provisioning-commands-api.md,376
606,FR-0606,OLT Platform,Provisioning Commands,SECURITY,requirements/olt-platform/FR-0606-provisioning-commands-security.md,381
607,FR-0607,OLT Platform,Provisioning Commands,TEST,requirements/olt-platform/FR-0607-provisioning-commands-test.md,369
608,FR-0608,OLT Platform,Provisioning Commands,EVENT,requirements/olt-platform/FR-0608-provisioning-commands-event.md,370
609,FR-0609,OLT Platform,Provisioning Commands,OPERATIONS,requirements/olt-platform/FR-0609-provisioning-commands-operations.md,362
610,FR-0610,OLT Platform,OLT Discovery,UI,requirements/olt-platform/FR-0610-olt-discovery-ui.md,394
611,FR-0611,OLT Platform,OLT Discovery,BACKEND,requirements/olt-platform/FR-0611-olt-discovery-backend.md,379
612,FR-0612,OLT Platform,OLT Discovery,API,requirements/olt-platform/FR-0612-olt-discovery-api.md,376
613,FR-0613,OLT Platform,OLT Discovery,SECURITY,requirements/olt-platform/FR-0613-olt-discovery-security.md,381
614,FR-0614,OLT Platform,OLT Discovery,TEST,requirements/olt-platform/FR-0614-olt-discovery-test.md,369
615,FR-0615,OLT Platform,OLT Discovery,EVENT,requirements/olt-platform/FR-0615-olt-discovery-event.md,370
616,FR-0616,OLT Platform,OLT Discovery,OPERATIONS,requirements/olt-platform/FR-0616-olt-discovery-operations.md,362
617,FR-0617,OLT Platform,Board Discovery,UI,requirements/olt-platform/FR-0617-board-discovery-ui.md,394
618,FR-0618,OLT Platform,Board Discovery,BACKEND,requirements/olt-platform/FR-0618-board-discovery-backend.md,379
619,FR-0619,OLT Platform,Board Discovery,API,requirements/olt-platform/FR-0619-board-discovery-api.md,376
620,FR-0620,OLT Platform,Board Discovery,SECURITY,requirements/olt-platform/FR-0620-board-discovery-security.md,381
621,FR-0621,OLT Platform,Board Discovery,TEST,requirements/olt-platform/FR-0621-board-discovery-test.md,369
622,FR-0622,OLT Platform,Board Discovery,EVENT,requirements/olt-platform/FR-0622-board-discovery-event.md,370
623,FR-0623,OLT Platform,Board Discovery,OPERATIONS,requirements/olt-platform/FR-0623-board-discovery-operations.md,362
624,FR-0624,OLT Platform,PON Discovery,UI,requirements/olt-platform/FR-0624-pon-discovery-ui.md,394
625,FR-0625,OLT Platform,PON Discovery,BACKEND,requirements/olt-platform/FR-0625-pon-discovery-backend.md,379
626,FR-0626,OLT Platform,PON Discovery,API,requirements/olt-platform/FR-0626-pon-discovery-api.md,376
627,FR-0627,OLT Platform,PON Discovery,SECURITY,requirements/olt-platform/FR-0627-pon-discovery-security.md,381
628,FR-0628,OLT Platform,PON Discovery,TEST,requirements/olt-platform/FR-0628-pon-discovery-test.md,369
629,FR-0629,OLT Platform,PON Discovery,EVENT,requirements/olt-platform/FR-0629-pon-discovery-event.md,370
630,FR-0630,OLT Platform,PON Discovery,OPERATIONS,requirements/olt-platform/FR-0630-pon-discovery-operations.md,362
631,FR-0631,OLT Platform,Configuration Backup,UI,requirements/olt-platform/FR-0631-configuration-backup-ui.md,394
632,FR-0632,OLT Platform,Configuration Backup,BACKEND,requirements/olt-platform/FR-0632-configuration-backup-backend.md,379
633,FR-0633,OLT Platform,Configuration Backup,API,requirements/olt-platform/FR-0633-configuration-backup-api.md,376
634,FR-0634,OLT Platform,Configuration Backup,SECURITY,requirements/olt-platform/FR-0634-configuration-backup-security.md,381
635,FR-0635,OLT Platform,Configuration Backup,TEST,requirements/olt-platform/FR-0635-configuration-backup-test.md,369
636,FR-0636,OLT Platform,Configuration Backup,EVENT,requirements/olt-platform/FR-0636-configuration-backup-event.md,370
637,FR-0637,OLT Platform,Configuration Backup,OPERATIONS,requirements/olt-platform/FR-0637-configuration-backup-operations.md,362
638,FR-0638,OLT Platform,Configuration Diff,UI,requirements/olt-platform/FR-0638-configuration-diff-ui.md,394
639,FR-0639,OLT Platform,Configuration Diff,BACKEND,requirements/olt-platform/FR-0639-configuration-diff-backend.md,379
640,FR-0640,OLT Platform,Configuration Diff,API,requirements/olt-platform/FR-0640-configuration-diff-api.md,376
641,FR-0641,OLT Platform,Configuration Diff,SECURITY,requirements/olt-platform/FR-0641-configuration-diff-security.md,381
642,FR-0642,OLT Platform,Configuration Diff,TEST,requirements/olt-platform/FR-0642-configuration-diff-test.md,369
643,FR-0643,OLT Platform,Configuration Diff,EVENT,requirements/olt-platform/FR-0643-configuration-diff-event.md,370
644,FR-0644,OLT Platform,Configuration Diff,OPERATIONS,requirements/olt-platform/FR-0644-configuration-diff-operations.md,362
645,FR-0645,OLT Platform,Firmware Compatibility,UI,requirements/olt-platform/FR-0645-firmware-compatibility-ui.md,394
646,FR-0646,OLT Platform,Firmware Compatibility,BACKEND,requirements/olt-platform/FR-0646-firmware-compatibility-backend.md,379
647,FR-0647,OLT Platform,Firmware Compatibility,API,requirements/olt-platform/FR-0647-firmware-compatibility-api.md,376
648,FR-0648,OLT Platform,Firmware Compatibility,SECURITY,requirements/olt-platform/FR-0648-firmware-compatibility-security.md,381
649,FR-0649,OLT Platform,Firmware Compatibility,TEST,requirements/olt-platform/FR-0649-firmware-compatibility-test.md,369
650,FR-0650,OLT Platform,Firmware Compatibility,EVENT,requirements/olt-platform/FR-0650-firmware-compatibility-event.md,370
651,FR-0651,OLT Platform,Firmware Compatibility,OPERATIONS,requirements/olt-platform/FR-0651-firmware-compatibility-operations.md,362
652,FR-0652,OLT Platform,Optical Thresholds,UI,requirements/olt-platform/FR-0652-optical-thresholds-ui.md,394
653,FR-0653,OLT Platform,Optical Thresholds,BACKEND,requirements/olt-platform/FR-0653-optical-thresholds-backend.md,379
654,FR-0654,OLT Platform,Optical Thresholds,API,requirements/olt-platform/FR-0654-optical-thresholds-api.md,376
655,FR-0655,OLT Platform,Optical Thresholds,SECURITY,requirements/olt-platform/FR-0655-optical-thresholds-security.md,381
656,FR-0656,OLT Platform,Optical Thresholds,TEST,requirements/olt-platform/FR-0656-optical-thresholds-test.md,369
657,FR-0657,OLT Platform,Optical Thresholds,EVENT,requirements/olt-platform/FR-0657-optical-thresholds-event.md,370
658,FR-0658,OLT Platform,Optical Thresholds,OPERATIONS,requirements/olt-platform/FR-0658-optical-thresholds-operations.md,362
659,FR-0659,OLT Platform,OLT Performance,UI,requirements/olt-platform/FR-0659-olt-performance-ui.md,394
660,FR-0660,OLT Platform,OLT Performance,BACKEND,requirements/olt-platform/FR-0660-olt-performance-backend.md,379
661,FR-0661,OLT Platform,OLT Performance,API,requirements/olt-platform/FR-0661-olt-performance-api.md,376
662,FR-0662,OLT Platform,OLT Performance,SECURITY,requirements/olt-platform/FR-0662-olt-performance-security.md,381
663,FR-0663,OLT Platform,OLT Performance,TEST,requirements/olt-platform/FR-0663-olt-performance-test.md,369
664,FR-0664,OLT Platform,OLT Performance,EVENT,requirements/olt-platform/FR-0664-olt-performance-event.md,370
665,FR-0665,OLT Platform,OLT Performance,OPERATIONS,requirements/olt-platform/FR-0665-olt-performance-operations.md,362
666,FR-0666,ONT / ONU Platform,ONT Vendors,UI,requirements/ont-onu-platform/FR-0666-ont-vendors-ui.md,399
667,FR-0667,ONT / ONU Platform,ONT Vendors,BACKEND,requirements/ont-onu-platform/FR-0667-ont-vendors-backend.md,378
668,FR-0668,ONT / ONU Platform,ONT Vendors,API,requirements/ont-onu-platform/FR-0668-ont-vendors-api.md,377
669,FR-0669,ONT / ONU Platform,ONT Vendors,SECURITY,requirements/ont-onu-platform/FR-0669-ont-vendors-security.md,382
670,FR-0670,ONT / ONU Platform,ONT Vendors,TEST,requirements/ont-onu-platform/FR-0670-ont-vendors-test.md,370
671,FR-0671,ONT / ONU Platform,ONT Vendors,EVENT,requirements/ont-onu-platform/FR-0671-ont-vendors-event.md,371
672,FR-0672,ONT / ONU Platform,ONT Vendors,OPERATIONS,requirements/ont-onu-platform/FR-0672-ont-vendors-operations.md,363
673,FR-0673,ONT / ONU Platform,ONT Models,UI,requirements/ont-onu-platform/FR-0673-ont-models-ui.md,399
674,FR-0674,ONT / ONU Platform,ONT Models,BACKEND,requirements/ont-onu-platform/FR-0674-ont-models-backend.md,378
675,FR-0675,ONT / ONU Platform,ONT Models,API,requirements/ont-onu-platform/FR-0675-ont-models-api.md,377
676,FR-0676,ONT / ONU Platform,ONT Models,SECURITY,requirements/ont-onu-platform/FR-0676-ont-models-security.md,382
677,FR-0677,ONT / ONU Platform,ONT Models,TEST,requirements/ont-onu-platform/FR-0677-ont-models-test.md,370
678,FR-0678,ONT / ONU Platform,ONT Models,EVENT,requirements/ont-onu-platform/FR-0678-ont-models-event.md,371
679,FR-0679,ONT / ONU Platform,ONT Models,OPERATIONS,requirements/ont-onu-platform/FR-0679-ont-models-operations.md,363
680,FR-0680,ONT / ONU Platform,Capability Profiles,UI,requirements/ont-onu-platform/FR-0680-capability-profiles-ui.md,399
681,FR-0681,ONT / ONU Platform,Capability Profiles,BACKEND,requirements/ont-onu-platform/FR-0681-capability-profiles-backend.md,378
682,FR-0682,ONT / ONU Platform,Capability Profiles,API,requirements/ont-onu-platform/FR-0682-capability-profiles-api.md,377
683,FR-0683,ONT / ONU Platform,Capability Profiles,SECURITY,requirements/ont-onu-platform/FR-0683-capability-profiles-security.md,382
684,FR-0684,ONT / ONU Platform,Capability Profiles,TEST,requirements/ont-onu-platform/FR-0684-capability-profiles-test.md,370
685,FR-0685,ONT / ONU Platform,Capability Profiles,EVENT,requirements/ont-onu-platform/FR-0685-capability-profiles-event.md,371
686,FR-0686,ONT / ONU Platform,Capability Profiles,OPERATIONS,requirements/ont-onu-platform/FR-0686-capability-profiles-operations.md,363
687,FR-0687,ONT / ONU Platform,Ethernet Ports,UI,requirements/ont-onu-platform/FR-0687-ethernet-ports-ui.md,399
688,FR-0688,ONT / ONU Platform,Ethernet Ports,BACKEND,requirements/ont-onu-platform/FR-0688-ethernet-ports-backend.md,378
689,FR-0689,ONT / ONU Platform,Ethernet Ports,API,requirements/ont-onu-platform/FR-0689-ethernet-ports-api.md,377
690,FR-0690,ONT / ONU Platform,Ethernet Ports,SECURITY,requirements/ont-onu-platform/FR-0690-ethernet-ports-security.md,382
691,FR-0691,ONT / ONU Platform,Ethernet Ports,TEST,requirements/ont-onu-platform/FR-0691-ethernet-ports-test.md,370
692,FR-0692,ONT / ONU Platform,Ethernet Ports,EVENT,requirements/ont-onu-platform/FR-0692-ethernet-ports-event.md,371
693,FR-0693,ONT / ONU Platform,Ethernet Ports,OPERATIONS,requirements/ont-onu-platform/FR-0693-ethernet-ports-operations.md,363
694,FR-0694,ONT / ONU Platform,Wi-Fi Capabilities,UI,requirements/ont-onu-platform/FR-0694-wi-fi-capabilities-ui.md,399
695,FR-0695,ONT / ONU Platform,Wi-Fi Capabilities,BACKEND,requirements/ont-onu-platform/FR-0695-wi-fi-capabilities-backend.md,378
696,FR-0696,ONT / ONU Platform,Wi-Fi Capabilities,API,requirements/ont-onu-platform/FR-0696-wi-fi-capabilities-api.md,377
697,FR-0697,ONT / ONU Platform,Wi-Fi Capabilities,SECURITY,requirements/ont-onu-platform/FR-0697-wi-fi-capabilities-security.md,382
698,FR-0698,ONT / ONU Platform,Wi-Fi Capabilities,TEST,requirements/ont-onu-platform/FR-0698-wi-fi-capabilities-test.md,370
699,FR-0699,ONT / ONU Platform,Wi-Fi Capabilities,EVENT,requirements/ont-onu-platform/FR-0699-wi-fi-capabilities-event.md,371
700,FR-0700,ONT / ONU Platform,Wi-Fi Capabilities,OPERATIONS,requirements/ont-onu-platform/FR-0700-wi-fi-capabilities-operations.md,363
701,FR-0701,ONT / ONU Platform,Voice Capabilities,UI,requirements/ont-onu-platform/FR-0701-voice-capabilities-ui.md,399
702,FR-0702,ONT / ONU Platform,Voice Capabilities,BACKEND,requirements/ont-onu-platform/FR-0702-voice-capabilities-backend.md,378
703,FR-0703,ONT / ONU Platform,Voice Capabilities,API,requirements/ont-onu-platform/FR-0703-voice-capabilities-api.md,377
704,FR-0704,ONT / ONU Platform,Voice Capabilities,SECURITY,requirements/ont-onu-platform/FR-0704-voice-capabilities-security.md,382
705,FR-0705,ONT / ONU Platform,Voice Capabilities,TEST,requirements/ont-onu-platform/FR-0705-voice-capabilities-test.md,370
706,FR-0706,ONT / ONU Platform,Voice Capabilities,EVENT,requirements/ont-onu-platform/FR-0706-voice-capabilities-event.md,371
707,FR-0707,ONT / ONU Platform,Voice Capabilities,OPERATIONS,requirements/ont-onu-platform/FR-0707-voice-capabilities-operations.md,363
708,FR-0708,ONT / ONU Platform,WAN Capabilities,UI,requirements/ont-onu-platform/FR-0708-wan-capabilities-ui.md,399
709,FR-0709,ONT / ONU Platform,WAN Capabilities,BACKEND,requirements/ont-onu-platform/FR-0709-wan-capabilities-backend.md,378
710,FR-0710,ONT / ONU Platform,WAN Capabilities,API,requirements/ont-onu-platform/FR-0710-wan-capabilities-api.md,377
711,FR-0711,ONT / ONU Platform,WAN Capabilities,SECURITY,requirements/ont-onu-platform/FR-0711-wan-capabilities-security.md,382
712,FR-0712,ONT / ONU Platform,WAN Capabilities,TEST,requirements/ont-onu-platform/FR-0712-wan-capabilities-test.md,370
713,FR-0713,ONT / ONU Platform,WAN Capabilities,EVENT,requirements/ont-onu-platform/FR-0713-wan-capabilities-event.md,371
714,FR-0714,ONT / ONU Platform,WAN Capabilities,OPERATIONS,requirements/ont-onu-platform/FR-0714-wan-capabilities-operations.md,363
715,FR-0715,ONT / ONU Platform,TR-069 Data Models,UI,requirements/ont-onu-platform/FR-0715-tr-069-data-models-ui.md,403
716,FR-0716,ONT / ONU Platform,TR-069 Data Models,BACKEND,requirements/ont-onu-platform/FR-0716-tr-069-data-models-backend.md,381
717,FR-0717,ONT / ONU Platform,TR-069 Data Models,API,requirements/ont-onu-platform/FR-0717-tr-069-data-models-api.md,380
718,FR-0718,ONT / ONU Platform,TR-069 Data Models,SECURITY,requirements/ont-onu-platform/FR-0718-tr-069-data-models-security.md,385
719,FR-0719,ONT / ONU Platform,TR-069 Data Models,TEST,requirements/ont-onu-platform/FR-0719-tr-069-data-models-test.md,373
720,FR-0720,ONT / ONU Platform,TR-069 Data Models,EVENT,requirements/ont-onu-platform/FR-0720-tr-069-data-models-event.md,374
721,FR-0721,ONT / ONU Platform,TR-069 Data Models,OPERATIONS,requirements/ont-onu-platform/FR-0721-tr-069-data-models-operations.md,366
722,FR-0722,ONT / ONU Platform,USP Data Models,UI,requirements/ont-onu-platform/FR-0722-usp-data-models-ui.md,403
723,FR-0723,ONT / ONU Platform,USP Data Models,BACKEND,requirements/ont-onu-platform/FR-0723-usp-data-models-backend.md,381
724,FR-0724,ONT / ONU Platform,USP Data Models,API,requirements/ont-onu-platform/FR-0724-usp-data-models-api.md,380
725,FR-0725,ONT / ONU Platform,USP Data Models,SECURITY,requirements/ont-onu-platform/FR-0725-usp-data-models-security.md,385
726,FR-0726,ONT / ONU Platform,USP Data Models,TEST,requirements/ont-onu-platform/FR-0726-usp-data-models-test.md,373
727,FR-0727,ONT / ONU Platform,USP Data Models,EVENT,requirements/ont-onu-platform/FR-0727-usp-data-models-event.md,374
728,FR-0728,ONT / ONU Platform,USP Data Models,OPERATIONS,requirements/ont-onu-platform/FR-0728-usp-data-models-operations.md,366
729,FR-0729,ONT / ONU Platform,OMCI Capabilities,UI,requirements/ont-onu-platform/FR-0729-omci-capabilities-ui.md,399
730,FR-0730,ONT / ONU Platform,OMCI Capabilities,BACKEND,requirements/ont-onu-platform/FR-0730-omci-capabilities-backend.md,378
731,FR-0731,ONT / ONU Platform,OMCI Capabilities,API,requirements/ont-onu-platform/FR-0731-omci-capabilities-api.md,377
732,FR-0732,ONT / ONU Platform,OMCI Capabilities,SECURITY,requirements/ont-onu-platform/FR-0732-omci-capabilities-security.md,382
733,FR-0733,ONT / ONU Platform,OMCI Capabilities,TEST,requirements/ont-onu-platform/FR-0733-omci-capabilities-test.md,370
734,FR-0734,ONT / ONU Platform,OMCI Capabilities,EVENT,requirements/ont-onu-platform/FR-0734-omci-capabilities-event.md,371
735,FR-0735,ONT / ONU Platform,OMCI Capabilities,OPERATIONS,requirements/ont-onu-platform/FR-0735-omci-capabilities-operations.md,363
736,FR-0736,ONT / ONU Platform,Registration Templates,UI,requirements/ont-onu-platform/FR-0736-registration-templates-ui.md,399
737,FR-0737,ONT / ONU Platform,Registration Templates,BACKEND,requirements/ont-onu-platform/FR-0737-registration-templates-backend.md,378
738,FR-0738,ONT / ONU Platform,Registration Templates,API,requirements/ont-onu-platform/FR-0738-registration-templates-api.md,377
739,FR-0739,ONT / ONU Platform,Registration Templates,SECURITY,requirements/ont-onu-platform/FR-0739-registration-templates-security.md,382
740,FR-0740,ONT / ONU Platform,Registration Templates,TEST,requirements/ont-onu-platform/FR-0740-registration-templates-test.md,370
741,FR-0741,ONT / ONU Platform,Registration Templates,EVENT,requirements/ont-onu-platform/FR-0741-registration-templates-event.md,371
742,FR-0742,ONT / ONU Platform,Registration Templates,OPERATIONS,requirements/ont-onu-platform/FR-0742-registration-templates-operations.md,363
743,FR-0743,ONT / ONU Platform,Firmware,UI,requirements/ont-onu-platform/FR-0743-firmware-ui.md,395
744,FR-0744,ONT / ONU Platform,Firmware,BACKEND,requirements/ont-onu-platform/FR-0744-firmware-backend.md,375
745,FR-0745,ONT / ONU Platform,Firmware,API,requirements/ont-onu-platform/FR-0745-firmware-api.md,374
746,FR-0746,ONT / ONU Platform,Firmware,SECURITY,requirements/ont-onu-platform/FR-0746-firmware-security.md,379
747,FR-0747,ONT / ONU Platform,Firmware,TEST,requirements/ont-onu-platform/FR-0747-firmware-test.md,367
748,FR-0748,ONT / ONU Platform,Firmware,EVENT,requirements/ont-onu-platform/FR-0748-firmware-event.md,368
749,FR-0749,ONT / ONU Platform,Firmware,OPERATIONS,requirements/ont-onu-platform/FR-0749-firmware-operations.md,360
750,FR-0750,ONT / ONU Platform,Compatibility Matrix,UI,requirements/ont-onu-platform/FR-0750-compatibility-matrix-ui.md,399
751,FR-0751,ONT / ONU Platform,Compatibility Matrix,BACKEND,requirements/ont-onu-platform/FR-0751-compatibility-matrix-backend.md,378
752,FR-0752,ONT / ONU Platform,Compatibility Matrix,API,requirements/ont-onu-platform/FR-0752-compatibility-matrix-api.md,377
753,FR-0753,ONT / ONU Platform,Compatibility Matrix,SECURITY,requirements/ont-onu-platform/FR-0753-compatibility-matrix-security.md,382
754,FR-0754,ONT / ONU Platform,Compatibility Matrix,TEST,requirements/ont-onu-platform/FR-0754-compatibility-matrix-test.md,370
755,FR-0755,ONT / ONU Platform,Compatibility Matrix,EVENT,requirements/ont-onu-platform/FR-0755-compatibility-matrix-event.md,371
756,FR-0756,ONT / ONU Platform,Compatibility Matrix,OPERATIONS,requirements/ont-onu-platform/FR-0756-compatibility-matrix-operations.md,363
757,FR-0757,ONT / ONU Platform,ONU Discovery,UI,requirements/ont-onu-platform/FR-0757-onu-discovery-ui.md,399
758,FR-0758,ONT / ONU Platform,ONU Discovery,BACKEND,requirements/ont-onu-platform/FR-0758-onu-discovery-backend.md,378
759,FR-0759,ONT / ONU Platform,ONU Discovery,API,requirements/ont-onu-platform/FR-0759-onu-discovery-api.md,377
760,FR-0760,ONT / ONU Platform,ONU Discovery,SECURITY,requirements/ont-onu-platform/FR-0760-onu-discovery-security.md,382
761,FR-0761,ONT / ONU Platform,ONU Discovery,TEST,requirements/ont-onu-platform/FR-0761-onu-discovery-test.md,370
762,FR-0762,ONT / ONU Platform,ONU Discovery,EVENT,requirements/ont-onu-platform/FR-0762-onu-discovery-event.md,371
763,FR-0763,ONT / ONU Platform,ONU Discovery,OPERATIONS,requirements/ont-onu-platform/FR-0763-onu-discovery-operations.md,363
764,FR-0764,ONT / ONU Platform,ONU Registration,UI,requirements/ont-onu-platform/FR-0764-onu-registration-ui.md,399
765,FR-0765,ONT / ONU Platform,ONU Registration,BACKEND,requirements/ont-onu-platform/FR-0765-onu-registration-backend.md,378
766,FR-0766,ONT / ONU Platform,ONU Registration,API,requirements/ont-onu-platform/FR-0766-onu-registration-api.md,377
767,FR-0767,ONT / ONU Platform,ONU Registration,SECURITY,requirements/ont-onu-platform/FR-0767-onu-registration-security.md,382
768,FR-0768,ONT / ONU Platform,ONU Registration,TEST,requirements/ont-onu-platform/FR-0768-onu-registration-test.md,370
769,FR-0769,ONT / ONU Platform,ONU Registration,EVENT,requirements/ont-onu-platform/FR-0769-onu-registration-event.md,371
770,FR-0770,ONT / ONU Platform,ONU Registration,OPERATIONS,requirements/ont-onu-platform/FR-0770-onu-registration-operations.md,363
771,FR-0771,ONT / ONU Platform,Serial Authentication,UI,requirements/ont-onu-platform/FR-0771-serial-authentication-ui.md,399
772,FR-0772,ONT / ONU Platform,Serial Authentication,BACKEND,requirements/ont-onu-platform/FR-0772-serial-authentication-backend.md,378
773,FR-0773,ONT / ONU Platform,Serial Authentication,API,requirements/ont-onu-platform/FR-0773-serial-authentication-api.md,377
774,FR-0774,ONT / ONU Platform,Serial Authentication,SECURITY,requirements/ont-onu-platform/FR-0774-serial-authentication-security.md,382
775,FR-0775,ONT / ONU Platform,Serial Authentication,TEST,requirements/ont-onu-platform/FR-0775-serial-authentication-test.md,370
776,FR-0776,ONT / ONU Platform,Serial Authentication,EVENT,requirements/ont-onu-platform/FR-0776-serial-authentication-event.md,371
777,FR-0777,ONT / ONU Platform,Serial Authentication,OPERATIONS,requirements/ont-onu-platform/FR-0777-serial-authentication-operations.md,363
778,FR-0778,ONT / ONU Platform,LOID Authentication,UI,requirements/ont-onu-platform/FR-0778-loid-authentication-ui.md,399
779,FR-0779,ONT / ONU Platform,LOID Authentication,BACKEND,requirements/ont-onu-platform/FR-0779-loid-authentication-backend.md,378
780,FR-0780,ONT / ONU Platform,LOID Authentication,API,requirements/ont-onu-platform/FR-0780-loid-authentication-api.md,377
781,FR-0781,ONT / ONU Platform,LOID Authentication,SECURITY,requirements/ont-onu-platform/FR-0781-loid-authentication-security.md,382
782,FR-0782,ONT / ONU Platform,LOID Authentication,TEST,requirements/ont-onu-platform/FR-0782-loid-authentication-test.md,370
783,FR-0783,ONT / ONU Platform,LOID Authentication,EVENT,requirements/ont-onu-platform/FR-0783-loid-authentication-event.md,371
784,FR-0784,ONT / ONU Platform,LOID Authentication,OPERATIONS,requirements/ont-onu-platform/FR-0784-loid-authentication-operations.md,363
785,FR-0785,ONT / ONU Platform,Password Authentication,UI,requirements/ont-onu-platform/FR-0785-password-authentication-ui.md,399
786,FR-0786,ONT / ONU Platform,Password Authentication,BACKEND,requirements/ont-onu-platform/FR-0786-password-authentication-backend.md,378
787,FR-0787,ONT / ONU Platform,Password Authentication,API,requirements/ont-onu-platform/FR-0787-password-authentication-api.md,377
788,FR-0788,ONT / ONU Platform,Password Authentication,SECURITY,requirements/ont-onu-platform/FR-0788-password-authentication-security.md,382
789,FR-0789,ONT / ONU Platform,Password Authentication,TEST,requirements/ont-onu-platform/FR-0789-password-authentication-test.md,370
790,FR-0790,ONT / ONU Platform,Password Authentication,EVENT,requirements/ont-onu-platform/FR-0790-password-authentication-event.md,371
791,FR-0791,ONT / ONU Platform,Password Authentication,OPERATIONS,requirements/ont-onu-platform/FR-0791-password-authentication-operations.md,363
792,FR-0792,ONT / ONU Platform,ONU ID Allocation,UI,requirements/ont-onu-platform/FR-0792-onu-id-allocation-ui.md,403
793,FR-0793,ONT / ONU Platform,ONU ID Allocation,BACKEND,requirements/ont-onu-platform/FR-0793-onu-id-allocation-backend.md,381
794,FR-0794,ONT / ONU Platform,ONU ID Allocation,API,requirements/ont-onu-platform/FR-0794-onu-id-allocation-api.md,380
795,FR-0795,ONT / ONU Platform,ONU ID Allocation,SECURITY,requirements/ont-onu-platform/FR-0795-onu-id-allocation-security.md,385
796,FR-0796,ONT / ONU Platform,ONU ID Allocation,TEST,requirements/ont-onu-platform/FR-0796-onu-id-allocation-test.md,373
797,FR-0797,ONT / ONU Platform,ONU ID Allocation,EVENT,requirements/ont-onu-platform/FR-0797-onu-id-allocation-event.md,374
798,FR-0798,ONT / ONU Platform,ONU ID Allocation,OPERATIONS,requirements/ont-onu-platform/FR-0798-onu-id-allocation-operations.md,366
799,FR-0799,ONT / ONU Platform,ONU Replacement,UI,requirements/ont-onu-platform/FR-0799-onu-replacement-ui.md,399
800,FR-0800,ONT / ONU Platform,ONU Replacement,BACKEND,requirements/ont-onu-platform/FR-0800-onu-replacement-backend.md,378
801,FR-0801,ONT / ONU Platform,ONU Replacement,API,requirements/ont-onu-platform/FR-0801-onu-replacement-api.md,377
802,FR-0802,ONT / ONU Platform,ONU Replacement,SECURITY,requirements/ont-onu-platform/FR-0802-onu-replacement-security.md,382
803,FR-0803,ONT / ONU Platform,ONU Replacement,TEST,requirements/ont-onu-platform/FR-0803-onu-replacement-test.md,370
804,FR-0804,ONT / ONU Platform,ONU Replacement,EVENT,requirements/ont-onu-platform/FR-0804-onu-replacement-event.md,371
805,FR-0805,ONT / ONU Platform,ONU Replacement,OPERATIONS,requirements/ont-onu-platform/FR-0805-onu-replacement-operations.md,363
806,FR-0806,ONT / ONU Platform,ONU Migration,UI,requirements/ont-onu-platform/FR-0806-onu-migration-ui.md,399
807,FR-0807,ONT / ONU Platform,ONU Migration,BACKEND,requirements/ont-onu-platform/FR-0807-onu-migration-backend.md,378
808,FR-0808,ONT / ONU Platform,ONU Migration,API,requirements/ont-onu-platform/FR-0808-onu-migration-api.md,377
809,FR-0809,ONT / ONU Platform,ONU Migration,SECURITY,requirements/ont-onu-platform/FR-0809-onu-migration-security.md,382
810,FR-0810,ONT / ONU Platform,ONU Migration,TEST,requirements/ont-onu-platform/FR-0810-onu-migration-test.md,370
811,FR-0811,ONT / ONU Platform,ONU Migration,EVENT,requirements/ont-onu-platform/FR-0811-onu-migration-event.md,371
812,FR-0812,ONT / ONU Platform,ONU Migration,OPERATIONS,requirements/ont-onu-platform/FR-0812-onu-migration-operations.md,363
813,FR-0813,ONT / ONU Platform,Optical Monitoring,UI,requirements/ont-onu-platform/FR-0813-optical-monitoring-ui.md,399
814,FR-0814,ONT / ONU Platform,Optical Monitoring,BACKEND,requirements/ont-onu-platform/FR-0814-optical-monitoring-backend.md,378
815,FR-0815,ONT / ONU Platform,Optical Monitoring,API,requirements/ont-onu-platform/FR-0815-optical-monitoring-api.md,377
816,FR-0816,ONT / ONU Platform,Optical Monitoring,SECURITY,requirements/ont-onu-platform/FR-0816-optical-monitoring-security.md,382
817,FR-0817,ONT / ONU Platform,Optical Monitoring,TEST,requirements/ont-onu-platform/FR-0817-optical-monitoring-test.md,370
818,FR-0818,ONT / ONU Platform,Optical Monitoring,EVENT,requirements/ont-onu-platform/FR-0818-optical-monitoring-event.md,371
819,FR-0819,ONT / ONU Platform,Optical Monitoring,OPERATIONS,requirements/ont-onu-platform/FR-0819-optical-monitoring-operations.md,363
820,FR-0820,ONT / ONU Platform,Distance Monitoring,UI,requirements/ont-onu-platform/FR-0820-distance-monitoring-ui.md,399
821,FR-0821,ONT / ONU Platform,Distance Monitoring,BACKEND,requirements/ont-onu-platform/FR-0821-distance-monitoring-backend.md,378
822,FR-0822,ONT / ONU Platform,Distance Monitoring,API,requirements/ont-onu-platform/FR-0822-distance-monitoring-api.md,377
823,FR-0823,ONT / ONU Platform,Distance Monitoring,SECURITY,requirements/ont-onu-platform/FR-0823-distance-monitoring-security.md,382
824,FR-0824,ONT / ONU Platform,Distance Monitoring,TEST,requirements/ont-onu-platform/FR-0824-distance-monitoring-test.md,370
825,FR-0825,ONT / ONU Platform,Distance Monitoring,EVENT,requirements/ont-onu-platform/FR-0825-distance-monitoring-event.md,371
826,FR-0826,ONT / ONU Platform,Distance Monitoring,OPERATIONS,requirements/ont-onu-platform/FR-0826-distance-monitoring-operations.md,363
827,FR-0827,ONT / ONU Platform,Dying Gasp,UI,requirements/ont-onu-platform/FR-0827-dying-gasp-ui.md,399
828,FR-0828,ONT / ONU Platform,Dying Gasp,BACKEND,requirements/ont-onu-platform/FR-0828-dying-gasp-backend.md,378
829,FR-0829,ONT / ONU Platform,Dying Gasp,API,requirements/ont-onu-platform/FR-0829-dying-gasp-api.md,377
830,FR-0830,ONT / ONU Platform,Dying Gasp,SECURITY,requirements/ont-onu-platform/FR-0830-dying-gasp-security.md,382
831,FR-0831,ONT / ONU Platform,Dying Gasp,TEST,requirements/ont-onu-platform/FR-0831-dying-gasp-test.md,370
832,FR-0832,ONT / ONU Platform,Dying Gasp,EVENT,requirements/ont-onu-platform/FR-0832-dying-gasp-event.md,371
833,FR-0833,ONT / ONU Platform,Dying Gasp,OPERATIONS,requirements/ont-onu-platform/FR-0833-dying-gasp-operations.md,363
834,FR-0834,ONT / ONU Platform,LOS Handling,UI,requirements/ont-onu-platform/FR-0834-los-handling-ui.md,399
835,FR-0835,ONT / ONU Platform,LOS Handling,BACKEND,requirements/ont-onu-platform/FR-0835-los-handling-backend.md,378
836,FR-0836,ONT / ONU Platform,LOS Handling,API,requirements/ont-onu-platform/FR-0836-los-handling-api.md,377
837,FR-0837,ONT / ONU Platform,LOS Handling,SECURITY,requirements/ont-onu-platform/FR-0837-los-handling-security.md,382
838,FR-0838,ONT / ONU Platform,LOS Handling,TEST,requirements/ont-onu-platform/FR-0838-los-handling-test.md,370
839,FR-0839,ONT / ONU Platform,LOS Handling,EVENT,requirements/ont-onu-platform/FR-0839-los-handling-event.md,371
840,FR-0840,ONT / ONU Platform,LOS Handling,OPERATIONS,requirements/ont-onu-platform/FR-0840-los-handling-operations.md,363
841,FR-0841,ONT / ONU Platform,Config State,UI,requirements/ont-onu-platform/FR-0841-config-state-ui.md,399
842,FR-0842,ONT / ONU Platform,Config State,BACKEND,requirements/ont-onu-platform/FR-0842-config-state-backend.md,378
843,FR-0843,ONT / ONU Platform,Config State,API,requirements/ont-onu-platform/FR-0843-config-state-api.md,377
844,FR-0844,ONT / ONU Platform,Config State,SECURITY,requirements/ont-onu-platform/FR-0844-config-state-security.md,382
845,FR-0845,ONT / ONU Platform,Config State,TEST,requirements/ont-onu-platform/FR-0845-config-state-test.md,370
846,FR-0846,ONT / ONU Platform,Config State,EVENT,requirements/ont-onu-platform/FR-0846-config-state-event.md,371
847,FR-0847,ONT / ONU Platform,Config State,OPERATIONS,requirements/ont-onu-platform/FR-0847-config-state-operations.md,363
848,FR-0848,ONT / ONU Platform,Match State,UI,requirements/ont-onu-platform/FR-0848-match-state-ui.md,399
849,FR-0849,ONT / ONU Platform,Match State,BACKEND,requirements/ont-onu-platform/FR-0849-match-state-backend.md,378
850,FR-0850,ONT / ONU Platform,Match State,API,requirements/ont-onu-platform/FR-0850-match-state-api.md,377
851,FR-0851,ONT / ONU Platform,Match State,SECURITY,requirements/ont-onu-platform/FR-0851-match-state-security.md,382
852,FR-0852,ONT / ONU Platform,Match State,TEST,requirements/ont-onu-platform/FR-0852-match-state-test.md,370
853,FR-0853,ONT / ONU Platform,Match State,EVENT,requirements/ont-onu-platform/FR-0853-match-state-event.md,371
854,FR-0854,ONT / ONU Platform,Match State,OPERATIONS,requirements/ont-onu-platform/FR-0854-match-state-operations.md,363
855,FR-0855,ONT / ONU Platform,Service Association,UI,requirements/ont-onu-platform/FR-0855-service-association-ui.md,399
856,FR-0856,ONT / ONU Platform,Service Association,BACKEND,requirements/ont-onu-platform/FR-0856-service-association-backend.md,378
857,FR-0857,ONT / ONU Platform,Service Association,API,requirements/ont-onu-platform/FR-0857-service-association-api.md,377
858,FR-0858,ONT / ONU Platform,Service Association,SECURITY,requirements/ont-onu-platform/FR-0858-service-association-security.md,382
859,FR-0859,ONT / ONU Platform,Service Association,TEST,requirements/ont-onu-platform/FR-0859-service-association-test.md,370
860,FR-0860,ONT / ONU Platform,Service Association,EVENT,requirements/ont-onu-platform/FR-0860-service-association-event.md,371
861,FR-0861,ONT / ONU Platform,Service Association,OPERATIONS,requirements/ont-onu-platform/FR-0861-service-association-operations.md,363
862,FR-0862,ONT / ONU Platform,Customer Association,UI,requirements/ont-onu-platform/FR-0862-customer-association-ui.md,399
863,FR-0863,ONT / ONU Platform,Customer Association,BACKEND,requirements/ont-onu-platform/FR-0863-customer-association-backend.md,378
864,FR-0864,ONT / ONU Platform,Customer Association,API,requirements/ont-onu-platform/FR-0864-customer-association-api.md,377
865,FR-0865,ONT / ONU Platform,Customer Association,SECURITY,requirements/ont-onu-platform/FR-0865-customer-association-security.md,382
866,FR-0866,ONT / ONU Platform,Customer Association,TEST,requirements/ont-onu-platform/FR-0866-customer-association-test.md,370
867,FR-0867,ONT / ONU Platform,Customer Association,EVENT,requirements/ont-onu-platform/FR-0867-customer-association-event.md,371
868,FR-0868,ONT / ONU Platform,Customer Association,OPERATIONS,requirements/ont-onu-platform/FR-0868-customer-association-operations.md,363
869,FR-0869,ONT / ONU Platform,ONU History,UI,requirements/ont-onu-platform/FR-0869-onu-history-ui.md,399
870,FR-0870,ONT / ONU Platform,ONU History,BACKEND,requirements/ont-onu-platform/FR-0870-onu-history-backend.md,378
871,FR-0871,ONT / ONU Platform,ONU History,API,requirements/ont-onu-platform/FR-0871-onu-history-api.md,377
872,FR-0872,ONT / ONU Platform,ONU History,SECURITY,requirements/ont-onu-platform/FR-0872-onu-history-security.md,382
873,FR-0873,ONT / ONU Platform,ONU History,TEST,requirements/ont-onu-platform/FR-0873-onu-history-test.md,370
874,FR-0874,ONT / ONU Platform,ONU History,EVENT,requirements/ont-onu-platform/FR-0874-onu-history-event.md,371
875,FR-0875,ONT / ONU Platform,ONU History,OPERATIONS,requirements/ont-onu-platform/FR-0875-onu-history-operations.md,363
876,FR-0876,ONT / ONU Platform,ONU Diagnostics,UI,requirements/ont-onu-platform/FR-0876-onu-diagnostics-ui.md,399
877,FR-0877,ONT / ONU Platform,ONU Diagnostics,BACKEND,requirements/ont-onu-platform/FR-0877-onu-diagnostics-backend.md,378
878,FR-0878,ONT / ONU Platform,ONU Diagnostics,API,requirements/ont-onu-platform/FR-0878-onu-diagnostics-api.md,377
879,FR-0879,ONT / ONU Platform,ONU Diagnostics,SECURITY,requirements/ont-onu-platform/FR-0879-onu-diagnostics-security.md,382
880,FR-0880,ONT / ONU Platform,ONU Diagnostics,TEST,requirements/ont-onu-platform/FR-0880-onu-diagnostics-test.md,370
881,FR-0881,ONT / ONU Platform,ONU Diagnostics,EVENT,requirements/ont-onu-platform/FR-0881-onu-diagnostics-event.md,371
882,FR-0882,ONT / ONU Platform,ONU Diagnostics,OPERATIONS,requirements/ont-onu-platform/FR-0882-onu-diagnostics-operations.md,363
883,FR-0883,TR-069 / ACS,ACS Dashboard,UI,requirements/tr-069-acs/FR-0883-acs-dashboard-ui.md,397
884,FR-0884,TR-069 / ACS,ACS Dashboard,BACKEND,requirements/tr-069-acs/FR-0884-acs-dashboard-backend.md,379
885,FR-0885,TR-069 / ACS,ACS Dashboard,API,requirements/tr-069-acs/FR-0885-acs-dashboard-api.md,376
886,FR-0886,TR-069 / ACS,ACS Dashboard,SECURITY,requirements/tr-069-acs/FR-0886-acs-dashboard-security.md,381
887,FR-0887,TR-069 / ACS,ACS Dashboard,TEST,requirements/tr-069-acs/FR-0887-acs-dashboard-test.md,369
888,FR-0888,TR-069 / ACS,ACS Dashboard,EVENT,requirements/tr-069-acs/FR-0888-acs-dashboard-event.md,370
889,FR-0889,TR-069 / ACS,ACS Dashboard,OPERATIONS,requirements/tr-069-acs/FR-0889-acs-dashboard-operations.md,362
890,FR-0890,TR-069 / ACS,ACS Servers,UI,requirements/tr-069-acs/FR-0890-acs-servers-ui.md,397
891,FR-0891,TR-069 / ACS,ACS Servers,BACKEND,requirements/tr-069-acs/FR-0891-acs-servers-backend.md,379
892,FR-0892,TR-069 / ACS,ACS Servers,API,requirements/tr-069-acs/FR-0892-acs-servers-api.md,376
893,FR-0893,TR-069 / ACS,ACS Servers,SECURITY,requirements/tr-069-acs/FR-0893-acs-servers-security.md,381
894,FR-0894,TR-069 / ACS,ACS Servers,TEST,requirements/tr-069-acs/FR-0894-acs-servers-test.md,369
895,FR-0895,TR-069 / ACS,ACS Servers,EVENT,requirements/tr-069-acs/FR-0895-acs-servers-event.md,370
896,FR-0896,TR-069 / ACS,ACS Servers,OPERATIONS,requirements/tr-069-acs/FR-0896-acs-servers-operations.md,362
897,FR-0897,TR-069 / ACS,ACS Clusters,UI,requirements/tr-069-acs/FR-0897-acs-clusters-ui.md,397
898,FR-0898,TR-069 / ACS,ACS Clusters,BACKEND,requirements/tr-069-acs/FR-0898-acs-clusters-backend.md,379
899,FR-0899,TR-069 / ACS,ACS Clusters,API,requirements/tr-069-acs/FR-0899-acs-clusters-api.md,376
900,FR-0900,TR-069 / ACS,ACS Clusters,SECURITY,requirements/tr-069-acs/FR-0900-acs-clusters-security.md,381
901,FR-0901,TR-069 / ACS,ACS Clusters,TEST,requirements/tr-069-acs/FR-0901-acs-clusters-test.md,369
902,FR-0902,TR-069 / ACS,ACS Clusters,EVENT,requirements/tr-069-acs/FR-0902-acs-clusters-event.md,370
903,FR-0903,TR-069 / ACS,ACS Clusters,OPERATIONS,requirements/tr-069-acs/FR-0903-acs-clusters-operations.md,362
904,FR-0904,TR-069 / ACS,ACS Connection Settings,UI,requirements/tr-069-acs/FR-0904-acs-connection-settings-ui.md,401
905,FR-0905,TR-069 / ACS,ACS Connection Settings,BACKEND,requirements/tr-069-acs/FR-0905-acs-connection-settings-backend.md,382
906,FR-0906,TR-069 / ACS,ACS Connection Settings,API,requirements/tr-069-acs/FR-0906-acs-connection-settings-api.md,379
907,FR-0907,TR-069 / ACS,ACS Connection Settings,SECURITY,requirements/tr-069-acs/FR-0907-acs-connection-settings-security.md,384
908,FR-0908,TR-069 / ACS,ACS Connection Settings,TEST,requirements/tr-069-acs/FR-0908-acs-connection-settings-test.md,372
909,FR-0909,TR-069 / ACS,ACS Connection Settings,EVENT,requirements/tr-069-acs/FR-0909-acs-connection-settings-event.md,373
910,FR-0910,TR-069 / ACS,ACS Connection Settings,OPERATIONS,requirements/tr-069-acs/FR-0910-acs-connection-settings-operations.md,365
911,FR-0911,TR-069 / ACS,ACS Authentication,UI,requirements/tr-069-acs/FR-0911-acs-authentication-ui.md,397
912,FR-0912,TR-069 / ACS,ACS Authentication,BACKEND,requirements/tr-069-acs/FR-0912-acs-authentication-backend.md,379
913,FR-0913,TR-069 / ACS,ACS Authentication,API,requirements/tr-069-acs/FR-0913-acs-authentication-api.md,376
914,FR-0914,TR-069 / ACS,ACS Authentication,SECURITY,requirements/tr-069-acs/FR-0914-acs-authentication-security.md,381
915,FR-0915,TR-069 / ACS,ACS Authentication,TEST,requirements/tr-069-acs/FR-0915-acs-authentication-test.md,369
916,FR-0916,TR-069 / ACS,ACS Authentication,EVENT,requirements/tr-069-acs/FR-0916-acs-authentication-event.md,370
917,FR-0917,TR-069 / ACS,ACS Authentication,OPERATIONS,requirements/tr-069-acs/FR-0917-acs-authentication-operations.md,362
918,FR-0918,TR-069 / ACS,TLS Certificates,UI,requirements/tr-069-acs/FR-0918-tls-certificates-ui.md,397
919,FR-0919,TR-069 / ACS,TLS Certificates,BACKEND,requirements/tr-069-acs/FR-0919-tls-certificates-backend.md,379
920,FR-0920,TR-069 / ACS,TLS Certificates,API,requirements/tr-069-acs/FR-0920-tls-certificates-api.md,376
921,FR-0921,TR-069 / ACS,TLS Certificates,SECURITY,requirements/tr-069-acs/FR-0921-tls-certificates-security.md,381
922,FR-0922,TR-069 / ACS,TLS Certificates,TEST,requirements/tr-069-acs/FR-0922-tls-certificates-test.md,369
923,FR-0923,TR-069 / ACS,TLS Certificates,EVENT,requirements/tr-069-acs/FR-0923-tls-certificates-event.md,370
924,FR-0924,TR-069 / ACS,TLS Certificates,OPERATIONS,requirements/tr-069-acs/FR-0924-tls-certificates-operations.md,362
925,FR-0925,TR-069 / ACS,Parameter Dictionary,UI,requirements/tr-069-acs/FR-0925-parameter-dictionary-ui.md,397
926,FR-0926,TR-069 / ACS,Parameter Dictionary,BACKEND,requirements/tr-069-acs/FR-0926-parameter-dictionary-backend.md,379
927,FR-0927,TR-069 / ACS,Parameter Dictionary,API,requirements/tr-069-acs/FR-0927-parameter-dictionary-api.md,376
928,FR-0928,TR-069 / ACS,Parameter Dictionary,SECURITY,requirements/tr-069-acs/FR-0928-parameter-dictionary-security.md,381
929,FR-0929,TR-069 / ACS,Parameter Dictionary,TEST,requirements/tr-069-acs/FR-0929-parameter-dictionary-test.md,369
930,FR-0930,TR-069 / ACS,Parameter Dictionary,EVENT,requirements/tr-069-acs/FR-0930-parameter-dictionary-event.md,370
931,FR-0931,TR-069 / ACS,Parameter Dictionary,OPERATIONS,requirements/tr-069-acs/FR-0931-parameter-dictionary-operations.md,362
932,FR-0932,TR-069 / ACS,Vendor Parameter Mappings,UI,requirements/tr-069-acs/FR-0932-vendor-parameter-mappings-ui.md,401
933,FR-0933,TR-069 / ACS,Vendor Parameter Mappings,BACKEND,requirements/tr-069-acs/FR-0933-vendor-parameter-mappings-backend.md,382
934,FR-0934,TR-069 / ACS,Vendor Parameter Mappings,API,requirements/tr-069-acs/FR-0934-vendor-parameter-mappings-api.md,379
935,FR-0935,TR-069 / ACS,Vendor Parameter Mappings,SECURITY,requirements/tr-069-acs/FR-0935-vendor-parameter-mappings-security.md,384
936,FR-0936,TR-069 / ACS,Vendor Parameter Mappings,TEST,requirements/tr-069-acs/FR-0936-vendor-parameter-mappings-test.md,372
937,FR-0937,TR-069 / ACS,Vendor Parameter Mappings,EVENT,requirements/tr-069-acs/FR-0937-vendor-parameter-mappings-event.md,373
938,FR-0938,TR-069 / ACS,Vendor Parameter Mappings,OPERATIONS,requirements/tr-069-acs/FR-0938-vendor-parameter-mappings-operations.md,365
939,FR-0939,TR-069 / ACS,TR-098 Mapping,UI,requirements/tr-069-acs/FR-0939-tr-098-mapping-ui.md,397
940,FR-0940,TR-069 / ACS,TR-098 Mapping,BACKEND,requirements/tr-069-acs/FR-0940-tr-098-mapping-backend.md,379
941,FR-0941,TR-069 / ACS,TR-098 Mapping,API,requirements/tr-069-acs/FR-0941-tr-098-mapping-api.md,376
942,FR-0942,TR-069 / ACS,TR-098 Mapping,SECURITY,requirements/tr-069-acs/FR-0942-tr-098-mapping-security.md,381
943,FR-0943,TR-069 / ACS,TR-098 Mapping,TEST,requirements/tr-069-acs/FR-0943-tr-098-mapping-test.md,369
944,FR-0944,TR-069 / ACS,TR-098 Mapping,EVENT,requirements/tr-069-acs/FR-0944-tr-098-mapping-event.md,370
945,FR-0945,TR-069 / ACS,TR-098 Mapping,OPERATIONS,requirements/tr-069-acs/FR-0945-tr-098-mapping-operations.md,362
946,FR-0946,TR-069 / ACS,TR-181 Mapping,UI,requirements/tr-069-acs/FR-0946-tr-181-mapping-ui.md,397
947,FR-0947,TR-069 / ACS,TR-181 Mapping,BACKEND,requirements/tr-069-acs/FR-0947-tr-181-mapping-backend.md,379
948,FR-0948,TR-069 / ACS,TR-181 Mapping,API,requirements/tr-069-acs/FR-0948-tr-181-mapping-api.md,376
949,FR-0949,TR-069 / ACS,TR-181 Mapping,SECURITY,requirements/tr-069-acs/FR-0949-tr-181-mapping-security.md,381
950,FR-0950,TR-069 / ACS,TR-181 Mapping,TEST,requirements/tr-069-acs/FR-0950-tr-181-mapping-test.md,369
951,FR-0951,TR-069 / ACS,TR-181 Mapping,EVENT,requirements/tr-069-acs/FR-0951-tr-181-mapping-event.md,370
952,FR-0952,TR-069 / ACS,TR-181 Mapping,OPERATIONS,requirements/tr-069-acs/FR-0952-tr-181-mapping-operations.md,362
953,FR-0953,TR-069 / ACS,Vendor Extensions,UI,requirements/tr-069-acs/FR-0953-vendor-extensions-ui.md,397
954,FR-0954,TR-069 / ACS,Vendor Extensions,BACKEND,requirements/tr-069-acs/FR-0954-vendor-extensions-backend.md,379
955,FR-0955,TR-069 / ACS,Vendor Extensions,API,requirements/tr-069-acs/FR-0955-vendor-extensions-api.md,376
956,FR-0956,TR-069 / ACS,Vendor Extensions,SECURITY,requirements/tr-069-acs/FR-0956-vendor-extensions-security.md,381
957,FR-0957,TR-069 / ACS,Vendor Extensions,TEST,requirements/tr-069-acs/FR-0957-vendor-extensions-test.md,369
958,FR-0958,TR-069 / ACS,Vendor Extensions,EVENT,requirements/tr-069-acs/FR-0958-vendor-extensions-event.md,370
959,FR-0959,TR-069 / ACS,Vendor Extensions,OPERATIONS,requirements/tr-069-acs/FR-0959-vendor-extensions-operations.md,362
960,FR-0960,TR-069 / ACS,Provisioning Templates,UI,requirements/tr-069-acs/FR-0960-provisioning-templates-ui.md,397
961,FR-0961,TR-069 / ACS,Provisioning Templates,BACKEND,requirements/tr-069-acs/FR-0961-provisioning-templates-backend.md,379
962,FR-0962,TR-069 / ACS,Provisioning Templates,API,requirements/tr-069-acs/FR-0962-provisioning-templates-api.md,376
963,FR-0963,TR-069 / ACS,Provisioning Templates,SECURITY,requirements/tr-069-acs/FR-0963-provisioning-templates-security.md,381
964,FR-0964,TR-069 / ACS,Provisioning Templates,TEST,requirements/tr-069-acs/FR-0964-provisioning-templates-test.md,369
965,FR-0965,TR-069 / ACS,Provisioning Templates,EVENT,requirements/tr-069-acs/FR-0965-provisioning-templates-event.md,370
966,FR-0966,TR-069 / ACS,Provisioning Templates,OPERATIONS,requirements/tr-069-acs/FR-0966-provisioning-templates-operations.md,362
967,FR-0967,TR-069 / ACS,Template Inheritance,UI,requirements/tr-069-acs/FR-0967-template-inheritance-ui.md,397
968,FR-0968,TR-069 / ACS,Template Inheritance,BACKEND,requirements/tr-069-acs/FR-0968-template-inheritance-backend.md,379
969,FR-0969,TR-069 / ACS,Template Inheritance,API,requirements/tr-069-acs/FR-0969-template-inheritance-api.md,376
970,FR-0970,TR-069 / ACS,Template Inheritance,SECURITY,requirements/tr-069-acs/FR-0970-template-inheritance-security.md,381
971,FR-0971,TR-069 / ACS,Template Inheritance,TEST,requirements/tr-069-acs/FR-0971-template-inheritance-test.md,369
972,FR-0972,TR-069 / ACS,Template Inheritance,EVENT,requirements/tr-069-acs/FR-0972-template-inheritance-event.md,370
973,FR-0973,TR-069 / ACS,Template Inheritance,OPERATIONS,requirements/tr-069-acs/FR-0973-template-inheritance-operations.md,362
974,FR-0974,TR-069 / ACS,Auto-Provision Rules,UI,requirements/tr-069-acs/FR-0974-auto-provision-rules-ui.md,397
975,FR-0975,TR-069 / ACS,Auto-Provision Rules,BACKEND,requirements/tr-069-acs/FR-0975-auto-provision-rules-backend.md,379
976,FR-0976,TR-069 / ACS,Auto-Provision Rules,API,requirements/tr-069-acs/FR-0976-auto-provision-rules-api.md,376
977,FR-0977,TR-069 / ACS,Auto-Provision Rules,SECURITY,requirements/tr-069-acs/FR-0977-auto-provision-rules-security.md,381
978,FR-0978,TR-069 / ACS,Auto-Provision Rules,TEST,requirements/tr-069-acs/FR-0978-auto-provision-rules-test.md,369
979,FR-0979,TR-069 / ACS,Auto-Provision Rules,EVENT,requirements/tr-069-acs/FR-0979-auto-provision-rules-event.md,370
980,FR-0980,TR-069 / ACS,Auto-Provision Rules,OPERATIONS,requirements/tr-069-acs/FR-0980-auto-provision-rules-operations.md,362
981,FR-0981,TR-069 / ACS,Firmware Jobs,UI,requirements/tr-069-acs/FR-0981-firmware-jobs-ui.md,397
982,FR-0982,TR-069 / ACS,Firmware Jobs,BACKEND,requirements/tr-069-acs/FR-0982-firmware-jobs-backend.md,379
983,FR-0983,TR-069 / ACS,Firmware Jobs,API,requirements/tr-069-acs/FR-0983-firmware-jobs-api.md,376
984,FR-0984,TR-069 / ACS,Firmware Jobs,SECURITY,requirements/tr-069-acs/FR-0984-firmware-jobs-security.md,381
985,FR-0985,TR-069 / ACS,Firmware Jobs,TEST,requirements/tr-069-acs/FR-0985-firmware-jobs-test.md,369
986,FR-0986,TR-069 / ACS,Firmware Jobs,EVENT,requirements/tr-069-acs/FR-0986-firmware-jobs-event.md,370
987,FR-0987,TR-069 / ACS,Firmware Jobs,OPERATIONS,requirements/tr-069-acs/FR-0987-firmware-jobs-operations.md,362
988,FR-0988,TR-069 / ACS,Configuration Jobs,UI,requirements/tr-069-acs/FR-0988-configuration-jobs-ui.md,397
989,FR-0989,TR-069 / ACS,Configuration Jobs,BACKEND,requirements/tr-069-acs/FR-0989-configuration-jobs-backend.md,379
990,FR-0990,TR-069 / ACS,Configuration Jobs,API,requirements/tr-069-acs/FR-0990-configuration-jobs-api.md,376
991,FR-0991,TR-069 / ACS,Configuration Jobs,SECURITY,requirements/tr-069-acs/FR-0991-configuration-jobs-security.md,381
992,FR-0992,TR-069 / ACS,Configuration Jobs,TEST,requirements/tr-069-acs/FR-0992-configuration-jobs-test.md,369
993,FR-0993,TR-069 / ACS,Configuration Jobs,EVENT,requirements/tr-069-acs/FR-0993-configuration-jobs-event.md,370
994,FR-0994,TR-069 / ACS,Configuration Jobs,OPERATIONS,requirements/tr-069-acs/FR-0994-configuration-jobs-operations.md,362
995,FR-0995,TR-069 / ACS,Inform Events,UI,requirements/tr-069-acs/FR-0995-inform-events-ui.md,397
996,FR-0996,TR-069 / ACS,Inform Events,BACKEND,requirements/tr-069-acs/FR-0996-inform-events-backend.md,379
997,FR-0997,TR-069 / ACS,Inform Events,API,requirements/tr-069-acs/FR-0997-inform-events-api.md,376
998,FR-0998,TR-069 / ACS,Inform Events,SECURITY,requirements/tr-069-acs/FR-0998-inform-events-security.md,381
999,FR-0999,TR-069 / ACS,Inform Events,TEST,requirements/tr-069-acs/FR-0999-inform-events-test.md,369
1000,FR-1000,TR-069 / ACS,Inform Events,EVENT,requirements/tr-069-acs/FR-1000-inform-events-event.md,370
1001,FR-1001,TR-069 / ACS,Inform Events,OPERATIONS,requirements/tr-069-acs/FR-1001-inform-events-operations.md,362
1002,FR-1002,TR-069 / ACS,Connection Requests,UI,requirements/tr-069-acs/FR-1002-connection-requests-ui.md,397
1003,FR-1003,TR-069 / ACS,Connection Requests,BACKEND,requirements/tr-069-acs/FR-1003-connection-requests-backend.md,379
1004,FR-1004,TR-069 / ACS,Connection Requests,API,requirements/tr-069-acs/FR-1004-connection-requests-api.md,376
1005,FR-1005,TR-069 / ACS,Connection Requests,SECURITY,requirements/tr-069-acs/FR-1005-connection-requests-security.md,381
1006,FR-1006,TR-069 / ACS,Connection Requests,TEST,requirements/tr-069-acs/FR-1006-connection-requests-test.md,369
1007,FR-1007,TR-069 / ACS,Connection Requests,EVENT,requirements/tr-069-acs/FR-1007-connection-requests-event.md,370
1008,FR-1008,TR-069 / ACS,Connection Requests,OPERATIONS,requirements/tr-069-acs/FR-1008-connection-requests-operations.md,362
1009,FR-1009,TR-069 / ACS,Diagnostics,UI,requirements/tr-069-acs/FR-1009-diagnostics-ui.md,393
1010,FR-1010,TR-069 / ACS,Diagnostics,BACKEND,requirements/tr-069-acs/FR-1010-diagnostics-backend.md,376
1011,FR-1011,TR-069 / ACS,Diagnostics,API,requirements/tr-069-acs/FR-1011-diagnostics-api.md,373
1012,FR-1012,TR-069 / ACS,Diagnostics,SECURITY,requirements/tr-069-acs/FR-1012-diagnostics-security.md,378
1013,FR-1013,TR-069 / ACS,Diagnostics,TEST,requirements/tr-069-acs/FR-1013-diagnostics-test.md,366
1014,FR-1014,TR-069 / ACS,Diagnostics,EVENT,requirements/tr-069-acs/FR-1014-diagnostics-event.md,367
1015,FR-1015,TR-069 / ACS,Diagnostics,OPERATIONS,requirements/tr-069-acs/FR-1015-diagnostics-operations.md,359
1016,FR-1016,TR-069 / ACS,Failed Jobs,UI,requirements/tr-069-acs/FR-1016-failed-jobs-ui.md,397
1017,FR-1017,TR-069 / ACS,Failed Jobs,BACKEND,requirements/tr-069-acs/FR-1017-failed-jobs-backend.md,379
1018,FR-1018,TR-069 / ACS,Failed Jobs,API,requirements/tr-069-acs/FR-1018-failed-jobs-api.md,376
1019,FR-1019,TR-069 / ACS,Failed Jobs,SECURITY,requirements/tr-069-acs/FR-1019-failed-jobs-security.md,381
1020,FR-1020,TR-069 / ACS,Failed Jobs,TEST,requirements/tr-069-acs/FR-1020-failed-jobs-test.md,369
1021,FR-1021,TR-069 / ACS,Failed Jobs,EVENT,requirements/tr-069-acs/FR-1021-failed-jobs-event.md,370
1022,FR-1022,TR-069 / ACS,Failed Jobs,OPERATIONS,requirements/tr-069-acs/FR-1022-failed-jobs-operations.md,362
1023,FR-1023,TR-069 / ACS,ACS Logs,UI,requirements/tr-069-acs/FR-1023-acs-logs-ui.md,397
1024,FR-1024,TR-069 / ACS,ACS Logs,BACKEND,requirements/tr-069-acs/FR-1024-acs-logs-backend.md,379
1025,FR-1025,TR-069 / ACS,ACS Logs,API,requirements/tr-069-acs/FR-1025-acs-logs-api.md,376
1026,FR-1026,TR-069 / ACS,ACS Logs,SECURITY,requirements/tr-069-acs/FR-1026-acs-logs-security.md,381
1027,FR-1027,TR-069 / ACS,ACS Logs,TEST,requirements/tr-069-acs/FR-1027-acs-logs-test.md,369
1028,FR-1028,TR-069 / ACS,ACS Logs,EVENT,requirements/tr-069-acs/FR-1028-acs-logs-event.md,370
1029,FR-1029,TR-069 / ACS,ACS Logs,OPERATIONS,requirements/tr-069-acs/FR-1029-acs-logs-operations.md,362
1030,FR-1030,TR-069 / ACS,Security,UI,requirements/tr-069-acs/FR-1030-security-ui.md,393
1031,FR-1031,TR-069 / ACS,Security,BACKEND,requirements/tr-069-acs/FR-1031-security-backend.md,376
1032,FR-1032,TR-069 / ACS,Security,API,requirements/tr-069-acs/FR-1032-security-api.md,373
1033,FR-1033,TR-069 / ACS,Security,SECURITY,requirements/tr-069-acs/FR-1033-security-security.md,378
1034,FR-1034,TR-069 / ACS,Security,TEST,requirements/tr-069-acs/FR-1034-security-test.md,366
1035,FR-1035,TR-069 / ACS,Security,EVENT,requirements/tr-069-acs/FR-1035-security-event.md,367
1036,FR-1036,TR-069 / ACS,Security,OPERATIONS,requirements/tr-069-acs/FR-1036-security-operations.md,359
1037,FR-1037,TR-069 / ACS,Device Discovery,UI,requirements/tr-069-acs/FR-1037-device-discovery-ui.md,397
1038,FR-1038,TR-069 / ACS,Device Discovery,BACKEND,requirements/tr-069-acs/FR-1038-device-discovery-backend.md,379
1039,FR-1039,TR-069 / ACS,Device Discovery,API,requirements/tr-069-acs/FR-1039-device-discovery-api.md,376
1040,FR-1040,TR-069 / ACS,Device Discovery,SECURITY,requirements/tr-069-acs/FR-1040-device-discovery-security.md,381
1041,FR-1041,TR-069 / ACS,Device Discovery,TEST,requirements/tr-069-acs/FR-1041-device-discovery-test.md,369
1042,FR-1042,TR-069 / ACS,Device Discovery,EVENT,requirements/tr-069-acs/FR-1042-device-discovery-event.md,370
1043,FR-1043,TR-069 / ACS,Device Discovery,OPERATIONS,requirements/tr-069-acs/FR-1043-device-discovery-operations.md,362
1044,FR-1044,TR-069 / ACS,Unknown CPE Queue,UI,requirements/tr-069-acs/FR-1044-unknown-cpe-queue-ui.md,401
1045,FR-1045,TR-069 / ACS,Unknown CPE Queue,BACKEND,requirements/tr-069-acs/FR-1045-unknown-cpe-queue-backend.md,382
1046,FR-1046,TR-069 / ACS,Unknown CPE Queue,API,requirements/tr-069-acs/FR-1046-unknown-cpe-queue-api.md,379
1047,FR-1047,TR-069 / ACS,Unknown CPE Queue,SECURITY,requirements/tr-069-acs/FR-1047-unknown-cpe-queue-security.md,384
1048,FR-1048,TR-069 / ACS,Unknown CPE Queue,TEST,requirements/tr-069-acs/FR-1048-unknown-cpe-queue-test.md,372
1049,FR-1049,TR-069 / ACS,Unknown CPE Queue,EVENT,requirements/tr-069-acs/FR-1049-unknown-cpe-queue-event.md,373
1050,FR-1050,TR-069 / ACS,Unknown CPE Queue,OPERATIONS,requirements/tr-069-acs/FR-1050-unknown-cpe-queue-operations.md,365
1051,FR-1051,TR-069 / ACS,Periodic Inform,UI,requirements/tr-069-acs/FR-1051-periodic-inform-ui.md,397
1052,FR-1052,TR-069 / ACS,Periodic Inform,BACKEND,requirements/tr-069-acs/FR-1052-periodic-inform-backend.md,379
1053,FR-1053,TR-069 / ACS,Periodic Inform,API,requirements/tr-069-acs/FR-1053-periodic-inform-api.md,376
1054,FR-1054,TR-069 / ACS,Periodic Inform,SECURITY,requirements/tr-069-acs/FR-1054-periodic-inform-security.md,381
1055,FR-1055,TR-069 / ACS,Periodic Inform,TEST,requirements/tr-069-acs/FR-1055-periodic-inform-test.md,369
1056,FR-1056,TR-069 / ACS,Periodic Inform,EVENT,requirements/tr-069-acs/FR-1056-periodic-inform-event.md,370
1057,FR-1057,TR-069 / ACS,Periodic Inform,OPERATIONS,requirements/tr-069-acs/FR-1057-periodic-inform-operations.md,362
1058,FR-1058,TR-069 / ACS,Inform Retry Policy,UI,requirements/tr-069-acs/FR-1058-inform-retry-policy-ui.md,401
1059,FR-1059,TR-069 / ACS,Inform Retry Policy,BACKEND,requirements/tr-069-acs/FR-1059-inform-retry-policy-backend.md,382
1060,FR-1060,TR-069 / ACS,Inform Retry Policy,API,requirements/tr-069-acs/FR-1060-inform-retry-policy-api.md,379
1061,FR-1061,TR-069 / ACS,Inform Retry Policy,SECURITY,requirements/tr-069-acs/FR-1061-inform-retry-policy-security.md,384
1062,FR-1062,TR-069 / ACS,Inform Retry Policy,TEST,requirements/tr-069-acs/FR-1062-inform-retry-policy-test.md,372
1063,FR-1063,TR-069 / ACS,Inform Retry Policy,EVENT,requirements/tr-069-acs/FR-1063-inform-retry-policy-event.md,373
1064,FR-1064,TR-069 / ACS,Inform Retry Policy,OPERATIONS,requirements/tr-069-acs/FR-1064-inform-retry-policy-operations.md,365
1065,FR-1065,TR-069 / ACS,Task Queue,UI,requirements/tr-069-acs/FR-1065-task-queue-ui.md,397
1066,FR-1066,TR-069 / ACS,Task Queue,BACKEND,requirements/tr-069-acs/FR-1066-task-queue-backend.md,379
1067,FR-1067,TR-069 / ACS,Task Queue,API,requirements/tr-069-acs/FR-1067-task-queue-api.md,376
1068,FR-1068,TR-069 / ACS,Task Queue,SECURITY,requirements/tr-069-acs/FR-1068-task-queue-security.md,381
1069,FR-1069,TR-069 / ACS,Task Queue,TEST,requirements/tr-069-acs/FR-1069-task-queue-test.md,369
1070,FR-1070,TR-069 / ACS,Task Queue,EVENT,requirements/tr-069-acs/FR-1070-task-queue-event.md,370
1071,FR-1071,TR-069 / ACS,Task Queue,OPERATIONS,requirements/tr-069-acs/FR-1071-task-queue-operations.md,362
1072,FR-1072,TR-069 / ACS,Read-back Verification,UI,requirements/tr-069-acs/FR-1072-read-back-verification-ui.md,397
1073,FR-1073,TR-069 / ACS,Read-back Verification,BACKEND,requirements/tr-069-acs/FR-1073-read-back-verification-backend.md,379
1074,FR-1074,TR-069 / ACS,Read-back Verification,API,requirements/tr-069-acs/FR-1074-read-back-verification-api.md,376
1075,FR-1075,TR-069 / ACS,Read-back Verification,SECURITY,requirements/tr-069-acs/FR-1075-read-back-verification-security.md,381
1076,FR-1076,TR-069 / ACS,Read-back Verification,TEST,requirements/tr-069-acs/FR-1076-read-back-verification-test.md,369
1077,FR-1077,TR-069 / ACS,Read-back Verification,EVENT,requirements/tr-069-acs/FR-1077-read-back-verification-event.md,370
1078,FR-1078,TR-069 / ACS,Read-back Verification,OPERATIONS,requirements/tr-069-acs/FR-1078-read-back-verification-operations.md,362
1079,FR-1079,TR-069 / ACS,Parameter Explorer,UI,requirements/tr-069-acs/FR-1079-parameter-explorer-ui.md,397
1080,FR-1080,TR-069 / ACS,Parameter Explorer,BACKEND,requirements/tr-069-acs/FR-1080-parameter-explorer-backend.md,379
1081,FR-1081,TR-069 / ACS,Parameter Explorer,API,requirements/tr-069-acs/FR-1081-parameter-explorer-api.md,376
1082,FR-1082,TR-069 / ACS,Parameter Explorer,SECURITY,requirements/tr-069-acs/FR-1082-parameter-explorer-security.md,381
1083,FR-1083,TR-069 / ACS,Parameter Explorer,TEST,requirements/tr-069-acs/FR-1083-parameter-explorer-test.md,369
1084,FR-1084,TR-069 / ACS,Parameter Explorer,EVENT,requirements/tr-069-acs/FR-1084-parameter-explorer-event.md,370
1085,FR-1085,TR-069 / ACS,Parameter Explorer,OPERATIONS,requirements/tr-069-acs/FR-1085-parameter-explorer-operations.md,362
1086,FR-1086,TR-069 / ACS,GetParameterValues,UI,requirements/tr-069-acs/FR-1086-getparametervalues-ui.md,393
1087,FR-1087,TR-069 / ACS,GetParameterValues,BACKEND,requirements/tr-069-acs/FR-1087-getparametervalues-backend.md,376
1088,FR-1088,TR-069 / ACS,GetParameterValues,API,requirements/tr-069-acs/FR-1088-getparametervalues-api.md,373
1089,FR-1089,TR-069 / ACS,GetParameterValues,SECURITY,requirements/tr-069-acs/FR-1089-getparametervalues-security.md,378
1090,FR-1090,TR-069 / ACS,GetParameterValues,TEST,requirements/tr-069-acs/FR-1090-getparametervalues-test.md,366
1091,FR-1091,TR-069 / ACS,GetParameterValues,EVENT,requirements/tr-069-acs/FR-1091-getparametervalues-event.md,367
1092,FR-1092,TR-069 / ACS,GetParameterValues,OPERATIONS,requirements/tr-069-acs/FR-1092-getparametervalues-operations.md,359
1093,FR-1093,TR-069 / ACS,SetParameterValues,UI,requirements/tr-069-acs/FR-1093-setparametervalues-ui.md,393
1094,FR-1094,TR-069 / ACS,SetParameterValues,BACKEND,requirements/tr-069-acs/FR-1094-setparametervalues-backend.md,376
1095,FR-1095,TR-069 / ACS,SetParameterValues,API,requirements/tr-069-acs/FR-1095-setparametervalues-api.md,373
1096,FR-1096,TR-069 / ACS,SetParameterValues,SECURITY,requirements/tr-069-acs/FR-1096-setparametervalues-security.md,378
1097,FR-1097,TR-069 / ACS,SetParameterValues,TEST,requirements/tr-069-acs/FR-1097-setparametervalues-test.md,366
1098,FR-1098,TR-069 / ACS,SetParameterValues,EVENT,requirements/tr-069-acs/FR-1098-setparametervalues-event.md,367
1099,FR-1099,TR-069 / ACS,SetParameterValues,OPERATIONS,requirements/tr-069-acs/FR-1099-setparametervalues-operations.md,359
1100,FR-1100,TR-069 / ACS,Download RPC,UI,requirements/tr-069-acs/FR-1100-download-rpc-ui.md,397
1101,FR-1101,TR-069 / ACS,Download RPC,BACKEND,requirements/tr-069-acs/FR-1101-download-rpc-backend.md,379
1102,FR-1102,TR-069 / ACS,Download RPC,API,requirements/tr-069-acs/FR-1102-download-rpc-api.md,376
1103,FR-1103,TR-069 / ACS,Download RPC,SECURITY,requirements/tr-069-acs/FR-1103-download-rpc-security.md,381
1104,FR-1104,TR-069 / ACS,Download RPC,TEST,requirements/tr-069-acs/FR-1104-download-rpc-test.md,369
1105,FR-1105,TR-069 / ACS,Download RPC,EVENT,requirements/tr-069-acs/FR-1105-download-rpc-event.md,370
1106,FR-1106,TR-069 / ACS,Download RPC,OPERATIONS,requirements/tr-069-acs/FR-1106-download-rpc-operations.md,362
1107,FR-1107,TR-069 / ACS,Upload RPC,UI,requirements/tr-069-acs/FR-1107-upload-rpc-ui.md,397
1108,FR-1108,TR-069 / ACS,Upload RPC,BACKEND,requirements/tr-069-acs/FR-1108-upload-rpc-backend.md,379
1109,FR-1109,TR-069 / ACS,Upload RPC,API,requirements/tr-069-acs/FR-1109-upload-rpc-api.md,376
1110,FR-1110,TR-069 / ACS,Upload RPC,SECURITY,requirements/tr-069-acs/FR-1110-upload-rpc-security.md,381
1111,FR-1111,TR-069 / ACS,Upload RPC,TEST,requirements/tr-069-acs/FR-1111-upload-rpc-test.md,369
1112,FR-1112,TR-069 / ACS,Upload RPC,EVENT,requirements/tr-069-acs/FR-1112-upload-rpc-event.md,370
1113,FR-1113,TR-069 / ACS,Upload RPC,OPERATIONS,requirements/tr-069-acs/FR-1113-upload-rpc-operations.md,362
1114,FR-1114,TR-069 / ACS,Reboot RPC,UI,requirements/tr-069-acs/FR-1114-reboot-rpc-ui.md,397
1115,FR-1115,TR-069 / ACS,Reboot RPC,BACKEND,requirements/tr-069-acs/FR-1115-reboot-rpc-backend.md,379
1116,FR-1116,TR-069 / ACS,Reboot RPC,API,requirements/tr-069-acs/FR-1116-reboot-rpc-api.md,376
1117,FR-1117,TR-069 / ACS,Reboot RPC,SECURITY,requirements/tr-069-acs/FR-1117-reboot-rpc-security.md,381
1118,FR-1118,TR-069 / ACS,Reboot RPC,TEST,requirements/tr-069-acs/FR-1118-reboot-rpc-test.md,369
1119,FR-1119,TR-069 / ACS,Reboot RPC,EVENT,requirements/tr-069-acs/FR-1119-reboot-rpc-event.md,370
1120,FR-1120,TR-069 / ACS,Reboot RPC,OPERATIONS,requirements/tr-069-acs/FR-1120-reboot-rpc-operations.md,362
1121,FR-1121,TR-069 / ACS,Factory Reset Policy,UI,requirements/tr-069-acs/FR-1121-factory-reset-policy-ui.md,401
1122,FR-1122,TR-069 / ACS,Factory Reset Policy,BACKEND,requirements/tr-069-acs/FR-1122-factory-reset-policy-backend.md,382
1123,FR-1123,TR-069 / ACS,Factory Reset Policy,API,requirements/tr-069-acs/FR-1123-factory-reset-policy-api.md,379
1124,FR-1124,TR-069 / ACS,Factory Reset Policy,SECURITY,requirements/tr-069-acs/FR-1124-factory-reset-policy-security.md,384
1125,FR-1125,TR-069 / ACS,Factory Reset Policy,TEST,requirements/tr-069-acs/FR-1125-factory-reset-policy-test.md,372
1126,FR-1126,TR-069 / ACS,Factory Reset Policy,EVENT,requirements/tr-069-acs/FR-1126-factory-reset-policy-event.md,373
1127,FR-1127,TR-069 / ACS,Factory Reset Policy,OPERATIONS,requirements/tr-069-acs/FR-1127-factory-reset-policy-operations.md,365
1128,FR-1128,TR-069 / ACS,Configuration Download,UI,requirements/tr-069-acs/FR-1128-configuration-download-ui.md,397
1129,FR-1129,TR-069 / ACS,Configuration Download,BACKEND,requirements/tr-069-acs/FR-1129-configuration-download-backend.md,379
1130,FR-1130,TR-069 / ACS,Configuration Download,API,requirements/tr-069-acs/FR-1130-configuration-download-api.md,376
1131,FR-1131,TR-069 / ACS,Configuration Download,SECURITY,requirements/tr-069-acs/FR-1131-configuration-download-security.md,381
1132,FR-1132,TR-069 / ACS,Configuration Download,TEST,requirements/tr-069-acs/FR-1132-configuration-download-test.md,369
1133,FR-1133,TR-069 / ACS,Configuration Download,EVENT,requirements/tr-069-acs/FR-1133-configuration-download-event.md,370
1134,FR-1134,TR-069 / ACS,Configuration Download,OPERATIONS,requirements/tr-069-acs/FR-1134-configuration-download-operations.md,362
1135,FR-1135,TR-069 / ACS,Firmware Rollout,UI,requirements/tr-069-acs/FR-1135-firmware-rollout-ui.md,397
1136,FR-1136,TR-069 / ACS,Firmware Rollout,BACKEND,requirements/tr-069-acs/FR-1136-firmware-rollout-backend.md,379
1137,FR-1137,TR-069 / ACS,Firmware Rollout,API,requirements/tr-069-acs/FR-1137-firmware-rollout-api.md,376
1138,FR-1138,TR-069 / ACS,Firmware Rollout,SECURITY,requirements/tr-069-acs/FR-1138-firmware-rollout-security.md,381
1139,FR-1139,TR-069 / ACS,Firmware Rollout,TEST,requirements/tr-069-acs/FR-1139-firmware-rollout-test.md,369
1140,FR-1140,TR-069 / ACS,Firmware Rollout,EVENT,requirements/tr-069-acs/FR-1140-firmware-rollout-event.md,370
1141,FR-1141,TR-069 / ACS,Firmware Rollout,OPERATIONS,requirements/tr-069-acs/FR-1141-firmware-rollout-operations.md,362
1142,FR-1142,TR-069 / ACS,Canary Deployment,UI,requirements/tr-069-acs/FR-1142-canary-deployment-ui.md,397
1143,FR-1143,TR-069 / ACS,Canary Deployment,BACKEND,requirements/tr-069-acs/FR-1143-canary-deployment-backend.md,379
1144,FR-1144,TR-069 / ACS,Canary Deployment,API,requirements/tr-069-acs/FR-1144-canary-deployment-api.md,376
1145,FR-1145,TR-069 / ACS,Canary Deployment,SECURITY,requirements/tr-069-acs/FR-1145-canary-deployment-security.md,381
1146,FR-1146,TR-069 / ACS,Canary Deployment,TEST,requirements/tr-069-acs/FR-1146-canary-deployment-test.md,369
1147,FR-1147,TR-069 / ACS,Canary Deployment,EVENT,requirements/tr-069-acs/FR-1147-canary-deployment-event.md,370
1148,FR-1148,TR-069 / ACS,Canary Deployment,OPERATIONS,requirements/tr-069-acs/FR-1148-canary-deployment-operations.md,362
1149,FR-1149,USP / TR-369,USP Dashboard,UI,requirements/usp-tr-369/FR-1149-usp-dashboard-ui.md,395
1150,FR-1150,USP / TR-369,USP Dashboard,BACKEND,requirements/usp-tr-369/FR-1150-usp-dashboard-backend.md,374
1151,FR-1151,USP / TR-369,USP Dashboard,API,requirements/usp-tr-369/FR-1151-usp-dashboard-api.md,374
1152,FR-1152,USP / TR-369,USP Dashboard,SECURITY,requirements/usp-tr-369/FR-1152-usp-dashboard-security.md,379
1153,FR-1153,USP / TR-369,USP Dashboard,TEST,requirements/usp-tr-369/FR-1153-usp-dashboard-test.md,367
1154,FR-1154,USP / TR-369,USP Dashboard,EVENT,requirements/usp-tr-369/FR-1154-usp-dashboard-event.md,368
1155,FR-1155,USP / TR-369,USP Dashboard,OPERATIONS,requirements/usp-tr-369/FR-1155-usp-dashboard-operations.md,360
1156,FR-1156,USP / TR-369,USP Controllers,UI,requirements/usp-tr-369/FR-1156-usp-controllers-ui.md,395
1157,FR-1157,USP / TR-369,USP Controllers,BACKEND,requirements/usp-tr-369/FR-1157-usp-controllers-backend.md,374
1158,FR-1158,USP / TR-369,USP Controllers,API,requirements/usp-tr-369/FR-1158-usp-controllers-api.md,374
1159,FR-1159,USP / TR-369,USP Controllers,SECURITY,requirements/usp-tr-369/FR-1159-usp-controllers-security.md,379
1160,FR-1160,USP / TR-369,USP Controllers,TEST,requirements/usp-tr-369/FR-1160-usp-controllers-test.md,367
1161,FR-1161,USP / TR-369,USP Controllers,EVENT,requirements/usp-tr-369/FR-1161-usp-controllers-event.md,368
1162,FR-1162,USP / TR-369,USP Controllers,OPERATIONS,requirements/usp-tr-369/FR-1162-usp-controllers-operations.md,360
1163,FR-1163,USP / TR-369,USP Agents,UI,requirements/usp-tr-369/FR-1163-usp-agents-ui.md,395
1164,FR-1164,USP / TR-369,USP Agents,BACKEND,requirements/usp-tr-369/FR-1164-usp-agents-backend.md,374
1165,FR-1165,USP / TR-369,USP Agents,API,requirements/usp-tr-369/FR-1165-usp-agents-api.md,374
1166,FR-1166,USP / TR-369,USP Agents,SECURITY,requirements/usp-tr-369/FR-1166-usp-agents-security.md,379
1167,FR-1167,USP / TR-369,USP Agents,TEST,requirements/usp-tr-369/FR-1167-usp-agents-test.md,367
1168,FR-1168,USP / TR-369,USP Agents,EVENT,requirements/usp-tr-369/FR-1168-usp-agents-event.md,368
1169,FR-1169,USP / TR-369,USP Agents,OPERATIONS,requirements/usp-tr-369/FR-1169-usp-agents-operations.md,360
1170,FR-1170,USP / TR-369,MTP Profiles,UI,requirements/usp-tr-369/FR-1170-mtp-profiles-ui.md,395
1171,FR-1171,USP / TR-369,MTP Profiles,BACKEND,requirements/usp-tr-369/FR-1171-mtp-profiles-backend.md,374
1172,FR-1172,USP / TR-369,MTP Profiles,API,requirements/usp-tr-369/FR-1172-mtp-profiles-api.md,374
1173,FR-1173,USP / TR-369,MTP Profiles,SECURITY,requirements/usp-tr-369/FR-1173-mtp-profiles-security.md,379
1174,FR-1174,USP / TR-369,MTP Profiles,TEST,requirements/usp-tr-369/FR-1174-mtp-profiles-test.md,367
1175,FR-1175,USP / TR-369,MTP Profiles,EVENT,requirements/usp-tr-369/FR-1175-mtp-profiles-event.md,368
1176,FR-1176,USP / TR-369,MTP Profiles,OPERATIONS,requirements/usp-tr-369/FR-1176-mtp-profiles-operations.md,360
1177,FR-1177,USP / TR-369,MQTT Profiles,UI,requirements/usp-tr-369/FR-1177-mqtt-profiles-ui.md,395
1178,FR-1178,USP / TR-369,MQTT Profiles,BACKEND,requirements/usp-tr-369/FR-1178-mqtt-profiles-backend.md,374
1179,FR-1179,USP / TR-369,MQTT Profiles,API,requirements/usp-tr-369/FR-1179-mqtt-profiles-api.md,374
1180,FR-1180,USP / TR-369,MQTT Profiles,SECURITY,requirements/usp-tr-369/FR-1180-mqtt-profiles-security.md,379
1181,FR-1181,USP / TR-369,MQTT Profiles,TEST,requirements/usp-tr-369/FR-1181-mqtt-profiles-test.md,367
1182,FR-1182,USP / TR-369,MQTT Profiles,EVENT,requirements/usp-tr-369/FR-1182-mqtt-profiles-event.md,368
1183,FR-1183,USP / TR-369,MQTT Profiles,OPERATIONS,requirements/usp-tr-369/FR-1183-mqtt-profiles-operations.md,360
1184,FR-1184,USP / TR-369,WebSocket Profiles,UI,requirements/usp-tr-369/FR-1184-websocket-profiles-ui.md,395
1185,FR-1185,USP / TR-369,WebSocket Profiles,BACKEND,requirements/usp-tr-369/FR-1185-websocket-profiles-backend.md,374
1186,FR-1186,USP / TR-369,WebSocket Profiles,API,requirements/usp-tr-369/FR-1186-websocket-profiles-api.md,374
1187,FR-1187,USP / TR-369,WebSocket Profiles,SECURITY,requirements/usp-tr-369/FR-1187-websocket-profiles-security.md,379
1188,FR-1188,USP / TR-369,WebSocket Profiles,TEST,requirements/usp-tr-369/FR-1188-websocket-profiles-test.md,367
1189,FR-1189,USP / TR-369,WebSocket Profiles,EVENT,requirements/usp-tr-369/FR-1189-websocket-profiles-event.md,368
1190,FR-1190,USP / TR-369,WebSocket Profiles,OPERATIONS,requirements/usp-tr-369/FR-1190-websocket-profiles-operations.md,360
1191,FR-1191,USP / TR-369,Parameter Models,UI,requirements/usp-tr-369/FR-1191-parameter-models-ui.md,395
1192,FR-1192,USP / TR-369,Parameter Models,BACKEND,requirements/usp-tr-369/FR-1192-parameter-models-backend.md,374
1193,FR-1193,USP / TR-369,Parameter Models,API,requirements/usp-tr-369/FR-1193-parameter-models-api.md,374
1194,FR-1194,USP / TR-369,Parameter Models,SECURITY,requirements/usp-tr-369/FR-1194-parameter-models-security.md,379
1195,FR-1195,USP / TR-369,Parameter Models,TEST,requirements/usp-tr-369/FR-1195-parameter-models-test.md,367
1196,FR-1196,USP / TR-369,Parameter Models,EVENT,requirements/usp-tr-369/FR-1196-parameter-models-event.md,368
1197,FR-1197,USP / TR-369,Parameter Models,OPERATIONS,requirements/usp-tr-369/FR-1197-parameter-models-operations.md,360
1198,FR-1198,USP / TR-369,Event Subscriptions,UI,requirements/usp-tr-369/FR-1198-event-subscriptions-ui.md,395
1199,FR-1199,USP / TR-369,Event Subscriptions,BACKEND,requirements/usp-tr-369/FR-1199-event-subscriptions-backend.md,374
1200,FR-1200,USP / TR-369,Event Subscriptions,API,requirements/usp-tr-369/FR-1200-event-subscriptions-api.md,374
1201,FR-1201,USP / TR-369,Event Subscriptions,SECURITY,requirements/usp-tr-369/FR-1201-event-subscriptions-security.md,379
1202,FR-1202,USP / TR-369,Event Subscriptions,TEST,requirements/usp-tr-369/FR-1202-event-subscriptions-test.md,367
1203,FR-1203,USP / TR-369,Event Subscriptions,EVENT,requirements/usp-tr-369/FR-1203-event-subscriptions-event.md,368
1204,FR-1204,USP / TR-369,Event Subscriptions,OPERATIONS,requirements/usp-tr-369/FR-1204-event-subscriptions-operations.md,360
1205,FR-1205,USP / TR-369,Operations,UI,requirements/usp-tr-369/FR-1205-operations-ui.md,391
1206,FR-1206,USP / TR-369,Operations,BACKEND,requirements/usp-tr-369/FR-1206-operations-backend.md,371
1207,FR-1207,USP / TR-369,Operations,API,requirements/usp-tr-369/FR-1207-operations-api.md,371
1208,FR-1208,USP / TR-369,Operations,SECURITY,requirements/usp-tr-369/FR-1208-operations-security.md,376
1209,FR-1209,USP / TR-369,Operations,TEST,requirements/usp-tr-369/FR-1209-operations-test.md,364
1210,FR-1210,USP / TR-369,Operations,EVENT,requirements/usp-tr-369/FR-1210-operations-event.md,365
1211,FR-1211,USP / TR-369,Operations,OPERATIONS,requirements/usp-tr-369/FR-1211-operations-operations.md,357
1212,FR-1212,USP / TR-369,Commands,UI,requirements/usp-tr-369/FR-1212-commands-ui.md,391
1213,FR-1213,USP / TR-369,Commands,BACKEND,requirements/usp-tr-369/FR-1213-commands-backend.md,371
1214,FR-1214,USP / TR-369,Commands,API,requirements/usp-tr-369/FR-1214-commands-api.md,371
1215,FR-1215,USP / TR-369,Commands,SECURITY,requirements/usp-tr-369/FR-1215-commands-security.md,376
1216,FR-1216,USP / TR-369,Commands,TEST,requirements/usp-tr-369/FR-1216-commands-test.md,364
1217,FR-1217,USP / TR-369,Commands,EVENT,requirements/usp-tr-369/FR-1217-commands-event.md,365
1218,FR-1218,USP / TR-369,Commands,OPERATIONS,requirements/usp-tr-369/FR-1218-commands-operations.md,357
1219,FR-1219,USP / TR-369,USP Security,UI,requirements/usp-tr-369/FR-1219-usp-security-ui.md,395
1220,FR-1220,USP / TR-369,USP Security,BACKEND,requirements/usp-tr-369/FR-1220-usp-security-backend.md,374
1221,FR-1221,USP / TR-369,USP Security,API,requirements/usp-tr-369/FR-1221-usp-security-api.md,374
1222,FR-1222,USP / TR-369,USP Security,SECURITY,requirements/usp-tr-369/FR-1222-usp-security-security.md,379
1223,FR-1223,USP / TR-369,USP Security,TEST,requirements/usp-tr-369/FR-1223-usp-security-test.md,367
1224,FR-1224,USP / TR-369,USP Security,EVENT,requirements/usp-tr-369/FR-1224-usp-security-event.md,368
1225,FR-1225,USP / TR-369,USP Security,OPERATIONS,requirements/usp-tr-369/FR-1225-usp-security-operations.md,360
1226,FR-1226,USP / TR-369,Certificate Management,UI,requirements/usp-tr-369/FR-1226-certificate-management-ui.md,395
1227,FR-1227,USP / TR-369,Certificate Management,BACKEND,requirements/usp-tr-369/FR-1227-certificate-management-backend.md,374
1228,FR-1228,USP / TR-369,Certificate Management,API,requirements/usp-tr-369/FR-1228-certificate-management-api.md,374
1229,FR-1229,USP / TR-369,Certificate Management,SECURITY,requirements/usp-tr-369/FR-1229-certificate-management-security.md,379
1230,FR-1230,USP / TR-369,Certificate Management,TEST,requirements/usp-tr-369/FR-1230-certificate-management-test.md,367
1231,FR-1231,USP / TR-369,Certificate Management,EVENT,requirements/usp-tr-369/FR-1231-certificate-management-event.md,368
1232,FR-1232,USP / TR-369,Certificate Management,OPERATIONS,requirements/usp-tr-369/FR-1232-certificate-management-operations.md,360
1233,FR-1233,USP / TR-369,Agent Discovery,UI,requirements/usp-tr-369/FR-1233-agent-discovery-ui.md,395
1234,FR-1234,USP / TR-369,Agent Discovery,BACKEND,requirements/usp-tr-369/FR-1234-agent-discovery-backend.md,374
1235,FR-1235,USP / TR-369,Agent Discovery,API,requirements/usp-tr-369/FR-1235-agent-discovery-api.md,374
1236,FR-1236,USP / TR-369,Agent Discovery,SECURITY,requirements/usp-tr-369/FR-1236-agent-discovery-security.md,379
1237,FR-1237,USP / TR-369,Agent Discovery,TEST,requirements/usp-tr-369/FR-1237-agent-discovery-test.md,367
1238,FR-1238,USP / TR-369,Agent Discovery,EVENT,requirements/usp-tr-369/FR-1238-agent-discovery-event.md,368
1239,FR-1239,USP / TR-369,Agent Discovery,OPERATIONS,requirements/usp-tr-369/FR-1239-agent-discovery-operations.md,360
1240,FR-1240,USP / TR-369,Managed Wi-Fi,UI,requirements/usp-tr-369/FR-1240-managed-wi-fi-ui.md,395
1241,FR-1241,USP / TR-369,Managed Wi-Fi,BACKEND,requirements/usp-tr-369/FR-1241-managed-wi-fi-backend.md,374
1242,FR-1242,USP / TR-369,Managed Wi-Fi,API,requirements/usp-tr-369/FR-1242-managed-wi-fi-api.md,374
1243,FR-1243,USP / TR-369,Managed Wi-Fi,SECURITY,requirements/usp-tr-369/FR-1243-managed-wi-fi-security.md,379
1244,FR-1244,USP / TR-369,Managed Wi-Fi,TEST,requirements/usp-tr-369/FR-1244-managed-wi-fi-test.md,367
1245,FR-1245,USP / TR-369,Managed Wi-Fi,EVENT,requirements/usp-tr-369/FR-1245-managed-wi-fi-event.md,368
1246,FR-1246,USP / TR-369,Managed Wi-Fi,OPERATIONS,requirements/usp-tr-369/FR-1246-managed-wi-fi-operations.md,360
1247,FR-1247,USP / TR-369,Telemetry,UI,requirements/usp-tr-369/FR-1247-telemetry-ui.md,391
1248,FR-1248,USP / TR-369,Telemetry,BACKEND,requirements/usp-tr-369/FR-1248-telemetry-backend.md,371
1249,FR-1249,USP / TR-369,Telemetry,API,requirements/usp-tr-369/FR-1249-telemetry-api.md,371
1250,FR-1250,USP / TR-369,Telemetry,SECURITY,requirements/usp-tr-369/FR-1250-telemetry-security.md,376
1251,FR-1251,USP / TR-369,Telemetry,TEST,requirements/usp-tr-369/FR-1251-telemetry-test.md,364
1252,FR-1252,USP / TR-369,Telemetry,EVENT,requirements/usp-tr-369/FR-1252-telemetry-event.md,365
1253,FR-1253,USP / TR-369,Telemetry,OPERATIONS,requirements/usp-tr-369/FR-1253-telemetry-operations.md,357
1254,FR-1254,USP / TR-369,Bulk Data Collection,UI,requirements/usp-tr-369/FR-1254-bulk-data-collection-ui.md,399
1255,FR-1255,USP / TR-369,Bulk Data Collection,BACKEND,requirements/usp-tr-369/FR-1255-bulk-data-collection-backend.md,377
1256,FR-1256,USP / TR-369,Bulk Data Collection,API,requirements/usp-tr-369/FR-1256-bulk-data-collection-api.md,377
1257,FR-1257,USP / TR-369,Bulk Data Collection,SECURITY,requirements/usp-tr-369/FR-1257-bulk-data-collection-security.md,382
1258,FR-1258,USP / TR-369,Bulk Data Collection,TEST,requirements/usp-tr-369/FR-1258-bulk-data-collection-test.md,370
1259,FR-1259,USP / TR-369,Bulk Data Collection,EVENT,requirements/usp-tr-369/FR-1259-bulk-data-collection-event.md,371
1260,FR-1260,USP / TR-369,Bulk Data Collection,OPERATIONS,requirements/usp-tr-369/FR-1260-bulk-data-collection-operations.md,363
1261,FR-1261,USP / TR-369,USP Provisioning,UI,requirements/usp-tr-369/FR-1261-usp-provisioning-ui.md,395
1262,FR-1262,USP / TR-369,USP Provisioning,BACKEND,requirements/usp-tr-369/FR-1262-usp-provisioning-backend.md,374
1263,FR-1263,USP / TR-369,USP Provisioning,API,requirements/usp-tr-369/FR-1263-usp-provisioning-api.md,374
1264,FR-1264,USP / TR-369,USP Provisioning,SECURITY,requirements/usp-tr-369/FR-1264-usp-provisioning-security.md,379
1265,FR-1265,USP / TR-369,USP Provisioning,TEST,requirements/usp-tr-369/FR-1265-usp-provisioning-test.md,367
1266,FR-1266,USP / TR-369,USP Provisioning,EVENT,requirements/usp-tr-369/FR-1266-usp-provisioning-event.md,368
1267,FR-1267,USP / TR-369,USP Provisioning,OPERATIONS,requirements/usp-tr-369/FR-1267-usp-provisioning-operations.md,360
1268,FR-1268,USP / TR-369,USP Diagnostics,UI,requirements/usp-tr-369/FR-1268-usp-diagnostics-ui.md,395
1269,FR-1269,USP / TR-369,USP Diagnostics,BACKEND,requirements/usp-tr-369/FR-1269-usp-diagnostics-backend.md,374
1270,FR-1270,USP / TR-369,USP Diagnostics,API,requirements/usp-tr-369/FR-1270-usp-diagnostics-api.md,374
1271,FR-1271,USP / TR-369,USP Diagnostics,SECURITY,requirements/usp-tr-369/FR-1271-usp-diagnostics-security.md,379
1272,FR-1272,USP / TR-369,USP Diagnostics,TEST,requirements/usp-tr-369/FR-1272-usp-diagnostics-test.md,367
1273,FR-1273,USP / TR-369,USP Diagnostics,EVENT,requirements/usp-tr-369/FR-1273-usp-diagnostics-event.md,368
1274,FR-1274,USP / TR-369,USP Diagnostics,OPERATIONS,requirements/usp-tr-369/FR-1274-usp-diagnostics-operations.md,360
1275,FR-1275,USP / TR-369,USP History,UI,requirements/usp-tr-369/FR-1275-usp-history-ui.md,395
1276,FR-1276,USP / TR-369,USP History,BACKEND,requirements/usp-tr-369/FR-1276-usp-history-backend.md,374
1277,FR-1277,USP / TR-369,USP History,API,requirements/usp-tr-369/FR-1277-usp-history-api.md,374
1278,FR-1278,USP / TR-369,USP History,SECURITY,requirements/usp-tr-369/FR-1278-usp-history-security.md,379
1279,FR-1279,USP / TR-369,USP History,TEST,requirements/usp-tr-369/FR-1279-usp-history-test.md,367
1280,FR-1280,USP / TR-369,USP History,EVENT,requirements/usp-tr-369/FR-1280-usp-history-event.md,368
1281,FR-1281,USP / TR-369,USP History,OPERATIONS,requirements/usp-tr-369/FR-1281-usp-history-operations.md,360
1282,FR-1282,ISP CRM,Customer Dashboard,UI,requirements/isp-crm/FR-1282-customer-dashboard-ui.md,392
1283,FR-1283,ISP CRM,Customer Dashboard,BACKEND,requirements/isp-crm/FR-1283-customer-dashboard-backend.md,372
1284,FR-1284,ISP CRM,Customer Dashboard,API,requirements/isp-crm/FR-1284-customer-dashboard-api.md,373
1285,FR-1285,ISP CRM,Customer Dashboard,SECURITY,requirements/isp-crm/FR-1285-customer-dashboard-security.md,378
1286,FR-1286,ISP CRM,Customer Dashboard,TEST,requirements/isp-crm/FR-1286-customer-dashboard-test.md,366
1287,FR-1287,ISP CRM,Customer Dashboard,EVENT,requirements/isp-crm/FR-1287-customer-dashboard-event.md,367
1288,FR-1288,ISP CRM,Customer Dashboard,OPERATIONS,requirements/isp-crm/FR-1288-customer-dashboard-operations.md,359
1289,FR-1289,ISP CRM,All Customers,UI,requirements/isp-crm/FR-1289-all-customers-ui.md,392
1290,FR-1290,ISP CRM,All Customers,BACKEND,requirements/isp-crm/FR-1290-all-customers-backend.md,372
1291,FR-1291,ISP CRM,All Customers,API,requirements/isp-crm/FR-1291-all-customers-api.md,373
1292,FR-1292,ISP CRM,All Customers,SECURITY,requirements/isp-crm/FR-1292-all-customers-security.md,378
1293,FR-1293,ISP CRM,All Customers,TEST,requirements/isp-crm/FR-1293-all-customers-test.md,366
1294,FR-1294,ISP CRM,All Customers,EVENT,requirements/isp-crm/FR-1294-all-customers-event.md,367
1295,FR-1295,ISP CRM,All Customers,OPERATIONS,requirements/isp-crm/FR-1295-all-customers-operations.md,359
1296,FR-1296,ISP CRM,Leads,UI,requirements/isp-crm/FR-1296-leads-ui.md,388
1297,FR-1297,ISP CRM,Leads,BACKEND,requirements/isp-crm/FR-1297-leads-backend.md,369
1298,FR-1298,ISP CRM,Leads,API,requirements/isp-crm/FR-1298-leads-api.md,370
1299,FR-1299,ISP CRM,Leads,SECURITY,requirements/isp-crm/FR-1299-leads-security.md,375
1300,FR-1300,ISP CRM,Leads,TEST,requirements/isp-crm/FR-1300-leads-test.md,363
1301,FR-1301,ISP CRM,Leads,EVENT,requirements/isp-crm/FR-1301-leads-event.md,364
1302,FR-1302,ISP CRM,Leads,OPERATIONS,requirements/isp-crm/FR-1302-leads-operations.md,356
1303,FR-1303,ISP CRM,New Applications,UI,requirements/isp-crm/FR-1303-new-applications-ui.md,392
1304,FR-1304,ISP CRM,New Applications,BACKEND,requirements/isp-crm/FR-1304-new-applications-backend.md,372
1305,FR-1305,ISP CRM,New Applications,API,requirements/isp-crm/FR-1305-new-applications-api.md,373
1306,FR-1306,ISP CRM,New Applications,SECURITY,requirements/isp-crm/FR-1306-new-applications-security.md,378
1307,FR-1307,ISP CRM,New Applications,TEST,requirements/isp-crm/FR-1307-new-applications-test.md,366
1308,FR-1308,ISP CRM,New Applications,EVENT,requirements/isp-crm/FR-1308-new-applications-event.md,367
1309,FR-1309,ISP CRM,New Applications,OPERATIONS,requirements/isp-crm/FR-1309-new-applications-operations.md,359
1310,FR-1310,ISP CRM,Feasibility Checks,UI,requirements/isp-crm/FR-1310-feasibility-checks-ui.md,392
1311,FR-1311,ISP CRM,Feasibility Checks,BACKEND,requirements/isp-crm/FR-1311-feasibility-checks-backend.md,372
1312,FR-1312,ISP CRM,Feasibility Checks,API,requirements/isp-crm/FR-1312-feasibility-checks-api.md,373
1313,FR-1313,ISP CRM,Feasibility Checks,SECURITY,requirements/isp-crm/FR-1313-feasibility-checks-security.md,378
1314,FR-1314,ISP CRM,Feasibility Checks,TEST,requirements/isp-crm/FR-1314-feasibility-checks-test.md,366
1315,FR-1315,ISP CRM,Feasibility Checks,EVENT,requirements/isp-crm/FR-1315-feasibility-checks-event.md,367
1316,FR-1316,ISP CRM,Feasibility Checks,OPERATIONS,requirements/isp-crm/FR-1316-feasibility-checks-operations.md,359
1317,FR-1317,ISP CRM,Connections,UI,requirements/isp-crm/FR-1317-connections-ui.md,388
1318,FR-1318,ISP CRM,Connections,BACKEND,requirements/isp-crm/FR-1318-connections-backend.md,369
1319,FR-1319,ISP CRM,Connections,API,requirements/isp-crm/FR-1319-connections-api.md,370
1320,FR-1320,ISP CRM,Connections,SECURITY,requirements/isp-crm/FR-1320-connections-security.md,375
1321,FR-1321,ISP CRM,Connections,TEST,requirements/isp-crm/FR-1321-connections-test.md,363
1322,FR-1322,ISP CRM,Connections,EVENT,requirements/isp-crm/FR-1322-connections-event.md,364
1323,FR-1323,ISP CRM,Connections,OPERATIONS,requirements/isp-crm/FR-1323-connections-operations.md,356
1324,FR-1324,ISP CRM,Active Customers,UI,requirements/isp-crm/FR-1324-active-customers-ui.md,392
1325,FR-1325,ISP CRM,Active Customers,BACKEND,requirements/isp-crm/FR-1325-active-customers-backend.md,372
1326,FR-1326,ISP CRM,Active Customers,API,requirements/isp-crm/FR-1326-active-customers-api.md,373
1327,FR-1327,ISP CRM,Active Customers,SECURITY,requirements/isp-crm/FR-1327-active-customers-security.md,378
1328,FR-1328,ISP CRM,Active Customers,TEST,requirements/isp-crm/FR-1328-active-customers-test.md,366
1329,FR-1329,ISP CRM,Active Customers,EVENT,requirements/isp-crm/FR-1329-active-customers-event.md,367
1330,FR-1330,ISP CRM,Active Customers,OPERATIONS,requirements/isp-crm/FR-1330-active-customers-operations.md,359
1331,FR-1331,ISP CRM,Suspended Customers,UI,requirements/isp-crm/FR-1331-suspended-customers-ui.md,392
1332,FR-1332,ISP CRM,Suspended Customers,BACKEND,requirements/isp-crm/FR-1332-suspended-customers-backend.md,372
1333,FR-1333,ISP CRM,Suspended Customers,API,requirements/isp-crm/FR-1333-suspended-customers-api.md,373
1334,FR-1334,ISP CRM,Suspended Customers,SECURITY,requirements/isp-crm/FR-1334-suspended-customers-security.md,378
1335,FR-1335,ISP CRM,Suspended Customers,TEST,requirements/isp-crm/FR-1335-suspended-customers-test.md,366
1336,FR-1336,ISP CRM,Suspended Customers,EVENT,requirements/isp-crm/FR-1336-suspended-customers-event.md,367
1337,FR-1337,ISP CRM,Suspended Customers,OPERATIONS,requirements/isp-crm/FR-1337-suspended-customers-operations.md,359
1338,FR-1338,ISP CRM,Terminated Customers,UI,requirements/isp-crm/FR-1338-terminated-customers-ui.md,392
1339,FR-1339,ISP CRM,Terminated Customers,BACKEND,requirements/isp-crm/FR-1339-terminated-customers-backend.md,372
1340,FR-1340,ISP CRM,Terminated Customers,API,requirements/isp-crm/FR-1340-terminated-customers-api.md,373
1341,FR-1341,ISP CRM,Terminated Customers,SECURITY,requirements/isp-crm/FR-1341-terminated-customers-security.md,378
1342,FR-1342,ISP CRM,Terminated Customers,TEST,requirements/isp-crm/FR-1342-terminated-customers-test.md,366
1343,FR-1343,ISP CRM,Terminated Customers,EVENT,requirements/isp-crm/FR-1343-terminated-customers-event.md,367
1344,FR-1344,ISP CRM,Terminated Customers,OPERATIONS,requirements/isp-crm/FR-1344-terminated-customers-operations.md,359
1345,FR-1345,ISP CRM,KYC,UI,requirements/isp-crm/FR-1345-kyc-ui.md,388
1346,FR-1346,ISP CRM,KYC,BACKEND,requirements/isp-crm/FR-1346-kyc-backend.md,369
1347,FR-1347,ISP CRM,KYC,API,requirements/isp-crm/FR-1347-kyc-api.md,370
1348,FR-1348,ISP CRM,KYC,SECURITY,requirements/isp-crm/FR-1348-kyc-security.md,375
1349,FR-1349,ISP CRM,KYC,TEST,requirements/isp-crm/FR-1349-kyc-test.md,363
1350,FR-1350,ISP CRM,KYC,EVENT,requirements/isp-crm/FR-1350-kyc-event.md,364
1351,FR-1351,ISP CRM,KYC,OPERATIONS,requirements/isp-crm/FR-1351-kyc-operations.md,356
1352,FR-1352,ISP CRM,Documents,UI,requirements/isp-crm/FR-1352-documents-ui.md,388
1353,FR-1353,ISP CRM,Documents,BACKEND,requirements/isp-crm/FR-1353-documents-backend.md,369
1354,FR-1354,ISP CRM,Documents,API,requirements/isp-crm/FR-1354-documents-api.md,370
1355,FR-1355,ISP CRM,Documents,SECURITY,requirements/isp-crm/FR-1355-documents-security.md,375
1356,FR-1356,ISP CRM,Documents,TEST,requirements/isp-crm/FR-1356-documents-test.md,363
1357,FR-1357,ISP CRM,Documents,EVENT,requirements/isp-crm/FR-1357-documents-event.md,364
1358,FR-1358,ISP CRM,Documents,OPERATIONS,requirements/isp-crm/FR-1358-documents-operations.md,356
1359,FR-1359,ISP CRM,Customer Locations,UI,requirements/isp-crm/FR-1359-customer-locations-ui.md,392
1360,FR-1360,ISP CRM,Customer Locations,BACKEND,requirements/isp-crm/FR-1360-customer-locations-backend.md,372
1361,FR-1361,ISP CRM,Customer Locations,API,requirements/isp-crm/FR-1361-customer-locations-api.md,373
1362,FR-1362,ISP CRM,Customer Locations,SECURITY,requirements/isp-crm/FR-1362-customer-locations-security.md,378
1363,FR-1363,ISP CRM,Customer Locations,TEST,requirements/isp-crm/FR-1363-customer-locations-test.md,366
1364,FR-1364,ISP CRM,Customer Locations,EVENT,requirements/isp-crm/FR-1364-customer-locations-event.md,367
1365,FR-1365,ISP CRM,Customer Locations,OPERATIONS,requirements/isp-crm/FR-1365-customer-locations-operations.md,359
1366,FR-1366,ISP CRM,Customer Services,UI,requirements/isp-crm/FR-1366-customer-services-ui.md,392
1367,FR-1367,ISP CRM,Customer Services,BACKEND,requirements/isp-crm/FR-1367-customer-services-backend.md,372
1368,FR-1368,ISP CRM,Customer Services,API,requirements/isp-crm/FR-1368-customer-services-api.md,373
1369,FR-1369,ISP CRM,Customer Services,SECURITY,requirements/isp-crm/FR-1369-customer-services-security.md,378
1370,FR-1370,ISP CRM,Customer Services,TEST,requirements/isp-crm/FR-1370-customer-services-test.md,366
1371,FR-1371,ISP CRM,Customer Services,EVENT,requirements/isp-crm/FR-1371-customer-services-event.md,367
1372,FR-1372,ISP CRM,Customer Services,OPERATIONS,requirements/isp-crm/FR-1372-customer-services-operations.md,359
1373,FR-1373,ISP CRM,Multiple ONUs,UI,requirements/isp-crm/FR-1373-multiple-onus-ui.md,392
1374,FR-1374,ISP CRM,Multiple ONUs,BACKEND,requirements/isp-crm/FR-1374-multiple-onus-backend.md,372
1375,FR-1375,ISP CRM,Multiple ONUs,API,requirements/isp-crm/FR-1375-multiple-onus-api.md,373
1376,FR-1376,ISP CRM,Multiple ONUs,SECURITY,requirements/isp-crm/FR-1376-multiple-onus-security.md,378
1377,FR-1377,ISP CRM,Multiple ONUs,TEST,requirements/isp-crm/FR-1377-multiple-onus-test.md,366
1378,FR-1378,ISP CRM,Multiple ONUs,EVENT,requirements/isp-crm/FR-1378-multiple-onus-event.md,367
1379,FR-1379,ISP CRM,Multiple ONUs,OPERATIONS,requirements/isp-crm/FR-1379-multiple-onus-operations.md,359
1380,FR-1380,ISP CRM,Relocation,UI,requirements/isp-crm/FR-1380-relocation-ui.md,388
1381,FR-1381,ISP CRM,Relocation,BACKEND,requirements/isp-crm/FR-1381-relocation-backend.md,369
1382,FR-1382,ISP CRM,Relocation,API,requirements/isp-crm/FR-1382-relocation-api.md,370
1383,FR-1383,ISP CRM,Relocation,SECURITY,requirements/isp-crm/FR-1383-relocation-security.md,375
1384,FR-1384,ISP CRM,Relocation,TEST,requirements/isp-crm/FR-1384-relocation-test.md,363
1385,FR-1385,ISP CRM,Relocation,EVENT,requirements/isp-crm/FR-1385-relocation-event.md,364
1386,FR-1386,ISP CRM,Relocation,OPERATIONS,requirements/isp-crm/FR-1386-relocation-operations.md,356
1387,FR-1387,ISP CRM,Package Upgrade,UI,requirements/isp-crm/FR-1387-package-upgrade-ui.md,392
1388,FR-1388,ISP CRM,Package Upgrade,BACKEND,requirements/isp-crm/FR-1388-package-upgrade-backend.md,372
1389,FR-1389,ISP CRM,Package Upgrade,API,requirements/isp-crm/FR-1389-package-upgrade-api.md,373
1390,FR-1390,ISP CRM,Package Upgrade,SECURITY,requirements/isp-crm/FR-1390-package-upgrade-security.md,378
1391,FR-1391,ISP CRM,Package Upgrade,TEST,requirements/isp-crm/FR-1391-package-upgrade-test.md,366
1392,FR-1392,ISP CRM,Package Upgrade,EVENT,requirements/isp-crm/FR-1392-package-upgrade-event.md,367
1393,FR-1393,ISP CRM,Package Upgrade,OPERATIONS,requirements/isp-crm/FR-1393-package-upgrade-operations.md,359
1394,FR-1394,ISP CRM,Package Downgrade,UI,requirements/isp-crm/FR-1394-package-downgrade-ui.md,392
1395,FR-1395,ISP CRM,Package Downgrade,BACKEND,requirements/isp-crm/FR-1395-package-downgrade-backend.md,372
1396,FR-1396,ISP CRM,Package Downgrade,API,requirements/isp-crm/FR-1396-package-downgrade-api.md,373
1397,FR-1397,ISP CRM,Package Downgrade,SECURITY,requirements/isp-crm/FR-1397-package-downgrade-security.md,378
1398,FR-1398,ISP CRM,Package Downgrade,TEST,requirements/isp-crm/FR-1398-package-downgrade-test.md,366
1399,FR-1399,ISP CRM,Package Downgrade,EVENT,requirements/isp-crm/FR-1399-package-downgrade-event.md,367
1400,FR-1400,ISP CRM,Package Downgrade,OPERATIONS,requirements/isp-crm/FR-1400-package-downgrade-operations.md,359
1401,FR-1401,ISP CRM,Suspension,UI,requirements/isp-crm/FR-1401-suspension-ui.md,388
1402,FR-1402,ISP CRM,Suspension,BACKEND,requirements/isp-crm/FR-1402-suspension-backend.md,369
1403,FR-1403,ISP CRM,Suspension,API,requirements/isp-crm/FR-1403-suspension-api.md,370
1404,FR-1404,ISP CRM,Suspension,SECURITY,requirements/isp-crm/FR-1404-suspension-security.md,375
1405,FR-1405,ISP CRM,Suspension,TEST,requirements/isp-crm/FR-1405-suspension-test.md,363
1406,FR-1406,ISP CRM,Suspension,EVENT,requirements/isp-crm/FR-1406-suspension-event.md,364
1407,FR-1407,ISP CRM,Suspension,OPERATIONS,requirements/isp-crm/FR-1407-suspension-operations.md,356
1408,FR-1408,ISP CRM,Reactivation,UI,requirements/isp-crm/FR-1408-reactivation-ui.md,388
1409,FR-1409,ISP CRM,Reactivation,BACKEND,requirements/isp-crm/FR-1409-reactivation-backend.md,369
1410,FR-1410,ISP CRM,Reactivation,API,requirements/isp-crm/FR-1410-reactivation-api.md,370
1411,FR-1411,ISP CRM,Reactivation,SECURITY,requirements/isp-crm/FR-1411-reactivation-security.md,375
1412,FR-1412,ISP CRM,Reactivation,TEST,requirements/isp-crm/FR-1412-reactivation-test.md,363
1413,FR-1413,ISP CRM,Reactivation,EVENT,requirements/isp-crm/FR-1413-reactivation-event.md,364
1414,FR-1414,ISP CRM,Reactivation,OPERATIONS,requirements/isp-crm/FR-1414-reactivation-operations.md,356
1415,FR-1415,ISP CRM,Termination,UI,requirements/isp-crm/FR-1415-termination-ui.md,388
1416,FR-1416,ISP CRM,Termination,BACKEND,requirements/isp-crm/FR-1416-termination-backend.md,369
1417,FR-1417,ISP CRM,Termination,API,requirements/isp-crm/FR-1417-termination-api.md,370
1418,FR-1418,ISP CRM,Termination,SECURITY,requirements/isp-crm/FR-1418-termination-security.md,375
1419,FR-1419,ISP CRM,Termination,TEST,requirements/isp-crm/FR-1419-termination-test.md,363
1420,FR-1420,ISP CRM,Termination,EVENT,requirements/isp-crm/FR-1420-termination-event.md,364
1421,FR-1421,ISP CRM,Termination,OPERATIONS,requirements/isp-crm/FR-1421-termination-operations.md,356
1422,FR-1422,ISP CRM,Customer Notes,UI,requirements/isp-crm/FR-1422-customer-notes-ui.md,392
1423,FR-1423,ISP CRM,Customer Notes,BACKEND,requirements/isp-crm/FR-1423-customer-notes-backend.md,372
1424,FR-1424,ISP CRM,Customer Notes,API,requirements/isp-crm/FR-1424-customer-notes-api.md,373
1425,FR-1425,ISP CRM,Customer Notes,SECURITY,requirements/isp-crm/FR-1425-customer-notes-security.md,378
1426,FR-1426,ISP CRM,Customer Notes,TEST,requirements/isp-crm/FR-1426-customer-notes-test.md,366
1427,FR-1427,ISP CRM,Customer Notes,EVENT,requirements/isp-crm/FR-1427-customer-notes-event.md,367
1428,FR-1428,ISP CRM,Customer Notes,OPERATIONS,requirements/isp-crm/FR-1428-customer-notes-operations.md,359
1429,FR-1429,ISP CRM,Customer History,UI,requirements/isp-crm/FR-1429-customer-history-ui.md,392
1430,FR-1430,ISP CRM,Customer History,BACKEND,requirements/isp-crm/FR-1430-customer-history-backend.md,372
1431,FR-1431,ISP CRM,Customer History,API,requirements/isp-crm/FR-1431-customer-history-api.md,373
1432,FR-1432,ISP CRM,Customer History,SECURITY,requirements/isp-crm/FR-1432-customer-history-security.md,378
1433,FR-1433,ISP CRM,Customer History,TEST,requirements/isp-crm/FR-1433-customer-history-test.md,366
1434,FR-1434,ISP CRM,Customer History,EVENT,requirements/isp-crm/FR-1434-customer-history-event.md,367
1435,FR-1435,ISP CRM,Customer History,OPERATIONS,requirements/isp-crm/FR-1435-customer-history-operations.md,359
1436,FR-1436,ISP CRM,Coverage Map,UI,requirements/isp-crm/FR-1436-coverage-map-ui.md,392
1437,FR-1437,ISP CRM,Coverage Map,BACKEND,requirements/isp-crm/FR-1437-coverage-map-backend.md,372
1438,FR-1438,ISP CRM,Coverage Map,API,requirements/isp-crm/FR-1438-coverage-map-api.md,373
1439,FR-1439,ISP CRM,Coverage Map,SECURITY,requirements/isp-crm/FR-1439-coverage-map-security.md,378
1440,FR-1440,ISP CRM,Coverage Map,TEST,requirements/isp-crm/FR-1440-coverage-map-test.md,366
1441,FR-1441,ISP CRM,Coverage Map,EVENT,requirements/isp-crm/FR-1441-coverage-map-event.md,367
1442,FR-1442,ISP CRM,Coverage Map,OPERATIONS,requirements/isp-crm/FR-1442-coverage-map-operations.md,359
1443,FR-1443,ISP CRM,Customer Tags,UI,requirements/isp-crm/FR-1443-customer-tags-ui.md,392
1444,FR-1444,ISP CRM,Customer Tags,BACKEND,requirements/isp-crm/FR-1444-customer-tags-backend.md,372
1445,FR-1445,ISP CRM,Customer Tags,API,requirements/isp-crm/FR-1445-customer-tags-api.md,373
1446,FR-1446,ISP CRM,Customer Tags,SECURITY,requirements/isp-crm/FR-1446-customer-tags-security.md,378
1447,FR-1447,ISP CRM,Customer Tags,TEST,requirements/isp-crm/FR-1447-customer-tags-test.md,366
1448,FR-1448,ISP CRM,Customer Tags,EVENT,requirements/isp-crm/FR-1448-customer-tags-event.md,367
1449,FR-1449,ISP CRM,Customer Tags,OPERATIONS,requirements/isp-crm/FR-1449-customer-tags-operations.md,359
1450,FR-1450,ISP CRM,Bulk Customer Actions,UI,requirements/isp-crm/FR-1450-bulk-customer-actions-ui.md,396
1451,FR-1451,ISP CRM,Bulk Customer Actions,BACKEND,requirements/isp-crm/FR-1451-bulk-customer-actions-backend.md,375
1452,FR-1452,ISP CRM,Bulk Customer Actions,API,requirements/isp-crm/FR-1452-bulk-customer-actions-api.md,376
1453,FR-1453,ISP CRM,Bulk Customer Actions,SECURITY,requirements/isp-crm/FR-1453-bulk-customer-actions-security.md,381
1454,FR-1454,ISP CRM,Bulk Customer Actions,TEST,requirements/isp-crm/FR-1454-bulk-customer-actions-test.md,369
1455,FR-1455,ISP CRM,Bulk Customer Actions,EVENT,requirements/isp-crm/FR-1455-bulk-customer-actions-event.md,370
1456,FR-1456,ISP CRM,Bulk Customer Actions,OPERATIONS,requirements/isp-crm/FR-1456-bulk-customer-actions-operations.md,362
1457,FR-1457,ISP CRM,Customer Import,UI,requirements/isp-crm/FR-1457-customer-import-ui.md,392
1458,FR-1458,ISP CRM,Customer Import,BACKEND,requirements/isp-crm/FR-1458-customer-import-backend.md,372
1459,FR-1459,ISP CRM,Customer Import,API,requirements/isp-crm/FR-1459-customer-import-api.md,373
1460,FR-1460,ISP CRM,Customer Import,SECURITY,requirements/isp-crm/FR-1460-customer-import-security.md,378
1461,FR-1461,ISP CRM,Customer Import,TEST,requirements/isp-crm/FR-1461-customer-import-test.md,366
1462,FR-1462,ISP CRM,Customer Import,EVENT,requirements/isp-crm/FR-1462-customer-import-event.md,367
1463,FR-1463,ISP CRM,Customer Import,OPERATIONS,requirements/isp-crm/FR-1463-customer-import-operations.md,359
1464,FR-1464,ISP CRM,Customer Export,UI,requirements/isp-crm/FR-1464-customer-export-ui.md,392
1465,FR-1465,ISP CRM,Customer Export,BACKEND,requirements/isp-crm/FR-1465-customer-export-backend.md,372
1466,FR-1466,ISP CRM,Customer Export,API,requirements/isp-crm/FR-1466-customer-export-api.md,373
1467,FR-1467,ISP CRM,Customer Export,SECURITY,requirements/isp-crm/FR-1467-customer-export-security.md,378
1468,FR-1468,ISP CRM,Customer Export,TEST,requirements/isp-crm/FR-1468-customer-export-test.md,366
1469,FR-1469,ISP CRM,Customer Export,EVENT,requirements/isp-crm/FR-1469-customer-export-event.md,367
1470,FR-1470,ISP CRM,Customer Export,OPERATIONS,requirements/isp-crm/FR-1470-customer-export-operations.md,359
1471,FR-1471,Billing & Finance,Billing Dashboard,UI,requirements/billing-finance/FR-1471-billing-dashboard-ui.md,393
1472,FR-1472,Billing & Finance,Billing Dashboard,BACKEND,requirements/billing-finance/FR-1472-billing-dashboard-backend.md,374
1473,FR-1473,Billing & Finance,Billing Dashboard,API,requirements/billing-finance/FR-1473-billing-dashboard-api.md,373
1474,FR-1474,Billing & Finance,Billing Dashboard,SECURITY,requirements/billing-finance/FR-1474-billing-dashboard-security.md,378
1475,FR-1475,Billing & Finance,Billing Dashboard,TEST,requirements/billing-finance/FR-1475-billing-dashboard-test.md,366
1476,FR-1476,Billing & Finance,Billing Dashboard,EVENT,requirements/billing-finance/FR-1476-billing-dashboard-event.md,367
1477,FR-1477,Billing & Finance,Billing Dashboard,OPERATIONS,requirements/billing-finance/FR-1477-billing-dashboard-operations.md,359
1478,FR-1478,Billing & Finance,Invoices,UI,requirements/billing-finance/FR-1478-invoices-ui.md,389
1479,FR-1479,Billing & Finance,Invoices,BACKEND,requirements/billing-finance/FR-1479-invoices-backend.md,371
1480,FR-1480,Billing & Finance,Invoices,API,requirements/billing-finance/FR-1480-invoices-api.md,370
1481,FR-1481,Billing & Finance,Invoices,SECURITY,requirements/billing-finance/FR-1481-invoices-security.md,375
1482,FR-1482,Billing & Finance,Invoices,TEST,requirements/billing-finance/FR-1482-invoices-test.md,363
1483,FR-1483,Billing & Finance,Invoices,EVENT,requirements/billing-finance/FR-1483-invoices-event.md,364
1484,FR-1484,Billing & Finance,Invoices,OPERATIONS,requirements/billing-finance/FR-1484-invoices-operations.md,356
1485,FR-1485,Billing & Finance,Recurring Billing,UI,requirements/billing-finance/FR-1485-recurring-billing-ui.md,393
1486,FR-1486,Billing & Finance,Recurring Billing,BACKEND,requirements/billing-finance/FR-1486-recurring-billing-backend.md,374
1487,FR-1487,Billing & Finance,Recurring Billing,API,requirements/billing-finance/FR-1487-recurring-billing-api.md,373
1488,FR-1488,Billing & Finance,Recurring Billing,SECURITY,requirements/billing-finance/FR-1488-recurring-billing-security.md,378
1489,FR-1489,Billing & Finance,Recurring Billing,TEST,requirements/billing-finance/FR-1489-recurring-billing-test.md,366
1490,FR-1490,Billing & Finance,Recurring Billing,EVENT,requirements/billing-finance/FR-1490-recurring-billing-event.md,367
1491,FR-1491,Billing & Finance,Recurring Billing,OPERATIONS,requirements/billing-finance/FR-1491-recurring-billing-operations.md,359
1492,FR-1492,Billing & Finance,Pro-Rata Billing,UI,requirements/billing-finance/FR-1492-pro-rata-billing-ui.md,393
1493,FR-1493,Billing & Finance,Pro-Rata Billing,BACKEND,requirements/billing-finance/FR-1493-pro-rata-billing-backend.md,374
1494,FR-1494,Billing & Finance,Pro-Rata Billing,API,requirements/billing-finance/FR-1494-pro-rata-billing-api.md,373
1495,FR-1495,Billing & Finance,Pro-Rata Billing,SECURITY,requirements/billing-finance/FR-1495-pro-rata-billing-security.md,378
1496,FR-1496,Billing & Finance,Pro-Rata Billing,TEST,requirements/billing-finance/FR-1496-pro-rata-billing-test.md,366
1497,FR-1497,Billing & Finance,Pro-Rata Billing,EVENT,requirements/billing-finance/FR-1497-pro-rata-billing-event.md,367
1498,FR-1498,Billing & Finance,Pro-Rata Billing,OPERATIONS,requirements/billing-finance/FR-1498-pro-rata-billing-operations.md,359
1499,FR-1499,Billing & Finance,Payments,UI,requirements/billing-finance/FR-1499-payments-ui.md,389
1500,FR-1500,Billing & Finance,Payments,BACKEND,requirements/billing-finance/FR-1500-payments-backend.md,371
1501,FR-1501,Billing & Finance,Payments,API,requirements/billing-finance/FR-1501-payments-api.md,370
1502,FR-1502,Billing & Finance,Payments,SECURITY,requirements/billing-finance/FR-1502-payments-security.md,375
1503,FR-1503,Billing & Finance,Payments,TEST,requirements/billing-finance/FR-1503-payments-test.md,363
1504,FR-1504,Billing & Finance,Payments,EVENT,requirements/billing-finance/FR-1504-payments-event.md,364
1505,FR-1505,Billing & Finance,Payments,OPERATIONS,requirements/billing-finance/FR-1505-payments-operations.md,356
1506,FR-1506,Billing & Finance,Due Bills,UI,requirements/billing-finance/FR-1506-due-bills-ui.md,393
1507,FR-1507,Billing & Finance,Due Bills,BACKEND,requirements/billing-finance/FR-1507-due-bills-backend.md,374
1508,FR-1508,Billing & Finance,Due Bills,API,requirements/billing-finance/FR-1508-due-bills-api.md,373
1509,FR-1509,Billing & Finance,Due Bills,SECURITY,requirements/billing-finance/FR-1509-due-bills-security.md,378
1510,FR-1510,Billing & Finance,Due Bills,TEST,requirements/billing-finance/FR-1510-due-bills-test.md,366
1511,FR-1511,Billing & Finance,Due Bills,EVENT,requirements/billing-finance/FR-1511-due-bills-event.md,367
1512,FR-1512,Billing & Finance,Due Bills,OPERATIONS,requirements/billing-finance/FR-1512-due-bills-operations.md,359
1513,FR-1513,Billing & Finance,Packages,UI,requirements/billing-finance/FR-1513-packages-ui.md,389
1514,FR-1514,Billing & Finance,Packages,BACKEND,requirements/billing-finance/FR-1514-packages-backend.md,371
1515,FR-1515,Billing & Finance,Packages,API,requirements/billing-finance/FR-1515-packages-api.md,370
1516,FR-1516,Billing & Finance,Packages,SECURITY,requirements/billing-finance/FR-1516-packages-security.md,375
1517,FR-1517,Billing & Finance,Packages,TEST,requirements/billing-finance/FR-1517-packages-test.md,363
1518,FR-1518,Billing & Finance,Packages,EVENT,requirements/billing-finance/FR-1518-packages-event.md,364
1519,FR-1519,Billing & Finance,Packages,OPERATIONS,requirements/billing-finance/FR-1519-packages-operations.md,356
1520,FR-1520,Billing & Finance,Plan Pricing,UI,requirements/billing-finance/FR-1520-plan-pricing-ui.md,393
1521,FR-1521,Billing & Finance,Plan Pricing,BACKEND,requirements/billing-finance/FR-1521-plan-pricing-backend.md,374
1522,FR-1522,Billing & Finance,Plan Pricing,API,requirements/billing-finance/FR-1522-plan-pricing-api.md,373
1523,FR-1523,Billing & Finance,Plan Pricing,SECURITY,requirements/billing-finance/FR-1523-plan-pricing-security.md,378
1524,FR-1524,Billing & Finance,Plan Pricing,TEST,requirements/billing-finance/FR-1524-plan-pricing-test.md,366
1525,FR-1525,Billing & Finance,Plan Pricing,EVENT,requirements/billing-finance/FR-1525-plan-pricing-event.md,367
1526,FR-1526,Billing & Finance,Plan Pricing,OPERATIONS,requirements/billing-finance/FR-1526-plan-pricing-operations.md,359
1527,FR-1527,Billing & Finance,Taxes,UI,requirements/billing-finance/FR-1527-taxes-ui.md,389
1528,FR-1528,Billing & Finance,Taxes,BACKEND,requirements/billing-finance/FR-1528-taxes-backend.md,371
1529,FR-1529,Billing & Finance,Taxes,API,requirements/billing-finance/FR-1529-taxes-api.md,370
1530,FR-1530,Billing & Finance,Taxes,SECURITY,requirements/billing-finance/FR-1530-taxes-security.md,375
1531,FR-1531,Billing & Finance,Taxes,TEST,requirements/billing-finance/FR-1531-taxes-test.md,363
1532,FR-1532,Billing & Finance,Taxes,EVENT,requirements/billing-finance/FR-1532-taxes-event.md,364
1533,FR-1533,Billing & Finance,Taxes,OPERATIONS,requirements/billing-finance/FR-1533-taxes-operations.md,356
1534,FR-1534,Billing & Finance,Discounts,UI,requirements/billing-finance/FR-1534-discounts-ui.md,389
1535,FR-1535,Billing & Finance,Discounts,BACKEND,requirements/billing-finance/FR-1535-discounts-backend.md,371
1536,FR-1536,Billing & Finance,Discounts,API,requirements/billing-finance/FR-1536-discounts-api.md,370
1537,FR-1537,Billing & Finance,Discounts,SECURITY,requirements/billing-finance/FR-1537-discounts-security.md,375
1538,FR-1538,Billing & Finance,Discounts,TEST,requirements/billing-finance/FR-1538-discounts-test.md,363
1539,FR-1539,Billing & Finance,Discounts,EVENT,requirements/billing-finance/FR-1539-discounts-event.md,364
1540,FR-1540,Billing & Finance,Discounts,OPERATIONS,requirements/billing-finance/FR-1540-discounts-operations.md,356
1541,FR-1541,Billing & Finance,Coupons,UI,requirements/billing-finance/FR-1541-coupons-ui.md,389
1542,FR-1542,Billing & Finance,Coupons,BACKEND,requirements/billing-finance/FR-1542-coupons-backend.md,371
1543,FR-1543,Billing & Finance,Coupons,API,requirements/billing-finance/FR-1543-coupons-api.md,370
1544,FR-1544,Billing & Finance,Coupons,SECURITY,requirements/billing-finance/FR-1544-coupons-security.md,375
1545,FR-1545,Billing & Finance,Coupons,TEST,requirements/billing-finance/FR-1545-coupons-test.md,363
1546,FR-1546,Billing & Finance,Coupons,EVENT,requirements/billing-finance/FR-1546-coupons-event.md,364
1547,FR-1547,Billing & Finance,Coupons,OPERATIONS,requirements/billing-finance/FR-1547-coupons-operations.md,356
1548,FR-1548,Billing & Finance,Credits,UI,requirements/billing-finance/FR-1548-credits-ui.md,389
1549,FR-1549,Billing & Finance,Credits,BACKEND,requirements/billing-finance/FR-1549-credits-backend.md,371
1550,FR-1550,Billing & Finance,Credits,API,requirements/billing-finance/FR-1550-credits-api.md,370
1551,FR-1551,Billing & Finance,Credits,SECURITY,requirements/billing-finance/FR-1551-credits-security.md,375
1552,FR-1552,Billing & Finance,Credits,TEST,requirements/billing-finance/FR-1552-credits-test.md,363
1553,FR-1553,Billing & Finance,Credits,EVENT,requirements/billing-finance/FR-1553-credits-event.md,364
1554,FR-1554,Billing & Finance,Credits,OPERATIONS,requirements/billing-finance/FR-1554-credits-operations.md,356
1555,FR-1555,Billing & Finance,Debit Notes,UI,requirements/billing-finance/FR-1555-debit-notes-ui.md,393
1556,FR-1556,Billing & Finance,Debit Notes,BACKEND,requirements/billing-finance/FR-1556-debit-notes-backend.md,374
1557,FR-1557,Billing & Finance,Debit Notes,API,requirements/billing-finance/FR-1557-debit-notes-api.md,373
1558,FR-1558,Billing & Finance,Debit Notes,SECURITY,requirements/billing-finance/FR-1558-debit-notes-security.md,378
1559,FR-1559,Billing & Finance,Debit Notes,TEST,requirements/billing-finance/FR-1559-debit-notes-test.md,366
1560,FR-1560,Billing & Finance,Debit Notes,EVENT,requirements/billing-finance/FR-1560-debit-notes-event.md,367
1561,FR-1561,Billing & Finance,Debit Notes,OPERATIONS,requirements/billing-finance/FR-1561-debit-notes-operations.md,359
1562,FR-1562,Billing & Finance,Credit Notes,UI,requirements/billing-finance/FR-1562-credit-notes-ui.md,393
1563,FR-1563,Billing & Finance,Credit Notes,BACKEND,requirements/billing-finance/FR-1563-credit-notes-backend.md,374
1564,FR-1564,Billing & Finance,Credit Notes,API,requirements/billing-finance/FR-1564-credit-notes-api.md,373
1565,FR-1565,Billing & Finance,Credit Notes,SECURITY,requirements/billing-finance/FR-1565-credit-notes-security.md,378
1566,FR-1566,Billing & Finance,Credit Notes,TEST,requirements/billing-finance/FR-1566-credit-notes-test.md,366
1567,FR-1567,Billing & Finance,Credit Notes,EVENT,requirements/billing-finance/FR-1567-credit-notes-event.md,367
1568,FR-1568,Billing & Finance,Credit Notes,OPERATIONS,requirements/billing-finance/FR-1568-credit-notes-operations.md,359
1569,FR-1569,Billing & Finance,Refunds,UI,requirements/billing-finance/FR-1569-refunds-ui.md,389
1570,FR-1570,Billing & Finance,Refunds,BACKEND,requirements/billing-finance/FR-1570-refunds-backend.md,371
1571,FR-1571,Billing & Finance,Refunds,API,requirements/billing-finance/FR-1571-refunds-api.md,370
1572,FR-1572,Billing & Finance,Refunds,SECURITY,requirements/billing-finance/FR-1572-refunds-security.md,375
1573,FR-1573,Billing & Finance,Refunds,TEST,requirements/billing-finance/FR-1573-refunds-test.md,363
1574,FR-1574,Billing & Finance,Refunds,EVENT,requirements/billing-finance/FR-1574-refunds-event.md,364
1575,FR-1575,Billing & Finance,Refunds,OPERATIONS,requirements/billing-finance/FR-1575-refunds-operations.md,356
1576,FR-1576,Billing & Finance,Deposits,UI,requirements/billing-finance/FR-1576-deposits-ui.md,389
1577,FR-1577,Billing & Finance,Deposits,BACKEND,requirements/billing-finance/FR-1577-deposits-backend.md,371
1578,FR-1578,Billing & Finance,Deposits,API,requirements/billing-finance/FR-1578-deposits-api.md,370
1579,FR-1579,Billing & Finance,Deposits,SECURITY,requirements/billing-finance/FR-1579-deposits-security.md,375
1580,FR-1580,Billing & Finance,Deposits,TEST,requirements/billing-finance/FR-1580-deposits-test.md,363
1581,FR-1581,Billing & Finance,Deposits,EVENT,requirements/billing-finance/FR-1581-deposits-event.md,364
1582,FR-1582,Billing & Finance,Deposits,OPERATIONS,requirements/billing-finance/FR-1582-deposits-operations.md,356
1583,FR-1583,Billing & Finance,Installation Fees,UI,requirements/billing-finance/FR-1583-installation-fees-ui.md,393
1584,FR-1584,Billing & Finance,Installation Fees,BACKEND,requirements/billing-finance/FR-1584-installation-fees-backend.md,374
1585,FR-1585,Billing & Finance,Installation Fees,API,requirements/billing-finance/FR-1585-installation-fees-api.md,373
1586,FR-1586,Billing & Finance,Installation Fees,SECURITY,requirements/billing-finance/FR-1586-installation-fees-security.md,378
1587,FR-1587,Billing & Finance,Installation Fees,TEST,requirements/billing-finance/FR-1587-installation-fees-test.md,366
1588,FR-1588,Billing & Finance,Installation Fees,EVENT,requirements/billing-finance/FR-1588-installation-fees-event.md,367
1589,FR-1589,Billing & Finance,Installation Fees,OPERATIONS,requirements/billing-finance/FR-1589-installation-fees-operations.md,359
1590,FR-1590,Billing & Finance,Hardware Charges,UI,requirements/billing-finance/FR-1590-hardware-charges-ui.md,393
1591,FR-1591,Billing & Finance,Hardware Charges,BACKEND,requirements/billing-finance/FR-1591-hardware-charges-backend.md,374
1592,FR-1592,Billing & Finance,Hardware Charges,API,requirements/billing-finance/FR-1592-hardware-charges-api.md,373
1593,FR-1593,Billing & Finance,Hardware Charges,SECURITY,requirements/billing-finance/FR-1593-hardware-charges-security.md,378
1594,FR-1594,Billing & Finance,Hardware Charges,TEST,requirements/billing-finance/FR-1594-hardware-charges-test.md,366
1595,FR-1595,Billing & Finance,Hardware Charges,EVENT,requirements/billing-finance/FR-1595-hardware-charges-event.md,367
1596,FR-1596,Billing & Finance,Hardware Charges,OPERATIONS,requirements/billing-finance/FR-1596-hardware-charges-operations.md,359
1597,FR-1597,Billing & Finance,Wallet,UI,requirements/billing-finance/FR-1597-wallet-ui.md,389
1598,FR-1598,Billing & Finance,Wallet,BACKEND,requirements/billing-finance/FR-1598-wallet-backend.md,371
1599,FR-1599,Billing & Finance,Wallet,API,requirements/billing-finance/FR-1599-wallet-api.md,370
1600,FR-1600,Billing & Finance,Wallet,SECURITY,requirements/billing-finance/FR-1600-wallet-security.md,375
1601,FR-1601,Billing & Finance,Wallet,TEST,requirements/billing-finance/FR-1601-wallet-test.md,363
1602,FR-1602,Billing & Finance,Wallet,EVENT,requirements/billing-finance/FR-1602-wallet-event.md,364
1603,FR-1603,Billing & Finance,Wallet,OPERATIONS,requirements/billing-finance/FR-1603-wallet-operations.md,356
1604,FR-1604,Billing & Finance,Collection,UI,requirements/billing-finance/FR-1604-collection-ui.md,389
1605,FR-1605,Billing & Finance,Collection,BACKEND,requirements/billing-finance/FR-1605-collection-backend.md,371
1606,FR-1606,Billing & Finance,Collection,API,requirements/billing-finance/FR-1606-collection-api.md,370
1607,FR-1607,Billing & Finance,Collection,SECURITY,requirements/billing-finance/FR-1607-collection-security.md,375
1608,FR-1608,Billing & Finance,Collection,TEST,requirements/billing-finance/FR-1608-collection-test.md,363
1609,FR-1609,Billing & Finance,Collection,EVENT,requirements/billing-finance/FR-1609-collection-event.md,364
1610,FR-1610,Billing & Finance,Collection,OPERATIONS,requirements/billing-finance/FR-1610-collection-operations.md,356
1611,FR-1611,Billing & Finance,Payment Gateways,UI,requirements/billing-finance/FR-1611-payment-gateways-ui.md,393
1612,FR-1612,Billing & Finance,Payment Gateways,BACKEND,requirements/billing-finance/FR-1612-payment-gateways-backend.md,374
1613,FR-1613,Billing & Finance,Payment Gateways,API,requirements/billing-finance/FR-1613-payment-gateways-api.md,373
1614,FR-1614,Billing & Finance,Payment Gateways,SECURITY,requirements/billing-finance/FR-1614-payment-gateways-security.md,378
1615,FR-1615,Billing & Finance,Payment Gateways,TEST,requirements/billing-finance/FR-1615-payment-gateways-test.md,366
1616,FR-1616,Billing & Finance,Payment Gateways,EVENT,requirements/billing-finance/FR-1616-payment-gateways-event.md,367
1617,FR-1617,Billing & Finance,Payment Gateways,OPERATIONS,requirements/billing-finance/FR-1617-payment-gateways-operations.md,359
1618,FR-1618,Billing & Finance,Cash Collection,UI,requirements/billing-finance/FR-1618-cash-collection-ui.md,393
1619,FR-1619,Billing & Finance,Cash Collection,BACKEND,requirements/billing-finance/FR-1619-cash-collection-backend.md,374
1620,FR-1620,Billing & Finance,Cash Collection,API,requirements/billing-finance/FR-1620-cash-collection-api.md,373
1621,FR-1621,Billing & Finance,Cash Collection,SECURITY,requirements/billing-finance/FR-1621-cash-collection-security.md,378
1622,FR-1622,Billing & Finance,Cash Collection,TEST,requirements/billing-finance/FR-1622-cash-collection-test.md,366
1623,FR-1623,Billing & Finance,Cash Collection,EVENT,requirements/billing-finance/FR-1623-cash-collection-event.md,367
1624,FR-1624,Billing & Finance,Cash Collection,OPERATIONS,requirements/billing-finance/FR-1624-cash-collection-operations.md,359
1625,FR-1625,Billing & Finance,Bank Payments,UI,requirements/billing-finance/FR-1625-bank-payments-ui.md,393
1626,FR-1626,Billing & Finance,Bank Payments,BACKEND,requirements/billing-finance/FR-1626-bank-payments-backend.md,374
1627,FR-1627,Billing & Finance,Bank Payments,API,requirements/billing-finance/FR-1627-bank-payments-api.md,373
1628,FR-1628,Billing & Finance,Bank Payments,SECURITY,requirements/billing-finance/FR-1628-bank-payments-security.md,378
1629,FR-1629,Billing & Finance,Bank Payments,TEST,requirements/billing-finance/FR-1629-bank-payments-test.md,366
1630,FR-1630,Billing & Finance,Bank Payments,EVENT,requirements/billing-finance/FR-1630-bank-payments-event.md,367
1631,FR-1631,Billing & Finance,Bank Payments,OPERATIONS,requirements/billing-finance/FR-1631-bank-payments-operations.md,359
1632,FR-1632,Billing & Finance,Mobile Wallet Payments,UI,requirements/billing-finance/FR-1632-mobile-wallet-payments-ui.md,397
1633,FR-1633,Billing & Finance,Mobile Wallet Payments,BACKEND,requirements/billing-finance/FR-1633-mobile-wallet-payments-backend.md,377
1634,FR-1634,Billing & Finance,Mobile Wallet Payments,API,requirements/billing-finance/FR-1634-mobile-wallet-payments-api.md,376
1635,FR-1635,Billing & Finance,Mobile Wallet Payments,SECURITY,requirements/billing-finance/FR-1635-mobile-wallet-payments-security.md,381
1636,FR-1636,Billing & Finance,Mobile Wallet Payments,TEST,requirements/billing-finance/FR-1636-mobile-wallet-payments-test.md,369
1637,FR-1637,Billing & Finance,Mobile Wallet Payments,EVENT,requirements/billing-finance/FR-1637-mobile-wallet-payments-event.md,370
1638,FR-1638,Billing & Finance,Mobile Wallet Payments,OPERATIONS,requirements/billing-finance/FR-1638-mobile-wallet-payments-operations.md,362
1639,FR-1639,Billing & Finance,Aging Report,UI,requirements/billing-finance/FR-1639-aging-report-ui.md,393
1640,FR-1640,Billing & Finance,Aging Report,BACKEND,requirements/billing-finance/FR-1640-aging-report-backend.md,374
1641,FR-1641,Billing & Finance,Aging Report,API,requirements/billing-finance/FR-1641-aging-report-api.md,373
1642,FR-1642,Billing & Finance,Aging Report,SECURITY,requirements/billing-finance/FR-1642-aging-report-security.md,378
1643,FR-1643,Billing & Finance,Aging Report,TEST,requirements/billing-finance/FR-1643-aging-report-test.md,366
1644,FR-1644,Billing & Finance,Aging Report,EVENT,requirements/billing-finance/FR-1644-aging-report-event.md,367
1645,FR-1645,Billing & Finance,Aging Report,OPERATIONS,requirements/billing-finance/FR-1645-aging-report-operations.md,359
1646,FR-1646,Billing & Finance,Automatic Suspension,UI,requirements/billing-finance/FR-1646-automatic-suspension-ui.md,393
1647,FR-1647,Billing & Finance,Automatic Suspension,BACKEND,requirements/billing-finance/FR-1647-automatic-suspension-backend.md,374
1648,FR-1648,Billing & Finance,Automatic Suspension,API,requirements/billing-finance/FR-1648-automatic-suspension-api.md,373
1649,FR-1649,Billing & Finance,Automatic Suspension,SECURITY,requirements/billing-finance/FR-1649-automatic-suspension-security.md,378
1650,FR-1650,Billing & Finance,Automatic Suspension,TEST,requirements/billing-finance/FR-1650-automatic-suspension-test.md,366
1651,FR-1651,Billing & Finance,Automatic Suspension,EVENT,requirements/billing-finance/FR-1651-automatic-suspension-event.md,367
1652,FR-1652,Billing & Finance,Automatic Suspension,OPERATIONS,requirements/billing-finance/FR-1652-automatic-suspension-operations.md,359
1653,FR-1653,Billing & Finance,Automatic Restoration,UI,requirements/billing-finance/FR-1653-automatic-restoration-ui.md,393
1654,FR-1654,Billing & Finance,Automatic Restoration,BACKEND,requirements/billing-finance/FR-1654-automatic-restoration-backend.md,374
1655,FR-1655,Billing & Finance,Automatic Restoration,API,requirements/billing-finance/FR-1655-automatic-restoration-api.md,373
1656,FR-1656,Billing & Finance,Automatic Restoration,SECURITY,requirements/billing-finance/FR-1656-automatic-restoration-security.md,378
1657,FR-1657,Billing & Finance,Automatic Restoration,TEST,requirements/billing-finance/FR-1657-automatic-restoration-test.md,366
1658,FR-1658,Billing & Finance,Automatic Restoration,EVENT,requirements/billing-finance/FR-1658-automatic-restoration-event.md,367
1659,FR-1659,Billing & Finance,Automatic Restoration,OPERATIONS,requirements/billing-finance/FR-1659-automatic-restoration-operations.md,359
1660,FR-1660,Billing & Finance,Payment Reminders,UI,requirements/billing-finance/FR-1660-payment-reminders-ui.md,393
1661,FR-1661,Billing & Finance,Payment Reminders,BACKEND,requirements/billing-finance/FR-1661-payment-reminders-backend.md,374
1662,FR-1662,Billing & Finance,Payment Reminders,API,requirements/billing-finance/FR-1662-payment-reminders-api.md,373
1663,FR-1663,Billing & Finance,Payment Reminders,SECURITY,requirements/billing-finance/FR-1663-payment-reminders-security.md,378
1664,FR-1664,Billing & Finance,Payment Reminders,TEST,requirements/billing-finance/FR-1664-payment-reminders-test.md,366
1665,FR-1665,Billing & Finance,Payment Reminders,EVENT,requirements/billing-finance/FR-1665-payment-reminders-event.md,367
1666,FR-1666,Billing & Finance,Payment Reminders,OPERATIONS,requirements/billing-finance/FR-1666-payment-reminders-operations.md,359
1667,FR-1667,Billing & Finance,Financial Reports,UI,requirements/billing-finance/FR-1667-financial-reports-ui.md,393
1668,FR-1668,Billing & Finance,Financial Reports,BACKEND,requirements/billing-finance/FR-1668-financial-reports-backend.md,374
1669,FR-1669,Billing & Finance,Financial Reports,API,requirements/billing-finance/FR-1669-financial-reports-api.md,373
1670,FR-1670,Billing & Finance,Financial Reports,SECURITY,requirements/billing-finance/FR-1670-financial-reports-security.md,378
1671,FR-1671,Billing & Finance,Financial Reports,TEST,requirements/billing-finance/FR-1671-financial-reports-test.md,366
1672,FR-1672,Billing & Finance,Financial Reports,EVENT,requirements/billing-finance/FR-1672-financial-reports-event.md,367
1673,FR-1673,Billing & Finance,Financial Reports,OPERATIONS,requirements/billing-finance/FR-1673-financial-reports-operations.md,359
1674,FR-1674,Billing & Finance,Revenue Analytics,UI,requirements/billing-finance/FR-1674-revenue-analytics-ui.md,393
1675,FR-1675,Billing & Finance,Revenue Analytics,BACKEND,requirements/billing-finance/FR-1675-revenue-analytics-backend.md,374
1676,FR-1676,Billing & Finance,Revenue Analytics,API,requirements/billing-finance/FR-1676-revenue-analytics-api.md,373
1677,FR-1677,Billing & Finance,Revenue Analytics,SECURITY,requirements/billing-finance/FR-1677-revenue-analytics-security.md,378
1678,FR-1678,Billing & Finance,Revenue Analytics,TEST,requirements/billing-finance/FR-1678-revenue-analytics-test.md,366
1679,FR-1679,Billing & Finance,Revenue Analytics,EVENT,requirements/billing-finance/FR-1679-revenue-analytics-event.md,367
1680,FR-1680,Billing & Finance,Revenue Analytics,OPERATIONS,requirements/billing-finance/FR-1680-revenue-analytics-operations.md,359
1681,FR-1681,Billing & Finance,Reseller Settlement,UI,requirements/billing-finance/FR-1681-reseller-settlement-ui.md,393
1682,FR-1682,Billing & Finance,Reseller Settlement,BACKEND,requirements/billing-finance/FR-1682-reseller-settlement-backend.md,374
1683,FR-1683,Billing & Finance,Reseller Settlement,API,requirements/billing-finance/FR-1683-reseller-settlement-api.md,373
1684,FR-1684,Billing & Finance,Reseller Settlement,SECURITY,requirements/billing-finance/FR-1684-reseller-settlement-security.md,378
1685,FR-1685,Billing & Finance,Reseller Settlement,TEST,requirements/billing-finance/FR-1685-reseller-settlement-test.md,366
1686,FR-1686,Billing & Finance,Reseller Settlement,EVENT,requirements/billing-finance/FR-1686-reseller-settlement-event.md,367
1687,FR-1687,Billing & Finance,Reseller Settlement,OPERATIONS,requirements/billing-finance/FR-1687-reseller-settlement-operations.md,359
1688,FR-1688,Reseller Management,Reseller Dashboard,UI,requirements/reseller-management/FR-1688-reseller-dashboard-ui.md,390
1689,FR-1689,Reseller Management,Reseller Dashboard,BACKEND,requirements/reseller-management/FR-1689-reseller-dashboard-backend.md,371
1690,FR-1690,Reseller Management,Reseller Dashboard,API,requirements/reseller-management/FR-1690-reseller-dashboard-api.md,372
1691,FR-1691,Reseller Management,Reseller Dashboard,SECURITY,requirements/reseller-management/FR-1691-reseller-dashboard-security.md,377
1692,FR-1692,Reseller Management,Reseller Dashboard,TEST,requirements/reseller-management/FR-1692-reseller-dashboard-test.md,365
1693,FR-1693,Reseller Management,Reseller Dashboard,EVENT,requirements/reseller-management/FR-1693-reseller-dashboard-event.md,366
1694,FR-1694,Reseller Management,Reseller Dashboard,OPERATIONS,requirements/reseller-management/FR-1694-reseller-dashboard-operations.md,358
1695,FR-1695,Reseller Management,Reseller Customers,UI,requirements/reseller-management/FR-1695-reseller-customers-ui.md,390
1696,FR-1696,Reseller Management,Reseller Customers,BACKEND,requirements/reseller-management/FR-1696-reseller-customers-backend.md,371
1697,FR-1697,Reseller Management,Reseller Customers,API,requirements/reseller-management/FR-1697-reseller-customers-api.md,372
1698,FR-1698,Reseller Management,Reseller Customers,SECURITY,requirements/reseller-management/FR-1698-reseller-customers-security.md,377
1699,FR-1699,Reseller Management,Reseller Customers,TEST,requirements/reseller-management/FR-1699-reseller-customers-test.md,365
1700,FR-1700,Reseller Management,Reseller Customers,EVENT,requirements/reseller-management/FR-1700-reseller-customers-event.md,366
1701,FR-1701,Reseller Management,Reseller Customers,OPERATIONS,requirements/reseller-management/FR-1701-reseller-customers-operations.md,358
1702,FR-1702,Reseller Management,Reseller Packages,UI,requirements/reseller-management/FR-1702-reseller-packages-ui.md,390
1703,FR-1703,Reseller Management,Reseller Packages,BACKEND,requirements/reseller-management/FR-1703-reseller-packages-backend.md,371
1704,FR-1704,Reseller Management,Reseller Packages,API,requirements/reseller-management/FR-1704-reseller-packages-api.md,372
1705,FR-1705,Reseller Management,Reseller Packages,SECURITY,requirements/reseller-management/FR-1705-reseller-packages-security.md,377
1706,FR-1706,Reseller Management,Reseller Packages,TEST,requirements/reseller-management/FR-1706-reseller-packages-test.md,365
1707,FR-1707,Reseller Management,Reseller Packages,EVENT,requirements/reseller-management/FR-1707-reseller-packages-event.md,366
1708,FR-1708,Reseller Management,Reseller Packages,OPERATIONS,requirements/reseller-management/FR-1708-reseller-packages-operations.md,358
1709,FR-1709,Reseller Management,Wholesale Pricing,UI,requirements/reseller-management/FR-1709-wholesale-pricing-ui.md,390
1710,FR-1710,Reseller Management,Wholesale Pricing,BACKEND,requirements/reseller-management/FR-1710-wholesale-pricing-backend.md,371
1711,FR-1711,Reseller Management,Wholesale Pricing,API,requirements/reseller-management/FR-1711-wholesale-pricing-api.md,372
1712,FR-1712,Reseller Management,Wholesale Pricing,SECURITY,requirements/reseller-management/FR-1712-wholesale-pricing-security.md,377
1713,FR-1713,Reseller Management,Wholesale Pricing,TEST,requirements/reseller-management/FR-1713-wholesale-pricing-test.md,365
1714,FR-1714,Reseller Management,Wholesale Pricing,EVENT,requirements/reseller-management/FR-1714-wholesale-pricing-event.md,366
1715,FR-1715,Reseller Management,Wholesale Pricing,OPERATIONS,requirements/reseller-management/FR-1715-wholesale-pricing-operations.md,358
1716,FR-1716,Reseller Management,Reseller Wallet,UI,requirements/reseller-management/FR-1716-reseller-wallet-ui.md,390
1717,FR-1717,Reseller Management,Reseller Wallet,BACKEND,requirements/reseller-management/FR-1717-reseller-wallet-backend.md,371
1718,FR-1718,Reseller Management,Reseller Wallet,API,requirements/reseller-management/FR-1718-reseller-wallet-api.md,372
1719,FR-1719,Reseller Management,Reseller Wallet,SECURITY,requirements/reseller-management/FR-1719-reseller-wallet-security.md,377
1720,FR-1720,Reseller Management,Reseller Wallet,TEST,requirements/reseller-management/FR-1720-reseller-wallet-test.md,365
1721,FR-1721,Reseller Management,Reseller Wallet,EVENT,requirements/reseller-management/FR-1721-reseller-wallet-event.md,366
1722,FR-1722,Reseller Management,Reseller Wallet,OPERATIONS,requirements/reseller-management/FR-1722-reseller-wallet-operations.md,358
1723,FR-1723,Reseller Management,Wallet Top-up,UI,requirements/reseller-management/FR-1723-wallet-top-up-ui.md,390
1724,FR-1724,Reseller Management,Wallet Top-up,BACKEND,requirements/reseller-management/FR-1724-wallet-top-up-backend.md,371
1725,FR-1725,Reseller Management,Wallet Top-up,API,requirements/reseller-management/FR-1725-wallet-top-up-api.md,372
1726,FR-1726,Reseller Management,Wallet Top-up,SECURITY,requirements/reseller-management/FR-1726-wallet-top-up-security.md,377
1727,FR-1727,Reseller Management,Wallet Top-up,TEST,requirements/reseller-management/FR-1727-wallet-top-up-test.md,365
1728,FR-1728,Reseller Management,Wallet Top-up,EVENT,requirements/reseller-management/FR-1728-wallet-top-up-event.md,366
1729,FR-1729,Reseller Management,Wallet Top-up,OPERATIONS,requirements/reseller-management/FR-1729-wallet-top-up-operations.md,358
1730,FR-1730,Reseller Management,Reseller Commissions,UI,requirements/reseller-management/FR-1730-reseller-commissions-ui.md,390
1731,FR-1731,Reseller Management,Reseller Commissions,BACKEND,requirements/reseller-management/FR-1731-reseller-commissions-backend.md,371
1732,FR-1732,Reseller Management,Reseller Commissions,API,requirements/reseller-management/FR-1732-reseller-commissions-api.md,372
1733,FR-1733,Reseller Management,Reseller Commissions,SECURITY,requirements/reseller-management/FR-1733-reseller-commissions-security.md,377
1734,FR-1734,Reseller Management,Reseller Commissions,TEST,requirements/reseller-management/FR-1734-reseller-commissions-test.md,365
1735,FR-1735,Reseller Management,Reseller Commissions,EVENT,requirements/reseller-management/FR-1735-reseller-commissions-event.md,366
1736,FR-1736,Reseller Management,Reseller Commissions,OPERATIONS,requirements/reseller-management/FR-1736-reseller-commissions-operations.md,358
1737,FR-1737,Reseller Management,Commission Rules,UI,requirements/reseller-management/FR-1737-commission-rules-ui.md,390
1738,FR-1738,Reseller Management,Commission Rules,BACKEND,requirements/reseller-management/FR-1738-commission-rules-backend.md,371
1739,FR-1739,Reseller Management,Commission Rules,API,requirements/reseller-management/FR-1739-commission-rules-api.md,372
1740,FR-1740,Reseller Management,Commission Rules,SECURITY,requirements/reseller-management/FR-1740-commission-rules-security.md,377
1741,FR-1741,Reseller Management,Commission Rules,TEST,requirements/reseller-management/FR-1741-commission-rules-test.md,365
1742,FR-1742,Reseller Management,Commission Rules,EVENT,requirements/reseller-management/FR-1742-commission-rules-event.md,366
1743,FR-1743,Reseller Management,Commission Rules,OPERATIONS,requirements/reseller-management/FR-1743-commission-rules-operations.md,358
1744,FR-1744,Reseller Management,Reseller Payments,UI,requirements/reseller-management/FR-1744-reseller-payments-ui.md,390
1745,FR-1745,Reseller Management,Reseller Payments,BACKEND,requirements/reseller-management/FR-1745-reseller-payments-backend.md,371
1746,FR-1746,Reseller Management,Reseller Payments,API,requirements/reseller-management/FR-1746-reseller-payments-api.md,372
1747,FR-1747,Reseller Management,Reseller Payments,SECURITY,requirements/reseller-management/FR-1747-reseller-payments-security.md,377
1748,FR-1748,Reseller Management,Reseller Payments,TEST,requirements/reseller-management/FR-1748-reseller-payments-test.md,365
1749,FR-1749,Reseller Management,Reseller Payments,EVENT,requirements/reseller-management/FR-1749-reseller-payments-event.md,366
1750,FR-1750,Reseller Management,Reseller Payments,OPERATIONS,requirements/reseller-management/FR-1750-reseller-payments-operations.md,358
1751,FR-1751,Reseller Management,Reseller Invoices,UI,requirements/reseller-management/FR-1751-reseller-invoices-ui.md,390
1752,FR-1752,Reseller Management,Reseller Invoices,BACKEND,requirements/reseller-management/FR-1752-reseller-invoices-backend.md,371
1753,FR-1753,Reseller Management,Reseller Invoices,API,requirements/reseller-management/FR-1753-reseller-invoices-api.md,372
1754,FR-1754,Reseller Management,Reseller Invoices,SECURITY,requirements/reseller-management/FR-1754-reseller-invoices-security.md,377
1755,FR-1755,Reseller Management,Reseller Invoices,TEST,requirements/reseller-management/FR-1755-reseller-invoices-test.md,365
1756,FR-1756,Reseller Management,Reseller Invoices,EVENT,requirements/reseller-management/FR-1756-reseller-invoices-event.md,366
1757,FR-1757,Reseller Management,Reseller Invoices,OPERATIONS,requirements/reseller-management/FR-1757-reseller-invoices-operations.md,358
1758,FR-1758,Reseller Management,Reseller PPPoE,UI,requirements/reseller-management/FR-1758-reseller-pppoe-ui.md,390
1759,FR-1759,Reseller Management,Reseller PPPoE,BACKEND,requirements/reseller-management/FR-1759-reseller-pppoe-backend.md,371
1760,FR-1760,Reseller Management,Reseller PPPoE,API,requirements/reseller-management/FR-1760-reseller-pppoe-api.md,372
1761,FR-1761,Reseller Management,Reseller PPPoE,SECURITY,requirements/reseller-management/FR-1761-reseller-pppoe-security.md,377
1762,FR-1762,Reseller Management,Reseller PPPoE,TEST,requirements/reseller-management/FR-1762-reseller-pppoe-test.md,365
1763,FR-1763,Reseller Management,Reseller PPPoE,EVENT,requirements/reseller-management/FR-1763-reseller-pppoe-event.md,366
1764,FR-1764,Reseller Management,Reseller PPPoE,OPERATIONS,requirements/reseller-management/FR-1764-reseller-pppoe-operations.md,358
1765,FR-1765,Reseller Management,Reseller HotSpot,UI,requirements/reseller-management/FR-1765-reseller-hotspot-ui.md,390
1766,FR-1766,Reseller Management,Reseller HotSpot,BACKEND,requirements/reseller-management/FR-1766-reseller-hotspot-backend.md,371
1767,FR-1767,Reseller Management,Reseller HotSpot,API,requirements/reseller-management/FR-1767-reseller-hotspot-api.md,372
1768,FR-1768,Reseller Management,Reseller HotSpot,SECURITY,requirements/reseller-management/FR-1768-reseller-hotspot-security.md,377
1769,FR-1769,Reseller Management,Reseller HotSpot,TEST,requirements/reseller-management/FR-1769-reseller-hotspot-test.md,365
1770,FR-1770,Reseller Management,Reseller HotSpot,EVENT,requirements/reseller-management/FR-1770-reseller-hotspot-event.md,366
1771,FR-1771,Reseller Management,Reseller HotSpot,OPERATIONS,requirements/reseller-management/FR-1771-reseller-hotspot-operations.md,358
1772,FR-1772,Reseller Management,Reseller Vouchers,UI,requirements/reseller-management/FR-1772-reseller-vouchers-ui.md,390
1773,FR-1773,Reseller Management,Reseller Vouchers,BACKEND,requirements/reseller-management/FR-1773-reseller-vouchers-backend.md,371
1774,FR-1774,Reseller Management,Reseller Vouchers,API,requirements/reseller-management/FR-1774-reseller-vouchers-api.md,372
1775,FR-1775,Reseller Management,Reseller Vouchers,SECURITY,requirements/reseller-management/FR-1775-reseller-vouchers-security.md,377
1776,FR-1776,Reseller Management,Reseller Vouchers,TEST,requirements/reseller-management/FR-1776-reseller-vouchers-test.md,365
1777,FR-1777,Reseller Management,Reseller Vouchers,EVENT,requirements/reseller-management/FR-1777-reseller-vouchers-event.md,366
1778,FR-1778,Reseller Management,Reseller Vouchers,OPERATIONS,requirements/reseller-management/FR-1778-reseller-vouchers-operations.md,358
1779,FR-1779,Reseller Management,Reseller Sessions,UI,requirements/reseller-management/FR-1779-reseller-sessions-ui.md,390
1780,FR-1780,Reseller Management,Reseller Sessions,BACKEND,requirements/reseller-management/FR-1780-reseller-sessions-backend.md,371
1781,FR-1781,Reseller Management,Reseller Sessions,API,requirements/reseller-management/FR-1781-reseller-sessions-api.md,372
1782,FR-1782,Reseller Management,Reseller Sessions,SECURITY,requirements/reseller-management/FR-1782-reseller-sessions-security.md,377
1783,FR-1783,Reseller Management,Reseller Sessions,TEST,requirements/reseller-management/FR-1783-reseller-sessions-test.md,365
1784,FR-1784,Reseller Management,Reseller Sessions,EVENT,requirements/reseller-management/FR-1784-reseller-sessions-event.md,366
1785,FR-1785,Reseller Management,Reseller Sessions,OPERATIONS,requirements/reseller-management/FR-1785-reseller-sessions-operations.md,358
1786,FR-1786,Reseller Management,Reseller Tickets,UI,requirements/reseller-management/FR-1786-reseller-tickets-ui.md,390
1787,FR-1787,Reseller Management,Reseller Tickets,BACKEND,requirements/reseller-management/FR-1787-reseller-tickets-backend.md,371
1788,FR-1788,Reseller Management,Reseller Tickets,API,requirements/reseller-management/FR-1788-reseller-tickets-api.md,372
1789,FR-1789,Reseller Management,Reseller Tickets,SECURITY,requirements/reseller-management/FR-1789-reseller-tickets-security.md,377
1790,FR-1790,Reseller Management,Reseller Tickets,TEST,requirements/reseller-management/FR-1790-reseller-tickets-test.md,365
1791,FR-1791,Reseller Management,Reseller Tickets,EVENT,requirements/reseller-management/FR-1791-reseller-tickets-event.md,366
1792,FR-1792,Reseller Management,Reseller Tickets,OPERATIONS,requirements/reseller-management/FR-1792-reseller-tickets-operations.md,358
1793,FR-1793,Reseller Management,Reseller Work Orders,UI,requirements/reseller-management/FR-1793-reseller-work-orders-ui.md,394
1794,FR-1794,Reseller Management,Reseller Work Orders,BACKEND,requirements/reseller-management/FR-1794-reseller-work-orders-backend.md,374
1795,FR-1795,Reseller Management,Reseller Work Orders,API,requirements/reseller-management/FR-1795-reseller-work-orders-api.md,375
1796,FR-1796,Reseller Management,Reseller Work Orders,SECURITY,requirements/reseller-management/FR-1796-reseller-work-orders-security.md,380
1797,FR-1797,Reseller Management,Reseller Work Orders,TEST,requirements/reseller-management/FR-1797-reseller-work-orders-test.md,368
1798,FR-1798,Reseller Management,Reseller Work Orders,EVENT,requirements/reseller-management/FR-1798-reseller-work-orders-event.md,369
1799,FR-1799,Reseller Management,Reseller Work Orders,OPERATIONS,requirements/reseller-management/FR-1799-reseller-work-orders-operations.md,361
1800,FR-1800,Reseller Management,Reseller Reports,UI,requirements/reseller-management/FR-1800-reseller-reports-ui.md,390
1801,FR-1801,Reseller Management,Reseller Reports,BACKEND,requirements/reseller-management/FR-1801-reseller-reports-backend.md,371
1802,FR-1802,Reseller Management,Reseller Reports,API,requirements/reseller-management/FR-1802-reseller-reports-api.md,372
1803,FR-1803,Reseller Management,Reseller Reports,SECURITY,requirements/reseller-management/FR-1803-reseller-reports-security.md,377
1804,FR-1804,Reseller Management,Reseller Reports,TEST,requirements/reseller-management/FR-1804-reseller-reports-test.md,365
1805,FR-1805,Reseller Management,Reseller Reports,EVENT,requirements/reseller-management/FR-1805-reseller-reports-event.md,366
1806,FR-1806,Reseller Management,Reseller Reports,OPERATIONS,requirements/reseller-management/FR-1806-reseller-reports-operations.md,358
1807,FR-1807,Reseller Management,Reseller Staff,UI,requirements/reseller-management/FR-1807-reseller-staff-ui.md,390
1808,FR-1808,Reseller Management,Reseller Staff,BACKEND,requirements/reseller-management/FR-1808-reseller-staff-backend.md,371
1809,FR-1809,Reseller Management,Reseller Staff,API,requirements/reseller-management/FR-1809-reseller-staff-api.md,372
1810,FR-1810,Reseller Management,Reseller Staff,SECURITY,requirements/reseller-management/FR-1810-reseller-staff-security.md,377
1811,FR-1811,Reseller Management,Reseller Staff,TEST,requirements/reseller-management/FR-1811-reseller-staff-test.md,365
1812,FR-1812,Reseller Management,Reseller Staff,EVENT,requirements/reseller-management/FR-1812-reseller-staff-event.md,366
1813,FR-1813,Reseller Management,Reseller Staff,OPERATIONS,requirements/reseller-management/FR-1813-reseller-staff-operations.md,358
1814,FR-1814,Reseller Management,Reseller Network Scope,UI,requirements/reseller-management/FR-1814-reseller-network-scope-ui.md,394
1815,FR-1815,Reseller Management,Reseller Network Scope,BACKEND,requirements/reseller-management/FR-1815-reseller-network-scope-backend.md,374
1816,FR-1816,Reseller Management,Reseller Network Scope,API,requirements/reseller-management/FR-1816-reseller-network-scope-api.md,375
1817,FR-1817,Reseller Management,Reseller Network Scope,SECURITY,requirements/reseller-management/FR-1817-reseller-network-scope-security.md,380
1818,FR-1818,Reseller Management,Reseller Network Scope,TEST,requirements/reseller-management/FR-1818-reseller-network-scope-test.md,368
1819,FR-1819,Reseller Management,Reseller Network Scope,EVENT,requirements/reseller-management/FR-1819-reseller-network-scope-event.md,369
1820,FR-1820,Reseller Management,Reseller Network Scope,OPERATIONS,requirements/reseller-management/FR-1820-reseller-network-scope-operations.md,361
1821,FR-1821,Reseller Management,Reseller Fiber Map,UI,requirements/reseller-management/FR-1821-reseller-fiber-map-ui.md,394
1822,FR-1822,Reseller Management,Reseller Fiber Map,BACKEND,requirements/reseller-management/FR-1822-reseller-fiber-map-backend.md,374
1823,FR-1823,Reseller Management,Reseller Fiber Map,API,requirements/reseller-management/FR-1823-reseller-fiber-map-api.md,375
1824,FR-1824,Reseller Management,Reseller Fiber Map,SECURITY,requirements/reseller-management/FR-1824-reseller-fiber-map-security.md,380
1825,FR-1825,Reseller Management,Reseller Fiber Map,TEST,requirements/reseller-management/FR-1825-reseller-fiber-map-test.md,368
1826,FR-1826,Reseller Management,Reseller Fiber Map,EVENT,requirements/reseller-management/FR-1826-reseller-fiber-map-event.md,369
1827,FR-1827,Reseller Management,Reseller Fiber Map,OPERATIONS,requirements/reseller-management/FR-1827-reseller-fiber-map-operations.md,361
1828,FR-1828,Reseller Management,Reseller OLT View,UI,requirements/reseller-management/FR-1828-reseller-olt-view-ui.md,394
1829,FR-1829,Reseller Management,Reseller OLT View,BACKEND,requirements/reseller-management/FR-1829-reseller-olt-view-backend.md,374
1830,FR-1830,Reseller Management,Reseller OLT View,API,requirements/reseller-management/FR-1830-reseller-olt-view-api.md,375
1831,FR-1831,Reseller Management,Reseller OLT View,SECURITY,requirements/reseller-management/FR-1831-reseller-olt-view-security.md,380
1832,FR-1832,Reseller Management,Reseller OLT View,TEST,requirements/reseller-management/FR-1832-reseller-olt-view-test.md,368
1833,FR-1833,Reseller Management,Reseller OLT View,EVENT,requirements/reseller-management/FR-1833-reseller-olt-view-event.md,369
1834,FR-1834,Reseller Management,Reseller OLT View,OPERATIONS,requirements/reseller-management/FR-1834-reseller-olt-view-operations.md,361
1835,FR-1835,Reseller Management,Reseller ONU Registration,UI,requirements/reseller-management/FR-1835-reseller-onu-registration-ui.md,394
1836,FR-1836,Reseller Management,Reseller ONU Registration,BACKEND,requirements/reseller-management/FR-1836-reseller-onu-registration-backend.md,374
1837,FR-1837,Reseller Management,Reseller ONU Registration,API,requirements/reseller-management/FR-1837-reseller-onu-registration-api.md,375
1838,FR-1838,Reseller Management,Reseller ONU Registration,SECURITY,requirements/reseller-management/FR-1838-reseller-onu-registration-security.md,380
1839,FR-1839,Reseller Management,Reseller ONU Registration,TEST,requirements/reseller-management/FR-1839-reseller-onu-registration-test.md,368
1840,FR-1840,Reseller Management,Reseller ONU Registration,EVENT,requirements/reseller-management/FR-1840-reseller-onu-registration-event.md,369
1841,FR-1841,Reseller Management,Reseller ONU Registration,OPERATIONS,requirements/reseller-management/FR-1841-reseller-onu-registration-operations.md,361
1842,FR-1842,Reseller Management,Reseller Permissions,UI,requirements/reseller-management/FR-1842-reseller-permissions-ui.md,390
1843,FR-1843,Reseller Management,Reseller Permissions,BACKEND,requirements/reseller-management/FR-1843-reseller-permissions-backend.md,371
1844,FR-1844,Reseller Management,Reseller Permissions,API,requirements/reseller-management/FR-1844-reseller-permissions-api.md,372
1845,FR-1845,Reseller Management,Reseller Permissions,SECURITY,requirements/reseller-management/FR-1845-reseller-permissions-security.md,377
1846,FR-1846,Reseller Management,Reseller Permissions,TEST,requirements/reseller-management/FR-1846-reseller-permissions-test.md,365
1847,FR-1847,Reseller Management,Reseller Permissions,EVENT,requirements/reseller-management/FR-1847-reseller-permissions-event.md,366
1848,FR-1848,Reseller Management,Reseller Permissions,OPERATIONS,requirements/reseller-management/FR-1848-reseller-permissions-operations.md,358
1849,FR-1849,RADIUS / AAA,AAA Dashboard,UI,requirements/radius-aaa/FR-1849-aaa-dashboard-ui.md,393
1850,FR-1850,RADIUS / AAA,AAA Dashboard,BACKEND,requirements/radius-aaa/FR-1850-aaa-dashboard-backend.md,376
1851,FR-1851,RADIUS / AAA,AAA Dashboard,API,requirements/radius-aaa/FR-1851-aaa-dashboard-api.md,373
1852,FR-1852,RADIUS / AAA,AAA Dashboard,SECURITY,requirements/radius-aaa/FR-1852-aaa-dashboard-security.md,378
1853,FR-1853,RADIUS / AAA,AAA Dashboard,TEST,requirements/radius-aaa/FR-1853-aaa-dashboard-test.md,366
1854,FR-1854,RADIUS / AAA,AAA Dashboard,EVENT,requirements/radius-aaa/FR-1854-aaa-dashboard-event.md,367
1855,FR-1855,RADIUS / AAA,AAA Dashboard,OPERATIONS,requirements/radius-aaa/FR-1855-aaa-dashboard-operations.md,359
1856,FR-1856,RADIUS / AAA,RADIUS Clusters,UI,requirements/radius-aaa/FR-1856-radius-clusters-ui.md,393
1857,FR-1857,RADIUS / AAA,RADIUS Clusters,BACKEND,requirements/radius-aaa/FR-1857-radius-clusters-backend.md,376
1858,FR-1858,RADIUS / AAA,RADIUS Clusters,API,requirements/radius-aaa/FR-1858-radius-clusters-api.md,373
1859,FR-1859,RADIUS / AAA,RADIUS Clusters,SECURITY,requirements/radius-aaa/FR-1859-radius-clusters-security.md,378
1860,FR-1860,RADIUS / AAA,RADIUS Clusters,TEST,requirements/radius-aaa/FR-1860-radius-clusters-test.md,366
1861,FR-1861,RADIUS / AAA,RADIUS Clusters,EVENT,requirements/radius-aaa/FR-1861-radius-clusters-event.md,367
1862,FR-1862,RADIUS / AAA,RADIUS Clusters,OPERATIONS,requirements/radius-aaa/FR-1862-radius-clusters-operations.md,359
1863,FR-1863,RADIUS / AAA,RADIUS Users,UI,requirements/radius-aaa/FR-1863-radius-users-ui.md,393
1864,FR-1864,RADIUS / AAA,RADIUS Users,BACKEND,requirements/radius-aaa/FR-1864-radius-users-backend.md,376
1865,FR-1865,RADIUS / AAA,RADIUS Users,API,requirements/radius-aaa/FR-1865-radius-users-api.md,373
1866,FR-1866,RADIUS / AAA,RADIUS Users,SECURITY,requirements/radius-aaa/FR-1866-radius-users-security.md,378
1867,FR-1867,RADIUS / AAA,RADIUS Users,TEST,requirements/radius-aaa/FR-1867-radius-users-test.md,366
1868,FR-1868,RADIUS / AAA,RADIUS Users,EVENT,requirements/radius-aaa/FR-1868-radius-users-event.md,367
1869,FR-1869,RADIUS / AAA,RADIUS Users,OPERATIONS,requirements/radius-aaa/FR-1869-radius-users-operations.md,359
1870,FR-1870,RADIUS / AAA,RADIUS Groups,UI,requirements/radius-aaa/FR-1870-radius-groups-ui.md,393
1871,FR-1871,RADIUS / AAA,RADIUS Groups,BACKEND,requirements/radius-aaa/FR-1871-radius-groups-backend.md,376
1872,FR-1872,RADIUS / AAA,RADIUS Groups,API,requirements/radius-aaa/FR-1872-radius-groups-api.md,373
1873,FR-1873,RADIUS / AAA,RADIUS Groups,SECURITY,requirements/radius-aaa/FR-1873-radius-groups-security.md,378
1874,FR-1874,RADIUS / AAA,RADIUS Groups,TEST,requirements/radius-aaa/FR-1874-radius-groups-test.md,366
1875,FR-1875,RADIUS / AAA,RADIUS Groups,EVENT,requirements/radius-aaa/FR-1875-radius-groups-event.md,367
1876,FR-1876,RADIUS / AAA,RADIUS Groups,OPERATIONS,requirements/radius-aaa/FR-1876-radius-groups-operations.md,359
1877,FR-1877,RADIUS / AAA,RADIUS Profiles,UI,requirements/radius-aaa/FR-1877-radius-profiles-ui.md,393
1878,FR-1878,RADIUS / AAA,RADIUS Profiles,BACKEND,requirements/radius-aaa/FR-1878-radius-profiles-backend.md,376
1879,FR-1879,RADIUS / AAA,RADIUS Profiles,API,requirements/radius-aaa/FR-1879-radius-profiles-api.md,373
1880,FR-1880,RADIUS / AAA,RADIUS Profiles,SECURITY,requirements/radius-aaa/FR-1880-radius-profiles-security.md,378
1881,FR-1881,RADIUS / AAA,RADIUS Profiles,TEST,requirements/radius-aaa/FR-1881-radius-profiles-test.md,366
1882,FR-1882,RADIUS / AAA,RADIUS Profiles,EVENT,requirements/radius-aaa/FR-1882-radius-profiles-event.md,367
1883,FR-1883,RADIUS / AAA,RADIUS Profiles,OPERATIONS,requirements/radius-aaa/FR-1883-radius-profiles-operations.md,359
1884,FR-1884,RADIUS / AAA,RADIUS Attributes,UI,requirements/radius-aaa/FR-1884-radius-attributes-ui.md,393
1885,FR-1885,RADIUS / AAA,RADIUS Attributes,BACKEND,requirements/radius-aaa/FR-1885-radius-attributes-backend.md,376
1886,FR-1886,RADIUS / AAA,RADIUS Attributes,API,requirements/radius-aaa/FR-1886-radius-attributes-api.md,373
1887,FR-1887,RADIUS / AAA,RADIUS Attributes,SECURITY,requirements/radius-aaa/FR-1887-radius-attributes-security.md,378
1888,FR-1888,RADIUS / AAA,RADIUS Attributes,TEST,requirements/radius-aaa/FR-1888-radius-attributes-test.md,366
1889,FR-1889,RADIUS / AAA,RADIUS Attributes,EVENT,requirements/radius-aaa/FR-1889-radius-attributes-event.md,367
1890,FR-1890,RADIUS / AAA,RADIUS Attributes,OPERATIONS,requirements/radius-aaa/FR-1890-radius-attributes-operations.md,359
1891,FR-1891,RADIUS / AAA,Vendor Dictionaries,UI,requirements/radius-aaa/FR-1891-vendor-dictionaries-ui.md,393
1892,FR-1892,RADIUS / AAA,Vendor Dictionaries,BACKEND,requirements/radius-aaa/FR-1892-vendor-dictionaries-backend.md,376
1893,FR-1893,RADIUS / AAA,Vendor Dictionaries,API,requirements/radius-aaa/FR-1893-vendor-dictionaries-api.md,373
1894,FR-1894,RADIUS / AAA,Vendor Dictionaries,SECURITY,requirements/radius-aaa/FR-1894-vendor-dictionaries-security.md,378
1895,FR-1895,RADIUS / AAA,Vendor Dictionaries,TEST,requirements/radius-aaa/FR-1895-vendor-dictionaries-test.md,366
1896,FR-1896,RADIUS / AAA,Vendor Dictionaries,EVENT,requirements/radius-aaa/FR-1896-vendor-dictionaries-event.md,367
1897,FR-1897,RADIUS / AAA,Vendor Dictionaries,OPERATIONS,requirements/radius-aaa/FR-1897-vendor-dictionaries-operations.md,359
1898,FR-1898,RADIUS / AAA,NAS Devices,UI,requirements/radius-aaa/FR-1898-nas-devices-ui.md,393
1899,FR-1899,RADIUS / AAA,NAS Devices,BACKEND,requirements/radius-aaa/FR-1899-nas-devices-backend.md,376
1900,FR-1900,RADIUS / AAA,NAS Devices,API,requirements/radius-aaa/FR-1900-nas-devices-api.md,373
1901,FR-1901,RADIUS / AAA,NAS Devices,SECURITY,requirements/radius-aaa/FR-1901-nas-devices-security.md,378
1902,FR-1902,RADIUS / AAA,NAS Devices,TEST,requirements/radius-aaa/FR-1902-nas-devices-test.md,366
1903,FR-1903,RADIUS / AAA,NAS Devices,EVENT,requirements/radius-aaa/FR-1903-nas-devices-event.md,367
1904,FR-1904,RADIUS / AAA,NAS Devices,OPERATIONS,requirements/radius-aaa/FR-1904-nas-devices-operations.md,359
1905,FR-1905,RADIUS / AAA,Active Sessions,UI,requirements/radius-aaa/FR-1905-active-sessions-ui.md,393
1906,FR-1906,RADIUS / AAA,Active Sessions,BACKEND,requirements/radius-aaa/FR-1906-active-sessions-backend.md,376
1907,FR-1907,RADIUS / AAA,Active Sessions,API,requirements/radius-aaa/FR-1907-active-sessions-api.md,373
1908,FR-1908,RADIUS / AAA,Active Sessions,SECURITY,requirements/radius-aaa/FR-1908-active-sessions-security.md,378
1909,FR-1909,RADIUS / AAA,Active Sessions,TEST,requirements/radius-aaa/FR-1909-active-sessions-test.md,366
1910,FR-1910,RADIUS / AAA,Active Sessions,EVENT,requirements/radius-aaa/FR-1910-active-sessions-event.md,367
1911,FR-1911,RADIUS / AAA,Active Sessions,OPERATIONS,requirements/radius-aaa/FR-1911-active-sessions-operations.md,359
1912,FR-1912,RADIUS / AAA,Authentication Logs,UI,requirements/radius-aaa/FR-1912-authentication-logs-ui.md,393
1913,FR-1913,RADIUS / AAA,Authentication Logs,BACKEND,requirements/radius-aaa/FR-1913-authentication-logs-backend.md,376
1914,FR-1914,RADIUS / AAA,Authentication Logs,API,requirements/radius-aaa/FR-1914-authentication-logs-api.md,373
1915,FR-1915,RADIUS / AAA,Authentication Logs,SECURITY,requirements/radius-aaa/FR-1915-authentication-logs-security.md,378
1916,FR-1916,RADIUS / AAA,Authentication Logs,TEST,requirements/radius-aaa/FR-1916-authentication-logs-test.md,366
1917,FR-1917,RADIUS / AAA,Authentication Logs,EVENT,requirements/radius-aaa/FR-1917-authentication-logs-event.md,367
1918,FR-1918,RADIUS / AAA,Authentication Logs,OPERATIONS,requirements/radius-aaa/FR-1918-authentication-logs-operations.md,359
1919,FR-1919,RADIUS / AAA,Accounting Logs,UI,requirements/radius-aaa/FR-1919-accounting-logs-ui.md,393
1920,FR-1920,RADIUS / AAA,Accounting Logs,BACKEND,requirements/radius-aaa/FR-1920-accounting-logs-backend.md,376
1921,FR-1921,RADIUS / AAA,Accounting Logs,API,requirements/radius-aaa/FR-1921-accounting-logs-api.md,373
1922,FR-1922,RADIUS / AAA,Accounting Logs,SECURITY,requirements/radius-aaa/FR-1922-accounting-logs-security.md,378
1923,FR-1923,RADIUS / AAA,Accounting Logs,TEST,requirements/radius-aaa/FR-1923-accounting-logs-test.md,366
1924,FR-1924,RADIUS / AAA,Accounting Logs,EVENT,requirements/radius-aaa/FR-1924-accounting-logs-event.md,367
1925,FR-1925,RADIUS / AAA,Accounting Logs,OPERATIONS,requirements/radius-aaa/FR-1925-accounting-logs-operations.md,359
1926,FR-1926,RADIUS / AAA,Accounting Interim Updates,UI,requirements/radius-aaa/FR-1926-accounting-interim-updates-ui.md,397
1927,FR-1927,RADIUS / AAA,Accounting Interim Updates,BACKEND,requirements/radius-aaa/FR-1927-accounting-interim-updates-backend.md,379
1928,FR-1928,RADIUS / AAA,Accounting Interim Updates,API,requirements/radius-aaa/FR-1928-accounting-interim-updates-api.md,376
1929,FR-1929,RADIUS / AAA,Accounting Interim Updates,SECURITY,requirements/radius-aaa/FR-1929-accounting-interim-updates-security.md,381
1930,FR-1930,RADIUS / AAA,Accounting Interim Updates,TEST,requirements/radius-aaa/FR-1930-accounting-interim-updates-test.md,369
1931,FR-1931,RADIUS / AAA,Accounting Interim Updates,EVENT,requirements/radius-aaa/FR-1931-accounting-interim-updates-event.md,370
1932,FR-1932,RADIUS / AAA,Accounting Interim Updates,OPERATIONS,requirements/radius-aaa/FR-1932-accounting-interim-updates-operations.md,362
1933,FR-1933,RADIUS / AAA,CoA,UI,requirements/radius-aaa/FR-1933-coa-ui.md,389
1934,FR-1934,RADIUS / AAA,CoA,BACKEND,requirements/radius-aaa/FR-1934-coa-backend.md,373
1935,FR-1935,RADIUS / AAA,CoA,API,requirements/radius-aaa/FR-1935-coa-api.md,370
1936,FR-1936,RADIUS / AAA,CoA,SECURITY,requirements/radius-aaa/FR-1936-coa-security.md,375
1937,FR-1937,RADIUS / AAA,CoA,TEST,requirements/radius-aaa/FR-1937-coa-test.md,363
1938,FR-1938,RADIUS / AAA,CoA,EVENT,requirements/radius-aaa/FR-1938-coa-event.md,364
1939,FR-1939,RADIUS / AAA,CoA,OPERATIONS,requirements/radius-aaa/FR-1939-coa-operations.md,356
1940,FR-1940,RADIUS / AAA,Disconnect Request,UI,requirements/radius-aaa/FR-1940-disconnect-request-ui.md,393
1941,FR-1941,RADIUS / AAA,Disconnect Request,BACKEND,requirements/radius-aaa/FR-1941-disconnect-request-backend.md,376
1942,FR-1942,RADIUS / AAA,Disconnect Request,API,requirements/radius-aaa/FR-1942-disconnect-request-api.md,373
1943,FR-1943,RADIUS / AAA,Disconnect Request,SECURITY,requirements/radius-aaa/FR-1943-disconnect-request-security.md,378
1944,FR-1944,RADIUS / AAA,Disconnect Request,TEST,requirements/radius-aaa/FR-1944-disconnect-request-test.md,366
1945,FR-1945,RADIUS / AAA,Disconnect Request,EVENT,requirements/radius-aaa/FR-1945-disconnect-request-event.md,367
1946,FR-1946,RADIUS / AAA,Disconnect Request,OPERATIONS,requirements/radius-aaa/FR-1946-disconnect-request-operations.md,359
1947,FR-1947,RADIUS / AAA,Framed IP,UI,requirements/radius-aaa/FR-1947-framed-ip-ui.md,393
1948,FR-1948,RADIUS / AAA,Framed IP,BACKEND,requirements/radius-aaa/FR-1948-framed-ip-backend.md,376
1949,FR-1949,RADIUS / AAA,Framed IP,API,requirements/radius-aaa/FR-1949-framed-ip-api.md,373
1950,FR-1950,RADIUS / AAA,Framed IP,SECURITY,requirements/radius-aaa/FR-1950-framed-ip-security.md,378
1951,FR-1951,RADIUS / AAA,Framed IP,TEST,requirements/radius-aaa/FR-1951-framed-ip-test.md,366
1952,FR-1952,RADIUS / AAA,Framed IP,EVENT,requirements/radius-aaa/FR-1952-framed-ip-event.md,367
1953,FR-1953,RADIUS / AAA,Framed IP,OPERATIONS,requirements/radius-aaa/FR-1953-framed-ip-operations.md,359
1954,FR-1954,RADIUS / AAA,IPv6 Prefix Delegation,UI,requirements/radius-aaa/FR-1954-ipv6-prefix-delegation-ui.md,397
1955,FR-1955,RADIUS / AAA,IPv6 Prefix Delegation,BACKEND,requirements/radius-aaa/FR-1955-ipv6-prefix-delegation-backend.md,379
1956,FR-1956,RADIUS / AAA,IPv6 Prefix Delegation,API,requirements/radius-aaa/FR-1956-ipv6-prefix-delegation-api.md,376
1957,FR-1957,RADIUS / AAA,IPv6 Prefix Delegation,SECURITY,requirements/radius-aaa/FR-1957-ipv6-prefix-delegation-security.md,381
1958,FR-1958,RADIUS / AAA,IPv6 Prefix Delegation,TEST,requirements/radius-aaa/FR-1958-ipv6-prefix-delegation-test.md,369
1959,FR-1959,RADIUS / AAA,IPv6 Prefix Delegation,EVENT,requirements/radius-aaa/FR-1959-ipv6-prefix-delegation-event.md,370
1960,FR-1960,RADIUS / AAA,IPv6 Prefix Delegation,OPERATIONS,requirements/radius-aaa/FR-1960-ipv6-prefix-delegation-operations.md,362
1961,FR-1961,RADIUS / AAA,IP Pool Policy,UI,requirements/radius-aaa/FR-1961-ip-pool-policy-ui.md,397
1962,FR-1962,RADIUS / AAA,IP Pool Policy,BACKEND,requirements/radius-aaa/FR-1962-ip-pool-policy-backend.md,379
1963,FR-1963,RADIUS / AAA,IP Pool Policy,API,requirements/radius-aaa/FR-1963-ip-pool-policy-api.md,376
1964,FR-1964,RADIUS / AAA,IP Pool Policy,SECURITY,requirements/radius-aaa/FR-1964-ip-pool-policy-security.md,381
1965,FR-1965,RADIUS / AAA,IP Pool Policy,TEST,requirements/radius-aaa/FR-1965-ip-pool-policy-test.md,369
1966,FR-1966,RADIUS / AAA,IP Pool Policy,EVENT,requirements/radius-aaa/FR-1966-ip-pool-policy-event.md,370
1967,FR-1967,RADIUS / AAA,IP Pool Policy,OPERATIONS,requirements/radius-aaa/FR-1967-ip-pool-policy-operations.md,362
1968,FR-1968,RADIUS / AAA,Session Timeout,UI,requirements/radius-aaa/FR-1968-session-timeout-ui.md,393
1969,FR-1969,RADIUS / AAA,Session Timeout,BACKEND,requirements/radius-aaa/FR-1969-session-timeout-backend.md,376
1970,FR-1970,RADIUS / AAA,Session Timeout,API,requirements/radius-aaa/FR-1970-session-timeout-api.md,373
1971,FR-1971,RADIUS / AAA,Session Timeout,SECURITY,requirements/radius-aaa/FR-1971-session-timeout-security.md,378
1972,FR-1972,RADIUS / AAA,Session Timeout,TEST,requirements/radius-aaa/FR-1972-session-timeout-test.md,366
1973,FR-1973,RADIUS / AAA,Session Timeout,EVENT,requirements/radius-aaa/FR-1973-session-timeout-event.md,367
1974,FR-1974,RADIUS / AAA,Session Timeout,OPERATIONS,requirements/radius-aaa/FR-1974-session-timeout-operations.md,359
1975,FR-1975,RADIUS / AAA,Idle Timeout,UI,requirements/radius-aaa/FR-1975-idle-timeout-ui.md,393
1976,FR-1976,RADIUS / AAA,Idle Timeout,BACKEND,requirements/radius-aaa/FR-1976-idle-timeout-backend.md,376
1977,FR-1977,RADIUS / AAA,Idle Timeout,API,requirements/radius-aaa/FR-1977-idle-timeout-api.md,373
1978,FR-1978,RADIUS / AAA,Idle Timeout,SECURITY,requirements/radius-aaa/FR-1978-idle-timeout-security.md,378
1979,FR-1979,RADIUS / AAA,Idle Timeout,TEST,requirements/radius-aaa/FR-1979-idle-timeout-test.md,366
1980,FR-1980,RADIUS / AAA,Idle Timeout,EVENT,requirements/radius-aaa/FR-1980-idle-timeout-event.md,367
1981,FR-1981,RADIUS / AAA,Idle Timeout,OPERATIONS,requirements/radius-aaa/FR-1981-idle-timeout-operations.md,359
1982,FR-1982,RADIUS / AAA,Simultaneous Use,UI,requirements/radius-aaa/FR-1982-simultaneous-use-ui.md,393
1983,FR-1983,RADIUS / AAA,Simultaneous Use,BACKEND,requirements/radius-aaa/FR-1983-simultaneous-use-backend.md,376
1984,FR-1984,RADIUS / AAA,Simultaneous Use,API,requirements/radius-aaa/FR-1984-simultaneous-use-api.md,373
1985,FR-1985,RADIUS / AAA,Simultaneous Use,SECURITY,requirements/radius-aaa/FR-1985-simultaneous-use-security.md,378
1986,FR-1986,RADIUS / AAA,Simultaneous Use,TEST,requirements/radius-aaa/FR-1986-simultaneous-use-test.md,366
1987,FR-1987,RADIUS / AAA,Simultaneous Use,EVENT,requirements/radius-aaa/FR-1987-simultaneous-use-event.md,367
1988,FR-1988,RADIUS / AAA,Simultaneous Use,OPERATIONS,requirements/radius-aaa/FR-1988-simultaneous-use-operations.md,359
1989,FR-1989,RADIUS / AAA,Bandwidth Policy,UI,requirements/radius-aaa/FR-1989-bandwidth-policy-ui.md,393
1990,FR-1990,RADIUS / AAA,Bandwidth Policy,BACKEND,requirements/radius-aaa/FR-1990-bandwidth-policy-backend.md,376
1991,FR-1991,RADIUS / AAA,Bandwidth Policy,API,requirements/radius-aaa/FR-1991-bandwidth-policy-api.md,373
1992,FR-1992,RADIUS / AAA,Bandwidth Policy,SECURITY,requirements/radius-aaa/FR-1992-bandwidth-policy-security.md,378
1993,FR-1993,RADIUS / AAA,Bandwidth Policy,TEST,requirements/radius-aaa/FR-1993-bandwidth-policy-test.md,366
1994,FR-1994,RADIUS / AAA,Bandwidth Policy,EVENT,requirements/radius-aaa/FR-1994-bandwidth-policy-event.md,367
1995,FR-1995,RADIUS / AAA,Bandwidth Policy,OPERATIONS,requirements/radius-aaa/FR-1995-bandwidth-policy-operations.md,359
1996,FR-1996,RADIUS / AAA,FUP Policy,UI,requirements/radius-aaa/FR-1996-fup-policy-ui.md,393
1997,FR-1997,RADIUS / AAA,FUP Policy,BACKEND,requirements/radius-aaa/FR-1997-fup-policy-backend.md,376
1998,FR-1998,RADIUS / AAA,FUP Policy,API,requirements/radius-aaa/FR-1998-fup-policy-api.md,373
1999,FR-1999,RADIUS / AAA,FUP Policy,SECURITY,requirements/radius-aaa/FR-1999-fup-policy-security.md,378
2000,FR-2000,RADIUS / AAA,FUP Policy,TEST,requirements/radius-aaa/FR-2000-fup-policy-test.md,366
2001,FR-2001,RADIUS / AAA,FUP Policy,EVENT,requirements/radius-aaa/FR-2001-fup-policy-event.md,367
2002,FR-2002,RADIUS / AAA,FUP Policy,OPERATIONS,requirements/radius-aaa/FR-2002-fup-policy-operations.md,359
2003,FR-2003,RADIUS / AAA,Expiration Policy,UI,requirements/radius-aaa/FR-2003-expiration-policy-ui.md,393
2004,FR-2004,RADIUS / AAA,Expiration Policy,BACKEND,requirements/radius-aaa/FR-2004-expiration-policy-backend.md,376
2005,FR-2005,RADIUS / AAA,Expiration Policy,API,requirements/radius-aaa/FR-2005-expiration-policy-api.md,373
2006,FR-2006,RADIUS / AAA,Expiration Policy,SECURITY,requirements/radius-aaa/FR-2006-expiration-policy-security.md,378
2007,FR-2007,RADIUS / AAA,Expiration Policy,TEST,requirements/radius-aaa/FR-2007-expiration-policy-test.md,366
2008,FR-2008,RADIUS / AAA,Expiration Policy,EVENT,requirements/radius-aaa/FR-2008-expiration-policy-event.md,367
2009,FR-2009,RADIUS / AAA,Expiration Policy,OPERATIONS,requirements/radius-aaa/FR-2009-expiration-policy-operations.md,359
2010,FR-2010,RADIUS / AAA,Suspension Policy,UI,requirements/radius-aaa/FR-2010-suspension-policy-ui.md,393
2011,FR-2011,RADIUS / AAA,Suspension Policy,BACKEND,requirements/radius-aaa/FR-2011-suspension-policy-backend.md,376
2012,FR-2012,RADIUS / AAA,Suspension Policy,API,requirements/radius-aaa/FR-2012-suspension-policy-api.md,373
2013,FR-2013,RADIUS / AAA,Suspension Policy,SECURITY,requirements/radius-aaa/FR-2013-suspension-policy-security.md,378
2014,FR-2014,RADIUS / AAA,Suspension Policy,TEST,requirements/radius-aaa/FR-2014-suspension-policy-test.md,366
2015,FR-2015,RADIUS / AAA,Suspension Policy,EVENT,requirements/radius-aaa/FR-2015-suspension-policy-event.md,367
2016,FR-2016,RADIUS / AAA,Suspension Policy,OPERATIONS,requirements/radius-aaa/FR-2016-suspension-policy-operations.md,359
2017,FR-2017,RADIUS / AAA,Restoration Policy,UI,requirements/radius-aaa/FR-2017-restoration-policy-ui.md,393
2018,FR-2018,RADIUS / AAA,Restoration Policy,BACKEND,requirements/radius-aaa/FR-2018-restoration-policy-backend.md,376
2019,FR-2019,RADIUS / AAA,Restoration Policy,API,requirements/radius-aaa/FR-2019-restoration-policy-api.md,373
2020,FR-2020,RADIUS / AAA,Restoration Policy,SECURITY,requirements/radius-aaa/FR-2020-restoration-policy-security.md,378
2021,FR-2021,RADIUS / AAA,Restoration Policy,TEST,requirements/radius-aaa/FR-2021-restoration-policy-test.md,366
2022,FR-2022,RADIUS / AAA,Restoration Policy,EVENT,requirements/radius-aaa/FR-2022-restoration-policy-event.md,367
2023,FR-2023,RADIUS / AAA,Restoration Policy,OPERATIONS,requirements/radius-aaa/FR-2023-restoration-policy-operations.md,359
2024,FR-2024,RADIUS / AAA,RADIUS Health,UI,requirements/radius-aaa/FR-2024-radius-health-ui.md,393
2025,FR-2025,RADIUS / AAA,RADIUS Health,BACKEND,requirements/radius-aaa/FR-2025-radius-health-backend.md,376
2026,FR-2026,RADIUS / AAA,RADIUS Health,API,requirements/radius-aaa/FR-2026-radius-health-api.md,373
2027,FR-2027,RADIUS / AAA,RADIUS Health,SECURITY,requirements/radius-aaa/FR-2027-radius-health-security.md,378
2028,FR-2028,RADIUS / AAA,RADIUS Health,TEST,requirements/radius-aaa/FR-2028-radius-health-test.md,366
2029,FR-2029,RADIUS / AAA,RADIUS Health,EVENT,requirements/radius-aaa/FR-2029-radius-health-event.md,367
2030,FR-2030,RADIUS / AAA,RADIUS Health,OPERATIONS,requirements/radius-aaa/FR-2030-radius-health-operations.md,359
2031,FR-2031,RADIUS / AAA,RADIUS Replication,UI,requirements/radius-aaa/FR-2031-radius-replication-ui.md,393
2032,FR-2032,RADIUS / AAA,RADIUS Replication,BACKEND,requirements/radius-aaa/FR-2032-radius-replication-backend.md,376
2033,FR-2033,RADIUS / AAA,RADIUS Replication,API,requirements/radius-aaa/FR-2033-radius-replication-api.md,373
2034,FR-2034,RADIUS / AAA,RADIUS Replication,SECURITY,requirements/radius-aaa/FR-2034-radius-replication-security.md,378
2035,FR-2035,RADIUS / AAA,RADIUS Replication,TEST,requirements/radius-aaa/FR-2035-radius-replication-test.md,366
2036,FR-2036,RADIUS / AAA,RADIUS Replication,EVENT,requirements/radius-aaa/FR-2036-radius-replication-event.md,367
2037,FR-2037,RADIUS / AAA,RADIUS Replication,OPERATIONS,requirements/radius-aaa/FR-2037-radius-replication-operations.md,359
2038,FR-2038,RADIUS / AAA,RADIUS Audit,UI,requirements/radius-aaa/FR-2038-radius-audit-ui.md,393
2039,FR-2039,RADIUS / AAA,RADIUS Audit,BACKEND,requirements/radius-aaa/FR-2039-radius-audit-backend.md,376
2040,FR-2040,RADIUS / AAA,RADIUS Audit,API,requirements/radius-aaa/FR-2040-radius-audit-api.md,373
2041,FR-2041,RADIUS / AAA,RADIUS Audit,SECURITY,requirements/radius-aaa/FR-2041-radius-audit-security.md,378
2042,FR-2042,RADIUS / AAA,RADIUS Audit,TEST,requirements/radius-aaa/FR-2042-radius-audit-test.md,366
2043,FR-2043,RADIUS / AAA,RADIUS Audit,EVENT,requirements/radius-aaa/FR-2043-radius-audit-event.md,367
2044,FR-2044,RADIUS / AAA,RADIUS Audit,OPERATIONS,requirements/radius-aaa/FR-2044-radius-audit-operations.md,359
2045,FR-2045,PPPoE,PPPoE Dashboard,UI,requirements/pppoe/FR-2045-pppoe-dashboard-ui.md,387
2046,FR-2046,PPPoE,PPPoE Dashboard,BACKEND,requirements/pppoe/FR-2046-pppoe-dashboard-backend.md,371
2047,FR-2047,PPPoE,PPPoE Dashboard,API,requirements/pppoe/FR-2047-pppoe-dashboard-api.md,371
2048,FR-2048,PPPoE,PPPoE Dashboard,SECURITY,requirements/pppoe/FR-2048-pppoe-dashboard-security.md,376
2049,FR-2049,PPPoE,PPPoE Dashboard,TEST,requirements/pppoe/FR-2049-pppoe-dashboard-test.md,364
2050,FR-2050,PPPoE,PPPoE Dashboard,EVENT,requirements/pppoe/FR-2050-pppoe-dashboard-event.md,365
2051,FR-2051,PPPoE,PPPoE Dashboard,OPERATIONS,requirements/pppoe/FR-2051-pppoe-dashboard-operations.md,357
2052,FR-2052,PPPoE,PPPoE Users,UI,requirements/pppoe/FR-2052-pppoe-users-ui.md,387
2053,FR-2053,PPPoE,PPPoE Users,BACKEND,requirements/pppoe/FR-2053-pppoe-users-backend.md,371
2054,FR-2054,PPPoE,PPPoE Users,API,requirements/pppoe/FR-2054-pppoe-users-api.md,371
2055,FR-2055,PPPoE,PPPoE Users,SECURITY,requirements/pppoe/FR-2055-pppoe-users-security.md,376
2056,FR-2056,PPPoE,PPPoE Users,TEST,requirements/pppoe/FR-2056-pppoe-users-test.md,364
2057,FR-2057,PPPoE,PPPoE Users,EVENT,requirements/pppoe/FR-2057-pppoe-users-event.md,365
2058,FR-2058,PPPoE,PPPoE Users,OPERATIONS,requirements/pppoe/FR-2058-pppoe-users-operations.md,357
2059,FR-2059,PPPoE,PPPoE Profiles,UI,requirements/pppoe/FR-2059-pppoe-profiles-ui.md,387
2060,FR-2060,PPPoE,PPPoE Profiles,BACKEND,requirements/pppoe/FR-2060-pppoe-profiles-backend.md,371
2061,FR-2061,PPPoE,PPPoE Profiles,API,requirements/pppoe/FR-2061-pppoe-profiles-api.md,371
2062,FR-2062,PPPoE,PPPoE Profiles,SECURITY,requirements/pppoe/FR-2062-pppoe-profiles-security.md,376
2063,FR-2063,PPPoE,PPPoE Profiles,TEST,requirements/pppoe/FR-2063-pppoe-profiles-test.md,364
2064,FR-2064,PPPoE,PPPoE Profiles,EVENT,requirements/pppoe/FR-2064-pppoe-profiles-event.md,365
2065,FR-2065,PPPoE,PPPoE Profiles,OPERATIONS,requirements/pppoe/FR-2065-pppoe-profiles-operations.md,357
2066,FR-2066,PPPoE,PPPoE Servers,UI,requirements/pppoe/FR-2066-pppoe-servers-ui.md,387
2067,FR-2067,PPPoE,PPPoE Servers,BACKEND,requirements/pppoe/FR-2067-pppoe-servers-backend.md,371
2068,FR-2068,PPPoE,PPPoE Servers,API,requirements/pppoe/FR-2068-pppoe-servers-api.md,371
2069,FR-2069,PPPoE,PPPoE Servers,SECURITY,requirements/pppoe/FR-2069-pppoe-servers-security.md,376
2070,FR-2070,PPPoE,PPPoE Servers,TEST,requirements/pppoe/FR-2070-pppoe-servers-test.md,364
2071,FR-2071,PPPoE,PPPoE Servers,EVENT,requirements/pppoe/FR-2071-pppoe-servers-event.md,365
2072,FR-2072,PPPoE,PPPoE Servers,OPERATIONS,requirements/pppoe/FR-2072-pppoe-servers-operations.md,357
2073,FR-2073,PPPoE,PPPoE Sessions,UI,requirements/pppoe/FR-2073-pppoe-sessions-ui.md,387
2074,FR-2074,PPPoE,PPPoE Sessions,BACKEND,requirements/pppoe/FR-2074-pppoe-sessions-backend.md,371
2075,FR-2075,PPPoE,PPPoE Sessions,API,requirements/pppoe/FR-2075-pppoe-sessions-api.md,371
2076,FR-2076,PPPoE,PPPoE Sessions,SECURITY,requirements/pppoe/FR-2076-pppoe-sessions-security.md,376
2077,FR-2077,PPPoE,PPPoE Sessions,TEST,requirements/pppoe/FR-2077-pppoe-sessions-test.md,364
2078,FR-2078,PPPoE,PPPoE Sessions,EVENT,requirements/pppoe/FR-2078-pppoe-sessions-event.md,365
2079,FR-2079,PPPoE,PPPoE Sessions,OPERATIONS,requirements/pppoe/FR-2079-pppoe-sessions-operations.md,357
2080,FR-2080,PPPoE,PPPoE IP Pools,UI,requirements/pppoe/FR-2080-pppoe-ip-pools-ui.md,391
2081,FR-2081,PPPoE,PPPoE IP Pools,BACKEND,requirements/pppoe/FR-2081-pppoe-ip-pools-backend.md,374
2082,FR-2082,PPPoE,PPPoE IP Pools,API,requirements/pppoe/FR-2082-pppoe-ip-pools-api.md,374
2083,FR-2083,PPPoE,PPPoE IP Pools,SECURITY,requirements/pppoe/FR-2083-pppoe-ip-pools-security.md,379
2084,FR-2084,PPPoE,PPPoE IP Pools,TEST,requirements/pppoe/FR-2084-pppoe-ip-pools-test.md,367
2085,FR-2085,PPPoE,PPPoE IP Pools,EVENT,requirements/pppoe/FR-2085-pppoe-ip-pools-event.md,368
2086,FR-2086,PPPoE,PPPoE IP Pools,OPERATIONS,requirements/pppoe/FR-2086-pppoe-ip-pools-operations.md,360
2087,FR-2087,PPPoE,Static IP Assignment,UI,requirements/pppoe/FR-2087-static-ip-assignment-ui.md,391
2088,FR-2088,PPPoE,Static IP Assignment,BACKEND,requirements/pppoe/FR-2088-static-ip-assignment-backend.md,374
2089,FR-2089,PPPoE,Static IP Assignment,API,requirements/pppoe/FR-2089-static-ip-assignment-api.md,374
2090,FR-2090,PPPoE,Static IP Assignment,SECURITY,requirements/pppoe/FR-2090-static-ip-assignment-security.md,379
2091,FR-2091,PPPoE,Static IP Assignment,TEST,requirements/pppoe/FR-2091-static-ip-assignment-test.md,367
2092,FR-2092,PPPoE,Static IP Assignment,EVENT,requirements/pppoe/FR-2092-static-ip-assignment-event.md,368
2093,FR-2093,PPPoE,Static IP Assignment,OPERATIONS,requirements/pppoe/FR-2093-static-ip-assignment-operations.md,360
2094,FR-2094,PPPoE,IPv6 Assignment,UI,requirements/pppoe/FR-2094-ipv6-assignment-ui.md,387
2095,FR-2095,PPPoE,IPv6 Assignment,BACKEND,requirements/pppoe/FR-2095-ipv6-assignment-backend.md,371
2096,FR-2096,PPPoE,IPv6 Assignment,API,requirements/pppoe/FR-2096-ipv6-assignment-api.md,371
2097,FR-2097,PPPoE,IPv6 Assignment,SECURITY,requirements/pppoe/FR-2097-ipv6-assignment-security.md,376
2098,FR-2098,PPPoE,IPv6 Assignment,TEST,requirements/pppoe/FR-2098-ipv6-assignment-test.md,364
2099,FR-2099,PPPoE,IPv6 Assignment,EVENT,requirements/pppoe/FR-2099-ipv6-assignment-event.md,365
2100,FR-2100,PPPoE,IPv6 Assignment,OPERATIONS,requirements/pppoe/FR-2100-ipv6-assignment-operations.md,357
2101,FR-2101,PPPoE,PPPoE NAS Mapping,UI,requirements/pppoe/FR-2101-pppoe-nas-mapping-ui.md,391
2102,FR-2102,PPPoE,PPPoE NAS Mapping,BACKEND,requirements/pppoe/FR-2102-pppoe-nas-mapping-backend.md,374
2103,FR-2103,PPPoE,PPPoE NAS Mapping,API,requirements/pppoe/FR-2103-pppoe-nas-mapping-api.md,374
2104,FR-2104,PPPoE,PPPoE NAS Mapping,SECURITY,requirements/pppoe/FR-2104-pppoe-nas-mapping-security.md,379
2105,FR-2105,PPPoE,PPPoE NAS Mapping,TEST,requirements/pppoe/FR-2105-pppoe-nas-mapping-test.md,367
2106,FR-2106,PPPoE,PPPoE NAS Mapping,EVENT,requirements/pppoe/FR-2106-pppoe-nas-mapping-event.md,368
2107,FR-2107,PPPoE,PPPoE NAS Mapping,OPERATIONS,requirements/pppoe/FR-2107-pppoe-nas-mapping-operations.md,360
2108,FR-2108,PPPoE,Failed Authentication,UI,requirements/pppoe/FR-2108-failed-authentication-ui.md,387
2109,FR-2109,PPPoE,Failed Authentication,BACKEND,requirements/pppoe/FR-2109-failed-authentication-backend.md,371
2110,FR-2110,PPPoE,Failed Authentication,API,requirements/pppoe/FR-2110-failed-authentication-api.md,371
2111,FR-2111,PPPoE,Failed Authentication,SECURITY,requirements/pppoe/FR-2111-failed-authentication-security.md,376
2112,FR-2112,PPPoE,Failed Authentication,TEST,requirements/pppoe/FR-2112-failed-authentication-test.md,364
2113,FR-2113,PPPoE,Failed Authentication,EVENT,requirements/pppoe/FR-2113-failed-authentication-event.md,365
2114,FR-2114,PPPoE,Failed Authentication,OPERATIONS,requirements/pppoe/FR-2114-failed-authentication-operations.md,357
2115,FR-2115,PPPoE,Session History,UI,requirements/pppoe/FR-2115-session-history-ui.md,387
2116,FR-2116,PPPoE,Session History,BACKEND,requirements/pppoe/FR-2116-session-history-backend.md,371
2117,FR-2117,PPPoE,Session History,API,requirements/pppoe/FR-2117-session-history-api.md,371
2118,FR-2118,PPPoE,Session History,SECURITY,requirements/pppoe/FR-2118-session-history-security.md,376
2119,FR-2119,PPPoE,Session History,TEST,requirements/pppoe/FR-2119-session-history-test.md,364
2120,FR-2120,PPPoE,Session History,EVENT,requirements/pppoe/FR-2120-session-history-event.md,365
2121,FR-2121,PPPoE,Session History,OPERATIONS,requirements/pppoe/FR-2121-session-history-operations.md,357
2122,FR-2122,PPPoE,Usage Accounting,UI,requirements/pppoe/FR-2122-usage-accounting-ui.md,387
2123,FR-2123,PPPoE,Usage Accounting,BACKEND,requirements/pppoe/FR-2123-usage-accounting-backend.md,371
2124,FR-2124,PPPoE,Usage Accounting,API,requirements/pppoe/FR-2124-usage-accounting-api.md,371
2125,FR-2125,PPPoE,Usage Accounting,SECURITY,requirements/pppoe/FR-2125-usage-accounting-security.md,376
2126,FR-2126,PPPoE,Usage Accounting,TEST,requirements/pppoe/FR-2126-usage-accounting-test.md,364
2127,FR-2127,PPPoE,Usage Accounting,EVENT,requirements/pppoe/FR-2127-usage-accounting-event.md,365
2128,FR-2128,PPPoE,Usage Accounting,OPERATIONS,requirements/pppoe/FR-2128-usage-accounting-operations.md,357
2129,FR-2129,PPPoE,Rate Changes,UI,requirements/pppoe/FR-2129-rate-changes-ui.md,387
2130,FR-2130,PPPoE,Rate Changes,BACKEND,requirements/pppoe/FR-2130-rate-changes-backend.md,371
2131,FR-2131,PPPoE,Rate Changes,API,requirements/pppoe/FR-2131-rate-changes-api.md,371
2132,FR-2132,PPPoE,Rate Changes,SECURITY,requirements/pppoe/FR-2132-rate-changes-security.md,376
2133,FR-2133,PPPoE,Rate Changes,TEST,requirements/pppoe/FR-2133-rate-changes-test.md,364
2134,FR-2134,PPPoE,Rate Changes,EVENT,requirements/pppoe/FR-2134-rate-changes-event.md,365
2135,FR-2135,PPPoE,Rate Changes,OPERATIONS,requirements/pppoe/FR-2135-rate-changes-operations.md,357
2136,FR-2136,PPPoE,Disconnect,UI,requirements/pppoe/FR-2136-disconnect-ui.md,383
2137,FR-2137,PPPoE,Disconnect,BACKEND,requirements/pppoe/FR-2137-disconnect-backend.md,368
2138,FR-2138,PPPoE,Disconnect,API,requirements/pppoe/FR-2138-disconnect-api.md,368
2139,FR-2139,PPPoE,Disconnect,SECURITY,requirements/pppoe/FR-2139-disconnect-security.md,373
2140,FR-2140,PPPoE,Disconnect,TEST,requirements/pppoe/FR-2140-disconnect-test.md,361
2141,FR-2141,PPPoE,Disconnect,EVENT,requirements/pppoe/FR-2141-disconnect-event.md,362
2142,FR-2142,PPPoE,Disconnect,OPERATIONS,requirements/pppoe/FR-2142-disconnect-operations.md,354
2143,FR-2143,PPPoE,Bulk Disconnect,UI,requirements/pppoe/FR-2143-bulk-disconnect-ui.md,387
2144,FR-2144,PPPoE,Bulk Disconnect,BACKEND,requirements/pppoe/FR-2144-bulk-disconnect-backend.md,371
2145,FR-2145,PPPoE,Bulk Disconnect,API,requirements/pppoe/FR-2145-bulk-disconnect-api.md,371
2146,FR-2146,PPPoE,Bulk Disconnect,SECURITY,requirements/pppoe/FR-2146-bulk-disconnect-security.md,376
2147,FR-2147,PPPoE,Bulk Disconnect,TEST,requirements/pppoe/FR-2147-bulk-disconnect-test.md,364
2148,FR-2148,PPPoE,Bulk Disconnect,EVENT,requirements/pppoe/FR-2148-bulk-disconnect-event.md,365
2149,FR-2149,PPPoE,Bulk Disconnect,OPERATIONS,requirements/pppoe/FR-2149-bulk-disconnect-operations.md,357
2150,FR-2150,PPPoE,Profile Migration,UI,requirements/pppoe/FR-2150-profile-migration-ui.md,387
2151,FR-2151,PPPoE,Profile Migration,BACKEND,requirements/pppoe/FR-2151-profile-migration-backend.md,371
2152,FR-2152,PPPoE,Profile Migration,API,requirements/pppoe/FR-2152-profile-migration-api.md,371
2153,FR-2153,PPPoE,Profile Migration,SECURITY,requirements/pppoe/FR-2153-profile-migration-security.md,376
2154,FR-2154,PPPoE,Profile Migration,TEST,requirements/pppoe/FR-2154-profile-migration-test.md,364
2155,FR-2155,PPPoE,Profile Migration,EVENT,requirements/pppoe/FR-2155-profile-migration-event.md,365
2156,FR-2156,PPPoE,Profile Migration,OPERATIONS,requirements/pppoe/FR-2156-profile-migration-operations.md,357
2157,FR-2157,PPPoE,PPPoE Reports,UI,requirements/pppoe/FR-2157-pppoe-reports-ui.md,387
2158,FR-2158,PPPoE,PPPoE Reports,BACKEND,requirements/pppoe/FR-2158-pppoe-reports-backend.md,371
2159,FR-2159,PPPoE,PPPoE Reports,API,requirements/pppoe/FR-2159-pppoe-reports-api.md,371
2160,FR-2160,PPPoE,PPPoE Reports,SECURITY,requirements/pppoe/FR-2160-pppoe-reports-security.md,376
2161,FR-2161,PPPoE,PPPoE Reports,TEST,requirements/pppoe/FR-2161-pppoe-reports-test.md,364
2162,FR-2162,PPPoE,PPPoE Reports,EVENT,requirements/pppoe/FR-2162-pppoe-reports-event.md,365
2163,FR-2163,PPPoE,PPPoE Reports,OPERATIONS,requirements/pppoe/FR-2163-pppoe-reports-operations.md,357
2164,FR-2164,PPPoE,PPPoE Alarms,UI,requirements/pppoe/FR-2164-pppoe-alarms-ui.md,387
2165,FR-2165,PPPoE,PPPoE Alarms,BACKEND,requirements/pppoe/FR-2165-pppoe-alarms-backend.md,371
2166,FR-2166,PPPoE,PPPoE Alarms,API,requirements/pppoe/FR-2166-pppoe-alarms-api.md,371
2167,FR-2167,PPPoE,PPPoE Alarms,SECURITY,requirements/pppoe/FR-2167-pppoe-alarms-security.md,376
2168,FR-2168,PPPoE,PPPoE Alarms,TEST,requirements/pppoe/FR-2168-pppoe-alarms-test.md,364
2169,FR-2169,PPPoE,PPPoE Alarms,EVENT,requirements/pppoe/FR-2169-pppoe-alarms-event.md,365
2170,FR-2170,PPPoE,PPPoE Alarms,OPERATIONS,requirements/pppoe/FR-2170-pppoe-alarms-operations.md,357
2171,FR-2171,HotSpot,HotSpot Dashboard,UI,requirements/hotspot/FR-2171-hotspot-dashboard-ui.md,387
2172,FR-2172,HotSpot,HotSpot Dashboard,BACKEND,requirements/hotspot/FR-2172-hotspot-dashboard-backend.md,372
2173,FR-2173,HotSpot,HotSpot Dashboard,API,requirements/hotspot/FR-2173-hotspot-dashboard-api.md,371
2174,FR-2174,HotSpot,HotSpot Dashboard,SECURITY,requirements/hotspot/FR-2174-hotspot-dashboard-security.md,376
2175,FR-2175,HotSpot,HotSpot Dashboard,TEST,requirements/hotspot/FR-2175-hotspot-dashboard-test.md,364
2176,FR-2176,HotSpot,HotSpot Dashboard,EVENT,requirements/hotspot/FR-2176-hotspot-dashboard-event.md,365
2177,FR-2177,HotSpot,HotSpot Dashboard,OPERATIONS,requirements/hotspot/FR-2177-hotspot-dashboard-operations.md,357
2178,FR-2178,HotSpot,HotSpot Servers,UI,requirements/hotspot/FR-2178-hotspot-servers-ui.md,387
2179,FR-2179,HotSpot,HotSpot Servers,BACKEND,requirements/hotspot/FR-2179-hotspot-servers-backend.md,372
2180,FR-2180,HotSpot,HotSpot Servers,API,requirements/hotspot/FR-2180-hotspot-servers-api.md,371
2181,FR-2181,HotSpot,HotSpot Servers,SECURITY,requirements/hotspot/FR-2181-hotspot-servers-security.md,376
2182,FR-2182,HotSpot,HotSpot Servers,TEST,requirements/hotspot/FR-2182-hotspot-servers-test.md,364
2183,FR-2183,HotSpot,HotSpot Servers,EVENT,requirements/hotspot/FR-2183-hotspot-servers-event.md,365
2184,FR-2184,HotSpot,HotSpot Servers,OPERATIONS,requirements/hotspot/FR-2184-hotspot-servers-operations.md,357
2185,FR-2185,HotSpot,HotSpot Users,UI,requirements/hotspot/FR-2185-hotspot-users-ui.md,387
2186,FR-2186,HotSpot,HotSpot Users,BACKEND,requirements/hotspot/FR-2186-hotspot-users-backend.md,372
2187,FR-2187,HotSpot,HotSpot Users,API,requirements/hotspot/FR-2187-hotspot-users-api.md,371
2188,FR-2188,HotSpot,HotSpot Users,SECURITY,requirements/hotspot/FR-2188-hotspot-users-security.md,376
2189,FR-2189,HotSpot,HotSpot Users,TEST,requirements/hotspot/FR-2189-hotspot-users-test.md,364
2190,FR-2190,HotSpot,HotSpot Users,EVENT,requirements/hotspot/FR-2190-hotspot-users-event.md,365
2191,FR-2191,HotSpot,HotSpot Users,OPERATIONS,requirements/hotspot/FR-2191-hotspot-users-operations.md,357
2192,FR-2192,HotSpot,HotSpot Profiles,UI,requirements/hotspot/FR-2192-hotspot-profiles-ui.md,387
2193,FR-2193,HotSpot,HotSpot Profiles,BACKEND,requirements/hotspot/FR-2193-hotspot-profiles-backend.md,372
2194,FR-2194,HotSpot,HotSpot Profiles,API,requirements/hotspot/FR-2194-hotspot-profiles-api.md,371
2195,FR-2195,HotSpot,HotSpot Profiles,SECURITY,requirements/hotspot/FR-2195-hotspot-profiles-security.md,376
2196,FR-2196,HotSpot,HotSpot Profiles,TEST,requirements/hotspot/FR-2196-hotspot-profiles-test.md,364
2197,FR-2197,HotSpot,HotSpot Profiles,EVENT,requirements/hotspot/FR-2197-hotspot-profiles-event.md,365
2198,FR-2198,HotSpot,HotSpot Profiles,OPERATIONS,requirements/hotspot/FR-2198-hotspot-profiles-operations.md,357
2199,FR-2199,HotSpot,HotSpot Sessions,UI,requirements/hotspot/FR-2199-hotspot-sessions-ui.md,387
2200,FR-2200,HotSpot,HotSpot Sessions,BACKEND,requirements/hotspot/FR-2200-hotspot-sessions-backend.md,372
2201,FR-2201,HotSpot,HotSpot Sessions,API,requirements/hotspot/FR-2201-hotspot-sessions-api.md,371
2202,FR-2202,HotSpot,HotSpot Sessions,SECURITY,requirements/hotspot/FR-2202-hotspot-sessions-security.md,376
2203,FR-2203,HotSpot,HotSpot Sessions,TEST,requirements/hotspot/FR-2203-hotspot-sessions-test.md,364
2204,FR-2204,HotSpot,HotSpot Sessions,EVENT,requirements/hotspot/FR-2204-hotspot-sessions-event.md,365
2205,FR-2205,HotSpot,HotSpot Sessions,OPERATIONS,requirements/hotspot/FR-2205-hotspot-sessions-operations.md,357
2206,FR-2206,HotSpot,Vouchers,UI,requirements/hotspot/FR-2206-vouchers-ui.md,383
2207,FR-2207,HotSpot,Vouchers,BACKEND,requirements/hotspot/FR-2207-vouchers-backend.md,369
2208,FR-2208,HotSpot,Vouchers,API,requirements/hotspot/FR-2208-vouchers-api.md,368
2209,FR-2209,HotSpot,Vouchers,SECURITY,requirements/hotspot/FR-2209-vouchers-security.md,373
2210,FR-2210,HotSpot,Vouchers,TEST,requirements/hotspot/FR-2210-vouchers-test.md,361
2211,FR-2211,HotSpot,Vouchers,EVENT,requirements/hotspot/FR-2211-vouchers-event.md,362
2212,FR-2212,HotSpot,Vouchers,OPERATIONS,requirements/hotspot/FR-2212-vouchers-operations.md,354
2213,FR-2213,HotSpot,Voucher Batches,UI,requirements/hotspot/FR-2213-voucher-batches-ui.md,387
2214,FR-2214,HotSpot,Voucher Batches,BACKEND,requirements/hotspot/FR-2214-voucher-batches-backend.md,372
2215,FR-2215,HotSpot,Voucher Batches,API,requirements/hotspot/FR-2215-voucher-batches-api.md,371
2216,FR-2216,HotSpot,Voucher Batches,SECURITY,requirements/hotspot/FR-2216-voucher-batches-security.md,376
2217,FR-2217,HotSpot,Voucher Batches,TEST,requirements/hotspot/FR-2217-voucher-batches-test.md,364
2218,FR-2218,HotSpot,Voucher Batches,EVENT,requirements/hotspot/FR-2218-voucher-batches-event.md,365
2219,FR-2219,HotSpot,Voucher Batches,OPERATIONS,requirements/hotspot/FR-2219-voucher-batches-operations.md,357
2220,FR-2220,HotSpot,Voucher Printing,UI,requirements/hotspot/FR-2220-voucher-printing-ui.md,387
2221,FR-2221,HotSpot,Voucher Printing,BACKEND,requirements/hotspot/FR-2221-voucher-printing-backend.md,372
2222,FR-2222,HotSpot,Voucher Printing,API,requirements/hotspot/FR-2222-voucher-printing-api.md,371
2223,FR-2223,HotSpot,Voucher Printing,SECURITY,requirements/hotspot/FR-2223-voucher-printing-security.md,376
2224,FR-2224,HotSpot,Voucher Printing,TEST,requirements/hotspot/FR-2224-voucher-printing-test.md,364
2225,FR-2225,HotSpot,Voucher Printing,EVENT,requirements/hotspot/FR-2225-voucher-printing-event.md,365
2226,FR-2226,HotSpot,Voucher Printing,OPERATIONS,requirements/hotspot/FR-2226-voucher-printing-operations.md,357
2227,FR-2227,HotSpot,Captive Portal,UI,requirements/hotspot/FR-2227-captive-portal-ui.md,387
2228,FR-2228,HotSpot,Captive Portal,BACKEND,requirements/hotspot/FR-2228-captive-portal-backend.md,372
2229,FR-2229,HotSpot,Captive Portal,API,requirements/hotspot/FR-2229-captive-portal-api.md,371
2230,FR-2230,HotSpot,Captive Portal,SECURITY,requirements/hotspot/FR-2230-captive-portal-security.md,376
2231,FR-2231,HotSpot,Captive Portal,TEST,requirements/hotspot/FR-2231-captive-portal-test.md,364
2232,FR-2232,HotSpot,Captive Portal,EVENT,requirements/hotspot/FR-2232-captive-portal-event.md,365
2233,FR-2233,HotSpot,Captive Portal,OPERATIONS,requirements/hotspot/FR-2233-captive-portal-operations.md,357
2234,FR-2234,HotSpot,Portal Branding,UI,requirements/hotspot/FR-2234-portal-branding-ui.md,387
2235,FR-2235,HotSpot,Portal Branding,BACKEND,requirements/hotspot/FR-2235-portal-branding-backend.md,372
2236,FR-2236,HotSpot,Portal Branding,API,requirements/hotspot/FR-2236-portal-branding-api.md,371
2237,FR-2237,HotSpot,Portal Branding,SECURITY,requirements/hotspot/FR-2237-portal-branding-security.md,376
2238,FR-2238,HotSpot,Portal Branding,TEST,requirements/hotspot/FR-2238-portal-branding-test.md,364
2239,FR-2239,HotSpot,Portal Branding,EVENT,requirements/hotspot/FR-2239-portal-branding-event.md,365
2240,FR-2240,HotSpot,Portal Branding,OPERATIONS,requirements/hotspot/FR-2240-portal-branding-operations.md,357
2241,FR-2241,HotSpot,MAC Authentication,UI,requirements/hotspot/FR-2241-mac-authentication-ui.md,387
2242,FR-2242,HotSpot,MAC Authentication,BACKEND,requirements/hotspot/FR-2242-mac-authentication-backend.md,372
2243,FR-2243,HotSpot,MAC Authentication,API,requirements/hotspot/FR-2243-mac-authentication-api.md,371
2244,FR-2244,HotSpot,MAC Authentication,SECURITY,requirements/hotspot/FR-2244-mac-authentication-security.md,376
2245,FR-2245,HotSpot,MAC Authentication,TEST,requirements/hotspot/FR-2245-mac-authentication-test.md,364
2246,FR-2246,HotSpot,MAC Authentication,EVENT,requirements/hotspot/FR-2246-mac-authentication-event.md,365
2247,FR-2247,HotSpot,MAC Authentication,OPERATIONS,requirements/hotspot/FR-2247-mac-authentication-operations.md,357
2248,FR-2248,HotSpot,OTP Integration,UI,requirements/hotspot/FR-2248-otp-integration-ui.md,387
2249,FR-2249,HotSpot,OTP Integration,BACKEND,requirements/hotspot/FR-2249-otp-integration-backend.md,372
2250,FR-2250,HotSpot,OTP Integration,API,requirements/hotspot/FR-2250-otp-integration-api.md,371
2251,FR-2251,HotSpot,OTP Integration,SECURITY,requirements/hotspot/FR-2251-otp-integration-security.md,376
2252,FR-2252,HotSpot,OTP Integration,TEST,requirements/hotspot/FR-2252-otp-integration-test.md,364
2253,FR-2253,HotSpot,OTP Integration,EVENT,requirements/hotspot/FR-2253-otp-integration-event.md,365
2254,FR-2254,HotSpot,OTP Integration,OPERATIONS,requirements/hotspot/FR-2254-otp-integration-operations.md,357
2255,FR-2255,HotSpot,Walled Garden,UI,requirements/hotspot/FR-2255-walled-garden-ui.md,387
2256,FR-2256,HotSpot,Walled Garden,BACKEND,requirements/hotspot/FR-2256-walled-garden-backend.md,372
2257,FR-2257,HotSpot,Walled Garden,API,requirements/hotspot/FR-2257-walled-garden-api.md,371
2258,FR-2258,HotSpot,Walled Garden,SECURITY,requirements/hotspot/FR-2258-walled-garden-security.md,376
2259,FR-2259,HotSpot,Walled Garden,TEST,requirements/hotspot/FR-2259-walled-garden-test.md,364
2260,FR-2260,HotSpot,Walled Garden,EVENT,requirements/hotspot/FR-2260-walled-garden-event.md,365
2261,FR-2261,HotSpot,Walled Garden,OPERATIONS,requirements/hotspot/FR-2261-walled-garden-operations.md,357
2262,FR-2262,HotSpot,IP Bindings,UI,requirements/hotspot/FR-2262-ip-bindings-ui.md,387
2263,FR-2263,HotSpot,IP Bindings,BACKEND,requirements/hotspot/FR-2263-ip-bindings-backend.md,372
2264,FR-2264,HotSpot,IP Bindings,API,requirements/hotspot/FR-2264-ip-bindings-api.md,371
2265,FR-2265,HotSpot,IP Bindings,SECURITY,requirements/hotspot/FR-2265-ip-bindings-security.md,376
2266,FR-2266,HotSpot,IP Bindings,TEST,requirements/hotspot/FR-2266-ip-bindings-test.md,364
2267,FR-2267,HotSpot,IP Bindings,EVENT,requirements/hotspot/FR-2267-ip-bindings-event.md,365
2268,FR-2268,HotSpot,IP Bindings,OPERATIONS,requirements/hotspot/FR-2268-ip-bindings-operations.md,357
2269,FR-2269,HotSpot,Cookies,UI,requirements/hotspot/FR-2269-cookies-ui.md,383
2270,FR-2270,HotSpot,Cookies,BACKEND,requirements/hotspot/FR-2270-cookies-backend.md,369
2271,FR-2271,HotSpot,Cookies,API,requirements/hotspot/FR-2271-cookies-api.md,368
2272,FR-2272,HotSpot,Cookies,SECURITY,requirements/hotspot/FR-2272-cookies-security.md,373
2273,FR-2273,HotSpot,Cookies,TEST,requirements/hotspot/FR-2273-cookies-test.md,361
2274,FR-2274,HotSpot,Cookies,EVENT,requirements/hotspot/FR-2274-cookies-event.md,362
2275,FR-2275,HotSpot,Cookies,OPERATIONS,requirements/hotspot/FR-2275-cookies-operations.md,354
2276,FR-2276,HotSpot,Data Quotas,UI,requirements/hotspot/FR-2276-data-quotas-ui.md,387
2277,FR-2277,HotSpot,Data Quotas,BACKEND,requirements/hotspot/FR-2277-data-quotas-backend.md,372
2278,FR-2278,HotSpot,Data Quotas,API,requirements/hotspot/FR-2278-data-quotas-api.md,371
2279,FR-2279,HotSpot,Data Quotas,SECURITY,requirements/hotspot/FR-2279-data-quotas-security.md,376
2280,FR-2280,HotSpot,Data Quotas,TEST,requirements/hotspot/FR-2280-data-quotas-test.md,364
2281,FR-2281,HotSpot,Data Quotas,EVENT,requirements/hotspot/FR-2281-data-quotas-event.md,365
2282,FR-2282,HotSpot,Data Quotas,OPERATIONS,requirements/hotspot/FR-2282-data-quotas-operations.md,357
2283,FR-2283,HotSpot,Speed Limits,UI,requirements/hotspot/FR-2283-speed-limits-ui.md,387
2284,FR-2284,HotSpot,Speed Limits,BACKEND,requirements/hotspot/FR-2284-speed-limits-backend.md,372
2285,FR-2285,HotSpot,Speed Limits,API,requirements/hotspot/FR-2285-speed-limits-api.md,371
2286,FR-2286,HotSpot,Speed Limits,SECURITY,requirements/hotspot/FR-2286-speed-limits-security.md,376
2287,FR-2287,HotSpot,Speed Limits,TEST,requirements/hotspot/FR-2287-speed-limits-test.md,364
2288,FR-2288,HotSpot,Speed Limits,EVENT,requirements/hotspot/FR-2288-speed-limits-event.md,365
2289,FR-2289,HotSpot,Speed Limits,OPERATIONS,requirements/hotspot/FR-2289-speed-limits-operations.md,357
2290,FR-2290,HotSpot,Validity,UI,requirements/hotspot/FR-2290-validity-ui.md,383
2291,FR-2291,HotSpot,Validity,BACKEND,requirements/hotspot/FR-2291-validity-backend.md,369
2292,FR-2292,HotSpot,Validity,API,requirements/hotspot/FR-2292-validity-api.md,368
2293,FR-2293,HotSpot,Validity,SECURITY,requirements/hotspot/FR-2293-validity-security.md,373
2294,FR-2294,HotSpot,Validity,TEST,requirements/hotspot/FR-2294-validity-test.md,361
2295,FR-2295,HotSpot,Validity,EVENT,requirements/hotspot/FR-2295-validity-event.md,362
2296,FR-2296,HotSpot,Validity,OPERATIONS,requirements/hotspot/FR-2296-validity-operations.md,354
2297,FR-2297,HotSpot,HotSpot Zones,UI,requirements/hotspot/FR-2297-hotspot-zones-ui.md,387
2298,FR-2298,HotSpot,HotSpot Zones,BACKEND,requirements/hotspot/FR-2298-hotspot-zones-backend.md,372
2299,FR-2299,HotSpot,HotSpot Zones,API,requirements/hotspot/FR-2299-hotspot-zones-api.md,371
2300,FR-2300,HotSpot,HotSpot Zones,SECURITY,requirements/hotspot/FR-2300-hotspot-zones-security.md,376
2301,FR-2301,HotSpot,HotSpot Zones,TEST,requirements/hotspot/FR-2301-hotspot-zones-test.md,364
2302,FR-2302,HotSpot,HotSpot Zones,EVENT,requirements/hotspot/FR-2302-hotspot-zones-event.md,365
2303,FR-2303,HotSpot,HotSpot Zones,OPERATIONS,requirements/hotspot/FR-2303-hotspot-zones-operations.md,357
2304,FR-2304,HotSpot,RADIUS Integration,UI,requirements/hotspot/FR-2304-radius-integration-ui.md,387
2305,FR-2305,HotSpot,RADIUS Integration,BACKEND,requirements/hotspot/FR-2305-radius-integration-backend.md,372
2306,FR-2306,HotSpot,RADIUS Integration,API,requirements/hotspot/FR-2306-radius-integration-api.md,371
2307,FR-2307,HotSpot,RADIUS Integration,SECURITY,requirements/hotspot/FR-2307-radius-integration-security.md,376
2308,FR-2308,HotSpot,RADIUS Integration,TEST,requirements/hotspot/FR-2308-radius-integration-test.md,364
2309,FR-2309,HotSpot,RADIUS Integration,EVENT,requirements/hotspot/FR-2309-radius-integration-event.md,365
2310,FR-2310,HotSpot,RADIUS Integration,OPERATIONS,requirements/hotspot/FR-2310-radius-integration-operations.md,357
2311,FR-2311,HotSpot,HotSpot Revenue,UI,requirements/hotspot/FR-2311-hotspot-revenue-ui.md,387
2312,FR-2312,HotSpot,HotSpot Revenue,BACKEND,requirements/hotspot/FR-2312-hotspot-revenue-backend.md,372
2313,FR-2313,HotSpot,HotSpot Revenue,API,requirements/hotspot/FR-2313-hotspot-revenue-api.md,371
2314,FR-2314,HotSpot,HotSpot Revenue,SECURITY,requirements/hotspot/FR-2314-hotspot-revenue-security.md,376
2315,FR-2315,HotSpot,HotSpot Revenue,TEST,requirements/hotspot/FR-2315-hotspot-revenue-test.md,364
2316,FR-2316,HotSpot,HotSpot Revenue,EVENT,requirements/hotspot/FR-2316-hotspot-revenue-event.md,365
2317,FR-2317,HotSpot,HotSpot Revenue,OPERATIONS,requirements/hotspot/FR-2317-hotspot-revenue-operations.md,357
2318,FR-2318,HotSpot,HotSpot Reports,UI,requirements/hotspot/FR-2318-hotspot-reports-ui.md,387
2319,FR-2319,HotSpot,HotSpot Reports,BACKEND,requirements/hotspot/FR-2319-hotspot-reports-backend.md,372
2320,FR-2320,HotSpot,HotSpot Reports,API,requirements/hotspot/FR-2320-hotspot-reports-api.md,371
2321,FR-2321,HotSpot,HotSpot Reports,SECURITY,requirements/hotspot/FR-2321-hotspot-reports-security.md,376
2322,FR-2322,HotSpot,HotSpot Reports,TEST,requirements/hotspot/FR-2322-hotspot-reports-test.md,364
2323,FR-2323,HotSpot,HotSpot Reports,EVENT,requirements/hotspot/FR-2323-hotspot-reports-event.md,365
2324,FR-2324,HotSpot,HotSpot Reports,OPERATIONS,requirements/hotspot/FR-2324-hotspot-reports-operations.md,357
2325,FR-2325,NMS,NMS Dashboard,UI,requirements/nms/FR-2325-nms-dashboard-ui.md,389
2326,FR-2326,NMS,NMS Dashboard,BACKEND,requirements/nms/FR-2326-nms-dashboard-backend.md,376
2327,FR-2327,NMS,NMS Dashboard,API,requirements/nms/FR-2327-nms-dashboard-api.md,373
2328,FR-2328,NMS,NMS Dashboard,SECURITY,requirements/nms/FR-2328-nms-dashboard-security.md,378
2329,FR-2329,NMS,NMS Dashboard,TEST,requirements/nms/FR-2329-nms-dashboard-test.md,366
2330,FR-2330,NMS,NMS Dashboard,EVENT,requirements/nms/FR-2330-nms-dashboard-event.md,367
2331,FR-2331,NMS,NMS Dashboard,OPERATIONS,requirements/nms/FR-2331-nms-dashboard-operations.md,359
2332,FR-2332,NMS,Device Inventory,UI,requirements/nms/FR-2332-device-inventory-ui.md,389
2333,FR-2333,NMS,Device Inventory,BACKEND,requirements/nms/FR-2333-device-inventory-backend.md,376
2334,FR-2334,NMS,Device Inventory,API,requirements/nms/FR-2334-device-inventory-api.md,373
2335,FR-2335,NMS,Device Inventory,SECURITY,requirements/nms/FR-2335-device-inventory-security.md,378
2336,FR-2336,NMS,Device Inventory,TEST,requirements/nms/FR-2336-device-inventory-test.md,366
2337,FR-2337,NMS,Device Inventory,EVENT,requirements/nms/FR-2337-device-inventory-event.md,367
2338,FR-2338,NMS,Device Inventory,OPERATIONS,requirements/nms/FR-2338-device-inventory-operations.md,359
2339,FR-2339,NMS,Routers,UI,requirements/nms/FR-2339-routers-ui.md,385
2340,FR-2340,NMS,Routers,BACKEND,requirements/nms/FR-2340-routers-backend.md,373
2341,FR-2341,NMS,Routers,API,requirements/nms/FR-2341-routers-api.md,370
2342,FR-2342,NMS,Routers,SECURITY,requirements/nms/FR-2342-routers-security.md,375
2343,FR-2343,NMS,Routers,TEST,requirements/nms/FR-2343-routers-test.md,363
2344,FR-2344,NMS,Routers,EVENT,requirements/nms/FR-2344-routers-event.md,364
2345,FR-2345,NMS,Routers,OPERATIONS,requirements/nms/FR-2345-routers-operations.md,356
2346,FR-2346,NMS,Switches,UI,requirements/nms/FR-2346-switches-ui.md,385
2347,FR-2347,NMS,Switches,BACKEND,requirements/nms/FR-2347-switches-backend.md,373
2348,FR-2348,NMS,Switches,API,requirements/nms/FR-2348-switches-api.md,370
2349,FR-2349,NMS,Switches,SECURITY,requirements/nms/FR-2349-switches-security.md,375
2350,FR-2350,NMS,Switches,TEST,requirements/nms/FR-2350-switches-test.md,363
2351,FR-2351,NMS,Switches,EVENT,requirements/nms/FR-2351-switches-event.md,364
2352,FR-2352,NMS,Switches,OPERATIONS,requirements/nms/FR-2352-switches-operations.md,356
2353,FR-2353,NMS,Firewalls,UI,requirements/nms/FR-2353-firewalls-ui.md,385
2354,FR-2354,NMS,Firewalls,BACKEND,requirements/nms/FR-2354-firewalls-backend.md,373
2355,FR-2355,NMS,Firewalls,API,requirements/nms/FR-2355-firewalls-api.md,370
2356,FR-2356,NMS,Firewalls,SECURITY,requirements/nms/FR-2356-firewalls-security.md,375
2357,FR-2357,NMS,Firewalls,TEST,requirements/nms/FR-2357-firewalls-test.md,363
2358,FR-2358,NMS,Firewalls,EVENT,requirements/nms/FR-2358-firewalls-event.md,364
2359,FR-2359,NMS,Firewalls,OPERATIONS,requirements/nms/FR-2359-firewalls-operations.md,356
2360,FR-2360,NMS,Servers,UI,requirements/nms/FR-2360-servers-ui.md,385
2361,FR-2361,NMS,Servers,BACKEND,requirements/nms/FR-2361-servers-backend.md,373
2362,FR-2362,NMS,Servers,API,requirements/nms/FR-2362-servers-api.md,370
2363,FR-2363,NMS,Servers,SECURITY,requirements/nms/FR-2363-servers-security.md,375
2364,FR-2364,NMS,Servers,TEST,requirements/nms/FR-2364-servers-test.md,363
2365,FR-2365,NMS,Servers,EVENT,requirements/nms/FR-2365-servers-event.md,364
2366,FR-2366,NMS,Servers,OPERATIONS,requirements/nms/FR-2366-servers-operations.md,356
2367,FR-2367,NMS,Wireless APs,UI,requirements/nms/FR-2367-wireless-aps-ui.md,389
2368,FR-2368,NMS,Wireless APs,BACKEND,requirements/nms/FR-2368-wireless-aps-backend.md,376
2369,FR-2369,NMS,Wireless APs,API,requirements/nms/FR-2369-wireless-aps-api.md,373
2370,FR-2370,NMS,Wireless APs,SECURITY,requirements/nms/FR-2370-wireless-aps-security.md,378
2371,FR-2371,NMS,Wireless APs,TEST,requirements/nms/FR-2371-wireless-aps-test.md,366
2372,FR-2372,NMS,Wireless APs,EVENT,requirements/nms/FR-2372-wireless-aps-event.md,367
2373,FR-2373,NMS,Wireless APs,OPERATIONS,requirements/nms/FR-2373-wireless-aps-operations.md,359
2374,FR-2374,NMS,UPS/PDU,UI,requirements/nms/FR-2374-ups-pdu-ui.md,385
2375,FR-2375,NMS,UPS/PDU,BACKEND,requirements/nms/FR-2375-ups-pdu-backend.md,373
2376,FR-2376,NMS,UPS/PDU,API,requirements/nms/FR-2376-ups-pdu-api.md,370
2377,FR-2377,NMS,UPS/PDU,SECURITY,requirements/nms/FR-2377-ups-pdu-security.md,375
2378,FR-2378,NMS,UPS/PDU,TEST,requirements/nms/FR-2378-ups-pdu-test.md,363
2379,FR-2379,NMS,UPS/PDU,EVENT,requirements/nms/FR-2379-ups-pdu-event.md,364
2380,FR-2380,NMS,UPS/PDU,OPERATIONS,requirements/nms/FR-2380-ups-pdu-operations.md,356
2381,FR-2381,NMS,Interfaces,UI,requirements/nms/FR-2381-interfaces-ui.md,385
2382,FR-2382,NMS,Interfaces,BACKEND,requirements/nms/FR-2382-interfaces-backend.md,373
2383,FR-2383,NMS,Interfaces,API,requirements/nms/FR-2383-interfaces-api.md,370
2384,FR-2384,NMS,Interfaces,SECURITY,requirements/nms/FR-2384-interfaces-security.md,375
2385,FR-2385,NMS,Interfaces,TEST,requirements/nms/FR-2385-interfaces-test.md,363
2386,FR-2386,NMS,Interfaces,EVENT,requirements/nms/FR-2386-interfaces-event.md,364
2387,FR-2387,NMS,Interfaces,OPERATIONS,requirements/nms/FR-2387-interfaces-operations.md,356
2388,FR-2388,NMS,Links,UI,requirements/nms/FR-2388-links-ui.md,385
2389,FR-2389,NMS,Links,BACKEND,requirements/nms/FR-2389-links-backend.md,373
2390,FR-2390,NMS,Links,API,requirements/nms/FR-2390-links-api.md,370
2391,FR-2391,NMS,Links,SECURITY,requirements/nms/FR-2391-links-security.md,375
2392,FR-2392,NMS,Links,TEST,requirements/nms/FR-2392-links-test.md,363
2393,FR-2393,NMS,Links,EVENT,requirements/nms/FR-2393-links-event.md,364
2394,FR-2394,NMS,Links,OPERATIONS,requirements/nms/FR-2394-links-operations.md,356
2395,FR-2395,NMS,Sites,UI,requirements/nms/FR-2395-sites-ui.md,385
2396,FR-2396,NMS,Sites,BACKEND,requirements/nms/FR-2396-sites-backend.md,373
2397,FR-2397,NMS,Sites,API,requirements/nms/FR-2397-sites-api.md,370
2398,FR-2398,NMS,Sites,SECURITY,requirements/nms/FR-2398-sites-security.md,375
2399,FR-2399,NMS,Sites,TEST,requirements/nms/FR-2399-sites-test.md,363
2400,FR-2400,NMS,Sites,EVENT,requirements/nms/FR-2400-sites-event.md,364
2401,FR-2401,NMS,Sites,OPERATIONS,requirements/nms/FR-2401-sites-operations.md,356
2402,FR-2402,NMS,POPs,UI,requirements/nms/FR-2402-pops-ui.md,385
2403,FR-2403,NMS,POPs,BACKEND,requirements/nms/FR-2403-pops-backend.md,373
2404,FR-2404,NMS,POPs,API,requirements/nms/FR-2404-pops-api.md,370
2405,FR-2405,NMS,POPs,SECURITY,requirements/nms/FR-2405-pops-security.md,375
2406,FR-2406,NMS,POPs,TEST,requirements/nms/FR-2406-pops-test.md,363
2407,FR-2407,NMS,POPs,EVENT,requirements/nms/FR-2407-pops-event.md,364
2408,FR-2408,NMS,POPs,OPERATIONS,requirements/nms/FR-2408-pops-operations.md,356
2409,FR-2409,NMS,Racks,UI,requirements/nms/FR-2409-racks-ui.md,385
2410,FR-2410,NMS,Racks,BACKEND,requirements/nms/FR-2410-racks-backend.md,373
2411,FR-2411,NMS,Racks,API,requirements/nms/FR-2411-racks-api.md,370
2412,FR-2412,NMS,Racks,SECURITY,requirements/nms/FR-2412-racks-security.md,375
2413,FR-2413,NMS,Racks,TEST,requirements/nms/FR-2413-racks-test.md,363
2414,FR-2414,NMS,Racks,EVENT,requirements/nms/FR-2414-racks-event.md,364
2415,FR-2415,NMS,Racks,OPERATIONS,requirements/nms/FR-2415-racks-operations.md,356
2416,FR-2416,NMS,Device Health,UI,requirements/nms/FR-2416-device-health-ui.md,389
2417,FR-2417,NMS,Device Health,BACKEND,requirements/nms/FR-2417-device-health-backend.md,376
2418,FR-2418,NMS,Device Health,API,requirements/nms/FR-2418-device-health-api.md,373
2419,FR-2419,NMS,Device Health,SECURITY,requirements/nms/FR-2419-device-health-security.md,378
2420,FR-2420,NMS,Device Health,TEST,requirements/nms/FR-2420-device-health-test.md,366
2421,FR-2421,NMS,Device Health,EVENT,requirements/nms/FR-2421-device-health-event.md,367
2422,FR-2422,NMS,Device Health,OPERATIONS,requirements/nms/FR-2422-device-health-operations.md,359
2423,FR-2423,NMS,CPU Monitoring,UI,requirements/nms/FR-2423-cpu-monitoring-ui.md,389
2424,FR-2424,NMS,CPU Monitoring,BACKEND,requirements/nms/FR-2424-cpu-monitoring-backend.md,376
2425,FR-2425,NMS,CPU Monitoring,API,requirements/nms/FR-2425-cpu-monitoring-api.md,373
2426,FR-2426,NMS,CPU Monitoring,SECURITY,requirements/nms/FR-2426-cpu-monitoring-security.md,378
2427,FR-2427,NMS,CPU Monitoring,TEST,requirements/nms/FR-2427-cpu-monitoring-test.md,366
2428,FR-2428,NMS,CPU Monitoring,EVENT,requirements/nms/FR-2428-cpu-monitoring-event.md,367
2429,FR-2429,NMS,CPU Monitoring,OPERATIONS,requirements/nms/FR-2429-cpu-monitoring-operations.md,359
2430,FR-2430,NMS,Memory Monitoring,UI,requirements/nms/FR-2430-memory-monitoring-ui.md,389
2431,FR-2431,NMS,Memory Monitoring,BACKEND,requirements/nms/FR-2431-memory-monitoring-backend.md,376
2432,FR-2432,NMS,Memory Monitoring,API,requirements/nms/FR-2432-memory-monitoring-api.md,373
2433,FR-2433,NMS,Memory Monitoring,SECURITY,requirements/nms/FR-2433-memory-monitoring-security.md,378
2434,FR-2434,NMS,Memory Monitoring,TEST,requirements/nms/FR-2434-memory-monitoring-test.md,366
2435,FR-2435,NMS,Memory Monitoring,EVENT,requirements/nms/FR-2435-memory-monitoring-event.md,367
2436,FR-2436,NMS,Memory Monitoring,OPERATIONS,requirements/nms/FR-2436-memory-monitoring-operations.md,359
2437,FR-2437,NMS,Storage Monitoring,UI,requirements/nms/FR-2437-storage-monitoring-ui.md,389
2438,FR-2438,NMS,Storage Monitoring,BACKEND,requirements/nms/FR-2438-storage-monitoring-backend.md,376
2439,FR-2439,NMS,Storage Monitoring,API,requirements/nms/FR-2439-storage-monitoring-api.md,373
2440,FR-2440,NMS,Storage Monitoring,SECURITY,requirements/nms/FR-2440-storage-monitoring-security.md,378
2441,FR-2441,NMS,Storage Monitoring,TEST,requirements/nms/FR-2441-storage-monitoring-test.md,366
2442,FR-2442,NMS,Storage Monitoring,EVENT,requirements/nms/FR-2442-storage-monitoring-event.md,367
2443,FR-2443,NMS,Storage Monitoring,OPERATIONS,requirements/nms/FR-2443-storage-monitoring-operations.md,359
2444,FR-2444,NMS,Temperature Monitoring,UI,requirements/nms/FR-2444-temperature-monitoring-ui.md,389
2445,FR-2445,NMS,Temperature Monitoring,BACKEND,requirements/nms/FR-2445-temperature-monitoring-backend.md,376
2446,FR-2446,NMS,Temperature Monitoring,API,requirements/nms/FR-2446-temperature-monitoring-api.md,373
2447,FR-2447,NMS,Temperature Monitoring,SECURITY,requirements/nms/FR-2447-temperature-monitoring-security.md,378
2448,FR-2448,NMS,Temperature Monitoring,TEST,requirements/nms/FR-2448-temperature-monitoring-test.md,366
2449,FR-2449,NMS,Temperature Monitoring,EVENT,requirements/nms/FR-2449-temperature-monitoring-event.md,367
2450,FR-2450,NMS,Temperature Monitoring,OPERATIONS,requirements/nms/FR-2450-temperature-monitoring-operations.md,359
2451,FR-2451,NMS,Voltage Monitoring,UI,requirements/nms/FR-2451-voltage-monitoring-ui.md,389
2452,FR-2452,NMS,Voltage Monitoring,BACKEND,requirements/nms/FR-2452-voltage-monitoring-backend.md,376
2453,FR-2453,NMS,Voltage Monitoring,API,requirements/nms/FR-2453-voltage-monitoring-api.md,373
2454,FR-2454,NMS,Voltage Monitoring,SECURITY,requirements/nms/FR-2454-voltage-monitoring-security.md,378
2455,FR-2455,NMS,Voltage Monitoring,TEST,requirements/nms/FR-2455-voltage-monitoring-test.md,366
2456,FR-2456,NMS,Voltage Monitoring,EVENT,requirements/nms/FR-2456-voltage-monitoring-event.md,367
2457,FR-2457,NMS,Voltage Monitoring,OPERATIONS,requirements/nms/FR-2457-voltage-monitoring-operations.md,359
2458,FR-2458,NMS,Fan Monitoring,UI,requirements/nms/FR-2458-fan-monitoring-ui.md,389
2459,FR-2459,NMS,Fan Monitoring,BACKEND,requirements/nms/FR-2459-fan-monitoring-backend.md,376
2460,FR-2460,NMS,Fan Monitoring,API,requirements/nms/FR-2460-fan-monitoring-api.md,373
2461,FR-2461,NMS,Fan Monitoring,SECURITY,requirements/nms/FR-2461-fan-monitoring-security.md,378
2462,FR-2462,NMS,Fan Monitoring,TEST,requirements/nms/FR-2462-fan-monitoring-test.md,366
2463,FR-2463,NMS,Fan Monitoring,EVENT,requirements/nms/FR-2463-fan-monitoring-event.md,367
2464,FR-2464,NMS,Fan Monitoring,OPERATIONS,requirements/nms/FR-2464-fan-monitoring-operations.md,359
2465,FR-2465,NMS,Interface Traffic,UI,requirements/nms/FR-2465-interface-traffic-ui.md,389
2466,FR-2466,NMS,Interface Traffic,BACKEND,requirements/nms/FR-2466-interface-traffic-backend.md,376
2467,FR-2467,NMS,Interface Traffic,API,requirements/nms/FR-2467-interface-traffic-api.md,373
2468,FR-2468,NMS,Interface Traffic,SECURITY,requirements/nms/FR-2468-interface-traffic-security.md,378
2469,FR-2469,NMS,Interface Traffic,TEST,requirements/nms/FR-2469-interface-traffic-test.md,366
2470,FR-2470,NMS,Interface Traffic,EVENT,requirements/nms/FR-2470-interface-traffic-event.md,367
2471,FR-2471,NMS,Interface Traffic,OPERATIONS,requirements/nms/FR-2471-interface-traffic-operations.md,359
2472,FR-2472,NMS,Interface Errors,UI,requirements/nms/FR-2472-interface-errors-ui.md,389
2473,FR-2473,NMS,Interface Errors,BACKEND,requirements/nms/FR-2473-interface-errors-backend.md,376
2474,FR-2474,NMS,Interface Errors,API,requirements/nms/FR-2474-interface-errors-api.md,373
2475,FR-2475,NMS,Interface Errors,SECURITY,requirements/nms/FR-2475-interface-errors-security.md,378
2476,FR-2476,NMS,Interface Errors,TEST,requirements/nms/FR-2476-interface-errors-test.md,366
2477,FR-2477,NMS,Interface Errors,EVENT,requirements/nms/FR-2477-interface-errors-event.md,367
2478,FR-2478,NMS,Interface Errors,OPERATIONS,requirements/nms/FR-2478-interface-errors-operations.md,359
2479,FR-2479,NMS,CRC Errors,UI,requirements/nms/FR-2479-crc-errors-ui.md,389
2480,FR-2480,NMS,CRC Errors,BACKEND,requirements/nms/FR-2480-crc-errors-backend.md,376
2481,FR-2481,NMS,CRC Errors,API,requirements/nms/FR-2481-crc-errors-api.md,373
2482,FR-2482,NMS,CRC Errors,SECURITY,requirements/nms/FR-2482-crc-errors-security.md,378
2483,FR-2483,NMS,CRC Errors,TEST,requirements/nms/FR-2483-crc-errors-test.md,366
2484,FR-2484,NMS,CRC Errors,EVENT,requirements/nms/FR-2484-crc-errors-event.md,367
2485,FR-2485,NMS,CRC Errors,OPERATIONS,requirements/nms/FR-2485-crc-errors-operations.md,359
2486,FR-2486,NMS,Drops,UI,requirements/nms/FR-2486-drops-ui.md,385
2487,FR-2487,NMS,Drops,BACKEND,requirements/nms/FR-2487-drops-backend.md,373
2488,FR-2488,NMS,Drops,API,requirements/nms/FR-2488-drops-api.md,370
2489,FR-2489,NMS,Drops,SECURITY,requirements/nms/FR-2489-drops-security.md,375
2490,FR-2490,NMS,Drops,TEST,requirements/nms/FR-2490-drops-test.md,363
2491,FR-2491,NMS,Drops,EVENT,requirements/nms/FR-2491-drops-event.md,364
2492,FR-2492,NMS,Drops,OPERATIONS,requirements/nms/FR-2492-drops-operations.md,356
2493,FR-2493,NMS,SFP Diagnostics,UI,requirements/nms/FR-2493-sfp-diagnostics-ui.md,389
2494,FR-2494,NMS,SFP Diagnostics,BACKEND,requirements/nms/FR-2494-sfp-diagnostics-backend.md,376
2495,FR-2495,NMS,SFP Diagnostics,API,requirements/nms/FR-2495-sfp-diagnostics-api.md,373
2496,FR-2496,NMS,SFP Diagnostics,SECURITY,requirements/nms/FR-2496-sfp-diagnostics-security.md,378
2497,FR-2497,NMS,SFP Diagnostics,TEST,requirements/nms/FR-2497-sfp-diagnostics-test.md,366
2498,FR-2498,NMS,SFP Diagnostics,EVENT,requirements/nms/FR-2498-sfp-diagnostics-event.md,367
2499,FR-2499,NMS,SFP Diagnostics,OPERATIONS,requirements/nms/FR-2499-sfp-diagnostics-operations.md,359
2500,FR-2500,NMS,Latency,UI,requirements/nms/FR-2500-latency-ui.md,385
2501,FR-2501,NMS,Latency,BACKEND,requirements/nms/FR-2501-latency-backend.md,373
2502,FR-2502,NMS,Latency,API,requirements/nms/FR-2502-latency-api.md,370
2503,FR-2503,NMS,Latency,SECURITY,requirements/nms/FR-2503-latency-security.md,375
2504,FR-2504,NMS,Latency,TEST,requirements/nms/FR-2504-latency-test.md,363
2505,FR-2505,NMS,Latency,EVENT,requirements/nms/FR-2505-latency-event.md,364
2506,FR-2506,NMS,Latency,OPERATIONS,requirements/nms/FR-2506-latency-operations.md,356
2507,FR-2507,NMS,Packet Loss,UI,requirements/nms/FR-2507-packet-loss-ui.md,389
2508,FR-2508,NMS,Packet Loss,BACKEND,requirements/nms/FR-2508-packet-loss-backend.md,376
2509,FR-2509,NMS,Packet Loss,API,requirements/nms/FR-2509-packet-loss-api.md,373
2510,FR-2510,NMS,Packet Loss,SECURITY,requirements/nms/FR-2510-packet-loss-security.md,378
2511,FR-2511,NMS,Packet Loss,TEST,requirements/nms/FR-2511-packet-loss-test.md,366
2512,FR-2512,NMS,Packet Loss,EVENT,requirements/nms/FR-2512-packet-loss-event.md,367
2513,FR-2513,NMS,Packet Loss,OPERATIONS,requirements/nms/FR-2513-packet-loss-operations.md,359
2514,FR-2514,NMS,Jitter,UI,requirements/nms/FR-2514-jitter-ui.md,385
2515,FR-2515,NMS,Jitter,BACKEND,requirements/nms/FR-2515-jitter-backend.md,373
2516,FR-2516,NMS,Jitter,API,requirements/nms/FR-2516-jitter-api.md,370
2517,FR-2517,NMS,Jitter,SECURITY,requirements/nms/FR-2517-jitter-security.md,375
2518,FR-2518,NMS,Jitter,TEST,requirements/nms/FR-2518-jitter-test.md,363
2519,FR-2519,NMS,Jitter,EVENT,requirements/nms/FR-2519-jitter-event.md,364
2520,FR-2520,NMS,Jitter,OPERATIONS,requirements/nms/FR-2520-jitter-operations.md,356
2521,FR-2521,NMS,Availability,UI,requirements/nms/FR-2521-availability-ui.md,385
2522,FR-2522,NMS,Availability,BACKEND,requirements/nms/FR-2522-availability-backend.md,373
2523,FR-2523,NMS,Availability,API,requirements/nms/FR-2523-availability-api.md,370
2524,FR-2524,NMS,Availability,SECURITY,requirements/nms/FR-2524-availability-security.md,375
2525,FR-2525,NMS,Availability,TEST,requirements/nms/FR-2525-availability-test.md,363
2526,FR-2526,NMS,Availability,EVENT,requirements/nms/FR-2526-availability-event.md,364
2527,FR-2527,NMS,Availability,OPERATIONS,requirements/nms/FR-2527-availability-operations.md,356
2528,FR-2528,NMS,SLA,UI,requirements/nms/FR-2528-sla-ui.md,385
2529,FR-2529,NMS,SLA,BACKEND,requirements/nms/FR-2529-sla-backend.md,373
2530,FR-2530,NMS,SLA,API,requirements/nms/FR-2530-sla-api.md,370
2531,FR-2531,NMS,SLA,SECURITY,requirements/nms/FR-2531-sla-security.md,375
2532,FR-2532,NMS,SLA,TEST,requirements/nms/FR-2532-sla-test.md,363
2533,FR-2533,NMS,SLA,EVENT,requirements/nms/FR-2533-sla-event.md,364
2534,FR-2534,NMS,SLA,OPERATIONS,requirements/nms/FR-2534-sla-operations.md,356
2535,FR-2535,NMS,Traffic Analytics,UI,requirements/nms/FR-2535-traffic-analytics-ui.md,389
2536,FR-2536,NMS,Traffic Analytics,BACKEND,requirements/nms/FR-2536-traffic-analytics-backend.md,376
2537,FR-2537,NMS,Traffic Analytics,API,requirements/nms/FR-2537-traffic-analytics-api.md,373
2538,FR-2538,NMS,Traffic Analytics,SECURITY,requirements/nms/FR-2538-traffic-analytics-security.md,378
2539,FR-2539,NMS,Traffic Analytics,TEST,requirements/nms/FR-2539-traffic-analytics-test.md,366
2540,FR-2540,NMS,Traffic Analytics,EVENT,requirements/nms/FR-2540-traffic-analytics-event.md,367
2541,FR-2541,NMS,Traffic Analytics,OPERATIONS,requirements/nms/FR-2541-traffic-analytics-operations.md,359
2542,FR-2542,NMS,95th Percentile,UI,requirements/nms/FR-2542-95th-percentile-ui.md,389
2543,FR-2543,NMS,95th Percentile,BACKEND,requirements/nms/FR-2543-95th-percentile-backend.md,376
2544,FR-2544,NMS,95th Percentile,API,requirements/nms/FR-2544-95th-percentile-api.md,373
2545,FR-2545,NMS,95th Percentile,SECURITY,requirements/nms/FR-2545-95th-percentile-security.md,378
2546,FR-2546,NMS,95th Percentile,TEST,requirements/nms/FR-2546-95th-percentile-test.md,366
2547,FR-2547,NMS,95th Percentile,EVENT,requirements/nms/FR-2547-95th-percentile-event.md,367
2548,FR-2548,NMS,95th Percentile,OPERATIONS,requirements/nms/FR-2548-95th-percentile-operations.md,359
2549,FR-2549,NMS,Capacity Planning,UI,requirements/nms/FR-2549-capacity-planning-ui.md,389
2550,FR-2550,NMS,Capacity Planning,BACKEND,requirements/nms/FR-2550-capacity-planning-backend.md,376
2551,FR-2551,NMS,Capacity Planning,API,requirements/nms/FR-2551-capacity-planning-api.md,373
2552,FR-2552,NMS,Capacity Planning,SECURITY,requirements/nms/FR-2552-capacity-planning-security.md,378
2553,FR-2553,NMS,Capacity Planning,TEST,requirements/nms/FR-2553-capacity-planning-test.md,366
2554,FR-2554,NMS,Capacity Planning,EVENT,requirements/nms/FR-2554-capacity-planning-event.md,367
2555,FR-2555,NMS,Capacity Planning,OPERATIONS,requirements/nms/FR-2555-capacity-planning-operations.md,359
2556,FR-2556,NMS,Discovery,UI,requirements/nms/FR-2556-discovery-ui.md,385
2557,FR-2557,NMS,Discovery,BACKEND,requirements/nms/FR-2557-discovery-backend.md,373
2558,FR-2558,NMS,Discovery,API,requirements/nms/FR-2558-discovery-api.md,370
2559,FR-2559,NMS,Discovery,SECURITY,requirements/nms/FR-2559-discovery-security.md,375
2560,FR-2560,NMS,Discovery,TEST,requirements/nms/FR-2560-discovery-test.md,363
2561,FR-2561,NMS,Discovery,EVENT,requirements/nms/FR-2561-discovery-event.md,364
2562,FR-2562,NMS,Discovery,OPERATIONS,requirements/nms/FR-2562-discovery-operations.md,356
2563,FR-2563,NMS,LLDP Discovery,UI,requirements/nms/FR-2563-lldp-discovery-ui.md,389
2564,FR-2564,NMS,LLDP Discovery,BACKEND,requirements/nms/FR-2564-lldp-discovery-backend.md,376
2565,FR-2565,NMS,LLDP Discovery,API,requirements/nms/FR-2565-lldp-discovery-api.md,373
2566,FR-2566,NMS,LLDP Discovery,SECURITY,requirements/nms/FR-2566-lldp-discovery-security.md,378
2567,FR-2567,NMS,LLDP Discovery,TEST,requirements/nms/FR-2567-lldp-discovery-test.md,366
2568,FR-2568,NMS,LLDP Discovery,EVENT,requirements/nms/FR-2568-lldp-discovery-event.md,367
2569,FR-2569,NMS,LLDP Discovery,OPERATIONS,requirements/nms/FR-2569-lldp-discovery-operations.md,359
2570,FR-2570,NMS,CDP Discovery,UI,requirements/nms/FR-2570-cdp-discovery-ui.md,389
2571,FR-2571,NMS,CDP Discovery,BACKEND,requirements/nms/FR-2571-cdp-discovery-backend.md,376
2572,FR-2572,NMS,CDP Discovery,API,requirements/nms/FR-2572-cdp-discovery-api.md,373
2573,FR-2573,NMS,CDP Discovery,SECURITY,requirements/nms/FR-2573-cdp-discovery-security.md,378
2574,FR-2574,NMS,CDP Discovery,TEST,requirements/nms/FR-2574-cdp-discovery-test.md,366
2575,FR-2575,NMS,CDP Discovery,EVENT,requirements/nms/FR-2575-cdp-discovery-event.md,367
2576,FR-2576,NMS,CDP Discovery,OPERATIONS,requirements/nms/FR-2576-cdp-discovery-operations.md,359
2577,FR-2577,NMS,ARP Discovery,UI,requirements/nms/FR-2577-arp-discovery-ui.md,389
2578,FR-2578,NMS,ARP Discovery,BACKEND,requirements/nms/FR-2578-arp-discovery-backend.md,376
2579,FR-2579,NMS,ARP Discovery,API,requirements/nms/FR-2579-arp-discovery-api.md,373
2580,FR-2580,NMS,ARP Discovery,SECURITY,requirements/nms/FR-2580-arp-discovery-security.md,378
2581,FR-2581,NMS,ARP Discovery,TEST,requirements/nms/FR-2581-arp-discovery-test.md,366
2582,FR-2582,NMS,ARP Discovery,EVENT,requirements/nms/FR-2582-arp-discovery-event.md,367
2583,FR-2583,NMS,ARP Discovery,OPERATIONS,requirements/nms/FR-2583-arp-discovery-operations.md,359
2584,FR-2584,NMS,MAC Table Discovery,UI,requirements/nms/FR-2584-mac-table-discovery-ui.md,393
2585,FR-2585,NMS,MAC Table Discovery,BACKEND,requirements/nms/FR-2585-mac-table-discovery-backend.md,379
2586,FR-2586,NMS,MAC Table Discovery,API,requirements/nms/FR-2586-mac-table-discovery-api.md,376
2587,FR-2587,NMS,MAC Table Discovery,SECURITY,requirements/nms/FR-2587-mac-table-discovery-security.md,381
2588,FR-2588,NMS,MAC Table Discovery,TEST,requirements/nms/FR-2588-mac-table-discovery-test.md,369
2589,FR-2589,NMS,MAC Table Discovery,EVENT,requirements/nms/FR-2589-mac-table-discovery-event.md,370
2590,FR-2590,NMS,MAC Table Discovery,OPERATIONS,requirements/nms/FR-2590-mac-table-discovery-operations.md,362
2591,FR-2591,NMS,BGP Neighbors,UI,requirements/nms/FR-2591-bgp-neighbors-ui.md,389
2592,FR-2592,NMS,BGP Neighbors,BACKEND,requirements/nms/FR-2592-bgp-neighbors-backend.md,376
2593,FR-2593,NMS,BGP Neighbors,API,requirements/nms/FR-2593-bgp-neighbors-api.md,373
2594,FR-2594,NMS,BGP Neighbors,SECURITY,requirements/nms/FR-2594-bgp-neighbors-security.md,378
2595,FR-2595,NMS,BGP Neighbors,TEST,requirements/nms/FR-2595-bgp-neighbors-test.md,366
2596,FR-2596,NMS,BGP Neighbors,EVENT,requirements/nms/FR-2596-bgp-neighbors-event.md,367
2597,FR-2597,NMS,BGP Neighbors,OPERATIONS,requirements/nms/FR-2597-bgp-neighbors-operations.md,359
2598,FR-2598,NMS,OSPF Neighbors,UI,requirements/nms/FR-2598-ospf-neighbors-ui.md,389
2599,FR-2599,NMS,OSPF Neighbors,BACKEND,requirements/nms/FR-2599-ospf-neighbors-backend.md,376
2600,FR-2600,NMS,OSPF Neighbors,API,requirements/nms/FR-2600-ospf-neighbors-api.md,373
2601,FR-2601,NMS,OSPF Neighbors,SECURITY,requirements/nms/FR-2601-ospf-neighbors-security.md,378
2602,FR-2602,NMS,OSPF Neighbors,TEST,requirements/nms/FR-2602-ospf-neighbors-test.md,366
2603,FR-2603,NMS,OSPF Neighbors,EVENT,requirements/nms/FR-2603-ospf-neighbors-event.md,367
2604,FR-2604,NMS,OSPF Neighbors,OPERATIONS,requirements/nms/FR-2604-ospf-neighbors-operations.md,359
2605,FR-2605,NMS,Route Monitoring,UI,requirements/nms/FR-2605-route-monitoring-ui.md,389
2606,FR-2606,NMS,Route Monitoring,BACKEND,requirements/nms/FR-2606-route-monitoring-backend.md,376
2607,FR-2607,NMS,Route Monitoring,API,requirements/nms/FR-2607-route-monitoring-api.md,373
2608,FR-2608,NMS,Route Monitoring,SECURITY,requirements/nms/FR-2608-route-monitoring-security.md,378
2609,FR-2609,NMS,Route Monitoring,TEST,requirements/nms/FR-2609-route-monitoring-test.md,366
2610,FR-2610,NMS,Route Monitoring,EVENT,requirements/nms/FR-2610-route-monitoring-event.md,367
2611,FR-2611,NMS,Route Monitoring,OPERATIONS,requirements/nms/FR-2611-route-monitoring-operations.md,359
2612,FR-2612,NMS,VLAN Monitoring,UI,requirements/nms/FR-2612-vlan-monitoring-ui.md,389
2613,FR-2613,NMS,VLAN Monitoring,BACKEND,requirements/nms/FR-2613-vlan-monitoring-backend.md,376
2614,FR-2614,NMS,VLAN Monitoring,API,requirements/nms/FR-2614-vlan-monitoring-api.md,373
2615,FR-2615,NMS,VLAN Monitoring,SECURITY,requirements/nms/FR-2615-vlan-monitoring-security.md,378
2616,FR-2616,NMS,VLAN Monitoring,TEST,requirements/nms/FR-2616-vlan-monitoring-test.md,366
2617,FR-2617,NMS,VLAN Monitoring,EVENT,requirements/nms/FR-2617-vlan-monitoring-event.md,367
2618,FR-2618,NMS,VLAN Monitoring,OPERATIONS,requirements/nms/FR-2618-vlan-monitoring-operations.md,359
2619,FR-2619,NMS,STP Monitoring,UI,requirements/nms/FR-2619-stp-monitoring-ui.md,389
2620,FR-2620,NMS,STP Monitoring,BACKEND,requirements/nms/FR-2620-stp-monitoring-backend.md,376
2621,FR-2621,NMS,STP Monitoring,API,requirements/nms/FR-2621-stp-monitoring-api.md,373
2622,FR-2622,NMS,STP Monitoring,SECURITY,requirements/nms/FR-2622-stp-monitoring-security.md,378
2623,FR-2623,NMS,STP Monitoring,TEST,requirements/nms/FR-2623-stp-monitoring-test.md,366
2624,FR-2624,NMS,STP Monitoring,EVENT,requirements/nms/FR-2624-stp-monitoring-event.md,367
2625,FR-2625,NMS,STP Monitoring,OPERATIONS,requirements/nms/FR-2625-stp-monitoring-operations.md,359
2626,FR-2626,NMS,LACP Monitoring,UI,requirements/nms/FR-2626-lacp-monitoring-ui.md,389
2627,FR-2627,NMS,LACP Monitoring,BACKEND,requirements/nms/FR-2627-lacp-monitoring-backend.md,376
2628,FR-2628,NMS,LACP Monitoring,API,requirements/nms/FR-2628-lacp-monitoring-api.md,373
2629,FR-2629,NMS,LACP Monitoring,SECURITY,requirements/nms/FR-2629-lacp-monitoring-security.md,378
2630,FR-2630,NMS,LACP Monitoring,TEST,requirements/nms/FR-2630-lacp-monitoring-test.md,366
2631,FR-2631,NMS,LACP Monitoring,EVENT,requirements/nms/FR-2631-lacp-monitoring-event.md,367
2632,FR-2632,NMS,LACP Monitoring,OPERATIONS,requirements/nms/FR-2632-lacp-monitoring-operations.md,359
2633,FR-2633,NMS,PoE Monitoring,UI,requirements/nms/FR-2633-poe-monitoring-ui.md,389
2634,FR-2634,NMS,PoE Monitoring,BACKEND,requirements/nms/FR-2634-poe-monitoring-backend.md,376
2635,FR-2635,NMS,PoE Monitoring,API,requirements/nms/FR-2635-poe-monitoring-api.md,373
2636,FR-2636,NMS,PoE Monitoring,SECURITY,requirements/nms/FR-2636-poe-monitoring-security.md,378
2637,FR-2637,NMS,PoE Monitoring,TEST,requirements/nms/FR-2637-poe-monitoring-test.md,366
2638,FR-2638,NMS,PoE Monitoring,EVENT,requirements/nms/FR-2638-poe-monitoring-event.md,367
2639,FR-2639,NMS,PoE Monitoring,OPERATIONS,requirements/nms/FR-2639-poe-monitoring-operations.md,359
2640,FR-2640,NMS,Network Performance,UI,requirements/nms/FR-2640-network-performance-ui.md,389
2641,FR-2641,NMS,Network Performance,BACKEND,requirements/nms/FR-2641-network-performance-backend.md,376
2642,FR-2642,NMS,Network Performance,API,requirements/nms/FR-2642-network-performance-api.md,373
2643,FR-2643,NMS,Network Performance,SECURITY,requirements/nms/FR-2643-network-performance-security.md,378
2644,FR-2644,NMS,Network Performance,TEST,requirements/nms/FR-2644-network-performance-test.md,366
2645,FR-2645,NMS,Network Performance,EVENT,requirements/nms/FR-2645-network-performance-event.md,367
2646,FR-2646,NMS,Network Performance,OPERATIONS,requirements/nms/FR-2646-network-performance-operations.md,359
2647,FR-2647,NMS,Time-series Retention,UI,requirements/nms/FR-2647-time-series-retention-ui.md,389
2648,FR-2648,NMS,Time-series Retention,BACKEND,requirements/nms/FR-2648-time-series-retention-backend.md,376
2649,FR-2649,NMS,Time-series Retention,API,requirements/nms/FR-2649-time-series-retention-api.md,373
2650,FR-2650,NMS,Time-series Retention,SECURITY,requirements/nms/FR-2650-time-series-retention-security.md,378
2651,FR-2651,NMS,Time-series Retention,TEST,requirements/nms/FR-2651-time-series-retention-test.md,366
2652,FR-2652,NMS,Time-series Retention,EVENT,requirements/nms/FR-2652-time-series-retention-event.md,367
2653,FR-2653,NMS,Time-series Retention,OPERATIONS,requirements/nms/FR-2653-time-series-retention-operations.md,359
2654,FR-2654,Network Topology,Topology Dashboard,UI,requirements/network-topology/FR-2654-topology-dashboard-ui.md,390
2655,FR-2655,Network Topology,Topology Dashboard,BACKEND,requirements/network-topology/FR-2655-topology-dashboard-backend.md,374
2656,FR-2656,Network Topology,Topology Dashboard,API,requirements/network-topology/FR-2656-topology-dashboard-api.md,372
2657,FR-2657,Network Topology,Topology Dashboard,SECURITY,requirements/network-topology/FR-2657-topology-dashboard-security.md,377
2658,FR-2658,Network Topology,Topology Dashboard,TEST,requirements/network-topology/FR-2658-topology-dashboard-test.md,365
2659,FR-2659,Network Topology,Topology Dashboard,EVENT,requirements/network-topology/FR-2659-topology-dashboard-event.md,366
2660,FR-2660,Network Topology,Topology Dashboard,OPERATIONS,requirements/network-topology/FR-2660-topology-dashboard-operations.md,358
2661,FR-2661,Network Topology,Physical Topology,UI,requirements/network-topology/FR-2661-physical-topology-ui.md,390
2662,FR-2662,Network Topology,Physical Topology,BACKEND,requirements/network-topology/FR-2662-physical-topology-backend.md,374
2663,FR-2663,Network Topology,Physical Topology,API,requirements/network-topology/FR-2663-physical-topology-api.md,372
2664,FR-2664,Network Topology,Physical Topology,SECURITY,requirements/network-topology/FR-2664-physical-topology-security.md,377
2665,FR-2665,Network Topology,Physical Topology,TEST,requirements/network-topology/FR-2665-physical-topology-test.md,365
2666,FR-2666,Network Topology,Physical Topology,EVENT,requirements/network-topology/FR-2666-physical-topology-event.md,366
2667,FR-2667,Network Topology,Physical Topology,OPERATIONS,requirements/network-topology/FR-2667-physical-topology-operations.md,358
2668,FR-2668,Network Topology,Logical Topology,UI,requirements/network-topology/FR-2668-logical-topology-ui.md,390
2669,FR-2669,Network Topology,Logical Topology,BACKEND,requirements/network-topology/FR-2669-logical-topology-backend.md,374
2670,FR-2670,Network Topology,Logical Topology,API,requirements/network-topology/FR-2670-logical-topology-api.md,372
2671,FR-2671,Network Topology,Logical Topology,SECURITY,requirements/network-topology/FR-2671-logical-topology-security.md,377
2672,FR-2672,Network Topology,Logical Topology,TEST,requirements/network-topology/FR-2672-logical-topology-test.md,365
2673,FR-2673,Network Topology,Logical Topology,EVENT,requirements/network-topology/FR-2673-logical-topology-event.md,366
2674,FR-2674,Network Topology,Logical Topology,OPERATIONS,requirements/network-topology/FR-2674-logical-topology-operations.md,358
2675,FR-2675,Network Topology,L2 Topology,UI,requirements/network-topology/FR-2675-l2-topology-ui.md,390
2676,FR-2676,Network Topology,L2 Topology,BACKEND,requirements/network-topology/FR-2676-l2-topology-backend.md,374
2677,FR-2677,Network Topology,L2 Topology,API,requirements/network-topology/FR-2677-l2-topology-api.md,372
2678,FR-2678,Network Topology,L2 Topology,SECURITY,requirements/network-topology/FR-2678-l2-topology-security.md,377
2679,FR-2679,Network Topology,L2 Topology,TEST,requirements/network-topology/FR-2679-l2-topology-test.md,365
2680,FR-2680,Network Topology,L2 Topology,EVENT,requirements/network-topology/FR-2680-l2-topology-event.md,366
2681,FR-2681,Network Topology,L2 Topology,OPERATIONS,requirements/network-topology/FR-2681-l2-topology-operations.md,358
2682,FR-2682,Network Topology,L3 Topology,UI,requirements/network-topology/FR-2682-l3-topology-ui.md,390
2683,FR-2683,Network Topology,L3 Topology,BACKEND,requirements/network-topology/FR-2683-l3-topology-backend.md,374
2684,FR-2684,Network Topology,L3 Topology,API,requirements/network-topology/FR-2684-l3-topology-api.md,372
2685,FR-2685,Network Topology,L3 Topology,SECURITY,requirements/network-topology/FR-2685-l3-topology-security.md,377
2686,FR-2686,Network Topology,L3 Topology,TEST,requirements/network-topology/FR-2686-l3-topology-test.md,365
2687,FR-2687,Network Topology,L3 Topology,EVENT,requirements/network-topology/FR-2687-l3-topology-event.md,366
2688,FR-2688,Network Topology,L3 Topology,OPERATIONS,requirements/network-topology/FR-2688-l3-topology-operations.md,358
2689,FR-2689,Network Topology,Observed Topology,UI,requirements/network-topology/FR-2689-observed-topology-ui.md,390
2690,FR-2690,Network Topology,Observed Topology,BACKEND,requirements/network-topology/FR-2690-observed-topology-backend.md,374
2691,FR-2691,Network Topology,Observed Topology,API,requirements/network-topology/FR-2691-observed-topology-api.md,372
2692,FR-2692,Network Topology,Observed Topology,SECURITY,requirements/network-topology/FR-2692-observed-topology-security.md,377
2693,FR-2693,Network Topology,Observed Topology,TEST,requirements/network-topology/FR-2693-observed-topology-test.md,365
2694,FR-2694,Network Topology,Observed Topology,EVENT,requirements/network-topology/FR-2694-observed-topology-event.md,366
2695,FR-2695,Network Topology,Observed Topology,OPERATIONS,requirements/network-topology/FR-2695-observed-topology-operations.md,358
2696,FR-2696,Network Topology,Documented Topology,UI,requirements/network-topology/FR-2696-documented-topology-ui.md,390
2697,FR-2697,Network Topology,Documented Topology,BACKEND,requirements/network-topology/FR-2697-documented-topology-backend.md,374
2698,FR-2698,Network Topology,Documented Topology,API,requirements/network-topology/FR-2698-documented-topology-api.md,372
2699,FR-2699,Network Topology,Documented Topology,SECURITY,requirements/network-topology/FR-2699-documented-topology-security.md,377
2700,FR-2700,Network Topology,Documented Topology,TEST,requirements/network-topology/FR-2700-documented-topology-test.md,365
2701,FR-2701,Network Topology,Documented Topology,EVENT,requirements/network-topology/FR-2701-documented-topology-event.md,366
2702,FR-2702,Network Topology,Documented Topology,OPERATIONS,requirements/network-topology/FR-2702-documented-topology-operations.md,358
2703,FR-2703,Network Topology,Planned Topology,UI,requirements/network-topology/FR-2703-planned-topology-ui.md,390
2704,FR-2704,Network Topology,Planned Topology,BACKEND,requirements/network-topology/FR-2704-planned-topology-backend.md,374
2705,FR-2705,Network Topology,Planned Topology,API,requirements/network-topology/FR-2705-planned-topology-api.md,372
2706,FR-2706,Network Topology,Planned Topology,SECURITY,requirements/network-topology/FR-2706-planned-topology-security.md,377
2707,FR-2707,Network Topology,Planned Topology,TEST,requirements/network-topology/FR-2707-planned-topology-test.md,365
2708,FR-2708,Network Topology,Planned Topology,EVENT,requirements/network-topology/FR-2708-planned-topology-event.md,366
2709,FR-2709,Network Topology,Planned Topology,OPERATIONS,requirements/network-topology/FR-2709-planned-topology-operations.md,358
2710,FR-2710,Network Topology,Dependency Graph,UI,requirements/network-topology/FR-2710-dependency-graph-ui.md,390
2711,FR-2711,Network Topology,Dependency Graph,BACKEND,requirements/network-topology/FR-2711-dependency-graph-backend.md,374
2712,FR-2712,Network Topology,Dependency Graph,API,requirements/network-topology/FR-2712-dependency-graph-api.md,372
2713,FR-2713,Network Topology,Dependency Graph,SECURITY,requirements/network-topology/FR-2713-dependency-graph-security.md,377
2714,FR-2714,Network Topology,Dependency Graph,TEST,requirements/network-topology/FR-2714-dependency-graph-test.md,365
2715,FR-2715,Network Topology,Dependency Graph,EVENT,requirements/network-topology/FR-2715-dependency-graph-event.md,366
2716,FR-2716,Network Topology,Dependency Graph,OPERATIONS,requirements/network-topology/FR-2716-dependency-graph-operations.md,358
2717,FR-2717,Network Topology,Path Trace,UI,requirements/network-topology/FR-2717-path-trace-ui.md,390
2718,FR-2718,Network Topology,Path Trace,BACKEND,requirements/network-topology/FR-2718-path-trace-backend.md,374
2719,FR-2719,Network Topology,Path Trace,API,requirements/network-topology/FR-2719-path-trace-api.md,372
2720,FR-2720,Network Topology,Path Trace,SECURITY,requirements/network-topology/FR-2720-path-trace-security.md,377
2721,FR-2721,Network Topology,Path Trace,TEST,requirements/network-topology/FR-2721-path-trace-test.md,365
2722,FR-2722,Network Topology,Path Trace,EVENT,requirements/network-topology/FR-2722-path-trace-event.md,366
2723,FR-2723,Network Topology,Path Trace,OPERATIONS,requirements/network-topology/FR-2723-path-trace-operations.md,358
2724,FR-2724,Network Topology,Link Details,UI,requirements/network-topology/FR-2724-link-details-ui.md,390
2725,FR-2725,Network Topology,Link Details,BACKEND,requirements/network-topology/FR-2725-link-details-backend.md,374
2726,FR-2726,Network Topology,Link Details,API,requirements/network-topology/FR-2726-link-details-api.md,372
2727,FR-2727,Network Topology,Link Details,SECURITY,requirements/network-topology/FR-2727-link-details-security.md,377
2728,FR-2728,Network Topology,Link Details,TEST,requirements/network-topology/FR-2728-link-details-test.md,365
2729,FR-2729,Network Topology,Link Details,EVENT,requirements/network-topology/FR-2729-link-details-event.md,366
2730,FR-2730,Network Topology,Link Details,OPERATIONS,requirements/network-topology/FR-2730-link-details-operations.md,358
2731,FR-2731,Network Topology,Redundant Links,UI,requirements/network-topology/FR-2731-redundant-links-ui.md,390
2732,FR-2732,Network Topology,Redundant Links,BACKEND,requirements/network-topology/FR-2732-redundant-links-backend.md,374
2733,FR-2733,Network Topology,Redundant Links,API,requirements/network-topology/FR-2733-redundant-links-api.md,372
2734,FR-2734,Network Topology,Redundant Links,SECURITY,requirements/network-topology/FR-2734-redundant-links-security.md,377
2735,FR-2735,Network Topology,Redundant Links,TEST,requirements/network-topology/FR-2735-redundant-links-test.md,365
2736,FR-2736,Network Topology,Redundant Links,EVENT,requirements/network-topology/FR-2736-redundant-links-event.md,366
2737,FR-2737,Network Topology,Redundant Links,OPERATIONS,requirements/network-topology/FR-2737-redundant-links-operations.md,358
2738,FR-2738,Network Topology,Link Down Analysis,UI,requirements/network-topology/FR-2738-link-down-analysis-ui.md,394
2739,FR-2739,Network Topology,Link Down Analysis,BACKEND,requirements/network-topology/FR-2739-link-down-analysis-backend.md,377
2740,FR-2740,Network Topology,Link Down Analysis,API,requirements/network-topology/FR-2740-link-down-analysis-api.md,375
2741,FR-2741,Network Topology,Link Down Analysis,SECURITY,requirements/network-topology/FR-2741-link-down-analysis-security.md,380
2742,FR-2742,Network Topology,Link Down Analysis,TEST,requirements/network-topology/FR-2742-link-down-analysis-test.md,368
2743,FR-2743,Network Topology,Link Down Analysis,EVENT,requirements/network-topology/FR-2743-link-down-analysis-event.md,369
2744,FR-2744,Network Topology,Link Down Analysis,OPERATIONS,requirements/network-topology/FR-2744-link-down-analysis-operations.md,361
2745,FR-2745,Network Topology,Root Cause Correlation,UI,requirements/network-topology/FR-2745-root-cause-correlation-ui.md,394
2746,FR-2746,Network Topology,Root Cause Correlation,BACKEND,requirements/network-topology/FR-2746-root-cause-correlation-backend.md,377
2747,FR-2747,Network Topology,Root Cause Correlation,API,requirements/network-topology/FR-2747-root-cause-correlation-api.md,375
2748,FR-2748,Network Topology,Root Cause Correlation,SECURITY,requirements/network-topology/FR-2748-root-cause-correlation-security.md,380
2749,FR-2749,Network Topology,Root Cause Correlation,TEST,requirements/network-topology/FR-2749-root-cause-correlation-test.md,368
2750,FR-2750,Network Topology,Root Cause Correlation,EVENT,requirements/network-topology/FR-2750-root-cause-correlation-event.md,369
2751,FR-2751,Network Topology,Root Cause Correlation,OPERATIONS,requirements/network-topology/FR-2751-root-cause-correlation-operations.md,361
2752,FR-2752,Network Topology,Topology History,UI,requirements/network-topology/FR-2752-topology-history-ui.md,390
2753,FR-2753,Network Topology,Topology History,BACKEND,requirements/network-topology/FR-2753-topology-history-backend.md,374
2754,FR-2754,Network Topology,Topology History,API,requirements/network-topology/FR-2754-topology-history-api.md,372
2755,FR-2755,Network Topology,Topology History,SECURITY,requirements/network-topology/FR-2755-topology-history-security.md,377
2756,FR-2756,Network Topology,Topology History,TEST,requirements/network-topology/FR-2756-topology-history-test.md,365
2757,FR-2757,Network Topology,Topology History,EVENT,requirements/network-topology/FR-2757-topology-history-event.md,366
2758,FR-2758,Network Topology,Topology History,OPERATIONS,requirements/network-topology/FR-2758-topology-history-operations.md,358
2759,FR-2759,Network Topology,Topology Diff,UI,requirements/network-topology/FR-2759-topology-diff-ui.md,390
2760,FR-2760,Network Topology,Topology Diff,BACKEND,requirements/network-topology/FR-2760-topology-diff-backend.md,374
2761,FR-2761,Network Topology,Topology Diff,API,requirements/network-topology/FR-2761-topology-diff-api.md,372
2762,FR-2762,Network Topology,Topology Diff,SECURITY,requirements/network-topology/FR-2762-topology-diff-security.md,377
2763,FR-2763,Network Topology,Topology Diff,TEST,requirements/network-topology/FR-2763-topology-diff-test.md,365
2764,FR-2764,Network Topology,Topology Diff,EVENT,requirements/network-topology/FR-2764-topology-diff-event.md,366
2765,FR-2765,Network Topology,Topology Diff,OPERATIONS,requirements/network-topology/FR-2765-topology-diff-operations.md,358
2766,FR-2766,Network Topology,Manual Links,UI,requirements/network-topology/FR-2766-manual-links-ui.md,390
2767,FR-2767,Network Topology,Manual Links,BACKEND,requirements/network-topology/FR-2767-manual-links-backend.md,374
2768,FR-2768,Network Topology,Manual Links,API,requirements/network-topology/FR-2768-manual-links-api.md,372
2769,FR-2769,Network Topology,Manual Links,SECURITY,requirements/network-topology/FR-2769-manual-links-security.md,377
2770,FR-2770,Network Topology,Manual Links,TEST,requirements/network-topology/FR-2770-manual-links-test.md,365
2771,FR-2771,Network Topology,Manual Links,EVENT,requirements/network-topology/FR-2771-manual-links-event.md,366
2772,FR-2772,Network Topology,Manual Links,OPERATIONS,requirements/network-topology/FR-2772-manual-links-operations.md,358
2773,FR-2773,Network Topology,Discovered Links,UI,requirements/network-topology/FR-2773-discovered-links-ui.md,390
2774,FR-2774,Network Topology,Discovered Links,BACKEND,requirements/network-topology/FR-2774-discovered-links-backend.md,374
2775,FR-2775,Network Topology,Discovered Links,API,requirements/network-topology/FR-2775-discovered-links-api.md,372
2776,FR-2776,Network Topology,Discovered Links,SECURITY,requirements/network-topology/FR-2776-discovered-links-security.md,377
2777,FR-2777,Network Topology,Discovered Links,TEST,requirements/network-topology/FR-2777-discovered-links-test.md,365
2778,FR-2778,Network Topology,Discovered Links,EVENT,requirements/network-topology/FR-2778-discovered-links-event.md,366
2779,FR-2779,Network Topology,Discovered Links,OPERATIONS,requirements/network-topology/FR-2779-discovered-links-operations.md,358
2780,FR-2780,Network Topology,Topology Reconciliation,UI,requirements/network-topology/FR-2780-topology-reconciliation-ui.md,390
2781,FR-2781,Network Topology,Topology Reconciliation,BACKEND,requirements/network-topology/FR-2781-topology-reconciliation-backend.md,374
2782,FR-2782,Network Topology,Topology Reconciliation,API,requirements/network-topology/FR-2782-topology-reconciliation-api.md,372
2783,FR-2783,Network Topology,Topology Reconciliation,SECURITY,requirements/network-topology/FR-2783-topology-reconciliation-security.md,377
2784,FR-2784,Network Topology,Topology Reconciliation,TEST,requirements/network-topology/FR-2784-topology-reconciliation-test.md,365
2785,FR-2785,Network Topology,Topology Reconciliation,EVENT,requirements/network-topology/FR-2785-topology-reconciliation-event.md,366
2786,FR-2786,Network Topology,Topology Reconciliation,OPERATIONS,requirements/network-topology/FR-2786-topology-reconciliation-operations.md,358
2787,FR-2787,Network Topology,Impact Analysis,UI,requirements/network-topology/FR-2787-impact-analysis-ui.md,390
2788,FR-2788,Network Topology,Impact Analysis,BACKEND,requirements/network-topology/FR-2788-impact-analysis-backend.md,374
2789,FR-2789,Network Topology,Impact Analysis,API,requirements/network-topology/FR-2789-impact-analysis-api.md,372
2790,FR-2790,Network Topology,Impact Analysis,SECURITY,requirements/network-topology/FR-2790-impact-analysis-security.md,377
2791,FR-2791,Network Topology,Impact Analysis,TEST,requirements/network-topology/FR-2791-impact-analysis-test.md,365
2792,FR-2792,Network Topology,Impact Analysis,EVENT,requirements/network-topology/FR-2792-impact-analysis-event.md,366
2793,FR-2793,Network Topology,Impact Analysis,OPERATIONS,requirements/network-topology/FR-2793-impact-analysis-operations.md,358
2794,FR-2794,Fiber GIS / ODN,Fiber Dashboard,UI,requirements/fiber-gis-odn/FR-2794-fiber-dashboard-ui.md,397
2795,FR-2795,Fiber GIS / ODN,Fiber Dashboard,BACKEND,requirements/fiber-gis-odn/FR-2795-fiber-dashboard-backend.md,376
2796,FR-2796,Fiber GIS / ODN,Fiber Dashboard,API,requirements/fiber-gis-odn/FR-2796-fiber-dashboard-api.md,375
2797,FR-2797,Fiber GIS / ODN,Fiber Dashboard,SECURITY,requirements/fiber-gis-odn/FR-2797-fiber-dashboard-security.md,380
2798,FR-2798,Fiber GIS / ODN,Fiber Dashboard,TEST,requirements/fiber-gis-odn/FR-2798-fiber-dashboard-test.md,368
2799,FR-2799,Fiber GIS / ODN,Fiber Dashboard,EVENT,requirements/fiber-gis-odn/FR-2799-fiber-dashboard-event.md,369
2800,FR-2800,Fiber GIS / ODN,Fiber Dashboard,OPERATIONS,requirements/fiber-gis-odn/FR-2800-fiber-dashboard-operations.md,361
2801,FR-2801,Fiber GIS / ODN,Network Map,UI,requirements/fiber-gis-odn/FR-2801-network-map-ui.md,397
2802,FR-2802,Fiber GIS / ODN,Network Map,BACKEND,requirements/fiber-gis-odn/FR-2802-network-map-backend.md,376
2803,FR-2803,Fiber GIS / ODN,Network Map,API,requirements/fiber-gis-odn/FR-2803-network-map-api.md,375
2804,FR-2804,Fiber GIS / ODN,Network Map,SECURITY,requirements/fiber-gis-odn/FR-2804-network-map-security.md,380
2805,FR-2805,Fiber GIS / ODN,Network Map,TEST,requirements/fiber-gis-odn/FR-2805-network-map-test.md,368
2806,FR-2806,Fiber GIS / ODN,Network Map,EVENT,requirements/fiber-gis-odn/FR-2806-network-map-event.md,369
2807,FR-2807,Fiber GIS / ODN,Network Map,OPERATIONS,requirements/fiber-gis-odn/FR-2807-network-map-operations.md,361
2808,FR-2808,Fiber GIS / ODN,Map Layers,UI,requirements/fiber-gis-odn/FR-2808-map-layers-ui.md,397
2809,FR-2809,Fiber GIS / ODN,Map Layers,BACKEND,requirements/fiber-gis-odn/FR-2809-map-layers-backend.md,376
2810,FR-2810,Fiber GIS / ODN,Map Layers,API,requirements/fiber-gis-odn/FR-2810-map-layers-api.md,375
2811,FR-2811,Fiber GIS / ODN,Map Layers,SECURITY,requirements/fiber-gis-odn/FR-2811-map-layers-security.md,380
2812,FR-2812,Fiber GIS / ODN,Map Layers,TEST,requirements/fiber-gis-odn/FR-2812-map-layers-test.md,368
2813,FR-2813,Fiber GIS / ODN,Map Layers,EVENT,requirements/fiber-gis-odn/FR-2813-map-layers-event.md,369
2814,FR-2814,Fiber GIS / ODN,Map Layers,OPERATIONS,requirements/fiber-gis-odn/FR-2814-map-layers-operations.md,361
2815,FR-2815,Fiber GIS / ODN,Route Editing,UI,requirements/fiber-gis-odn/FR-2815-route-editing-ui.md,397
2816,FR-2816,Fiber GIS / ODN,Route Editing,BACKEND,requirements/fiber-gis-odn/FR-2816-route-editing-backend.md,376
2817,FR-2817,Fiber GIS / ODN,Route Editing,API,requirements/fiber-gis-odn/FR-2817-route-editing-api.md,375
2818,FR-2818,Fiber GIS / ODN,Route Editing,SECURITY,requirements/fiber-gis-odn/FR-2818-route-editing-security.md,380
2819,FR-2819,Fiber GIS / ODN,Route Editing,TEST,requirements/fiber-gis-odn/FR-2819-route-editing-test.md,368
2820,FR-2820,Fiber GIS / ODN,Route Editing,EVENT,requirements/fiber-gis-odn/FR-2820-route-editing-event.md,369
2821,FR-2821,Fiber GIS / ODN,Route Editing,OPERATIONS,requirements/fiber-gis-odn/FR-2821-route-editing-operations.md,361
2822,FR-2822,Fiber GIS / ODN,Cable Assets,UI,requirements/fiber-gis-odn/FR-2822-cable-assets-ui.md,397
2823,FR-2823,Fiber GIS / ODN,Cable Assets,BACKEND,requirements/fiber-gis-odn/FR-2823-cable-assets-backend.md,376
2824,FR-2824,Fiber GIS / ODN,Cable Assets,API,requirements/fiber-gis-odn/FR-2824-cable-assets-api.md,375
2825,FR-2825,Fiber GIS / ODN,Cable Assets,SECURITY,requirements/fiber-gis-odn/FR-2825-cable-assets-security.md,380
2826,FR-2826,Fiber GIS / ODN,Cable Assets,TEST,requirements/fiber-gis-odn/FR-2826-cable-assets-test.md,368
2827,FR-2827,Fiber GIS / ODN,Cable Assets,EVENT,requirements/fiber-gis-odn/FR-2827-cable-assets-event.md,369
2828,FR-2828,Fiber GIS / ODN,Cable Assets,OPERATIONS,requirements/fiber-gis-odn/FR-2828-cable-assets-operations.md,361
2829,FR-2829,Fiber GIS / ODN,Cable Segments,UI,requirements/fiber-gis-odn/FR-2829-cable-segments-ui.md,397
2830,FR-2830,Fiber GIS / ODN,Cable Segments,BACKEND,requirements/fiber-gis-odn/FR-2830-cable-segments-backend.md,376
2831,FR-2831,Fiber GIS / ODN,Cable Segments,API,requirements/fiber-gis-odn/FR-2831-cable-segments-api.md,375
2832,FR-2832,Fiber GIS / ODN,Cable Segments,SECURITY,requirements/fiber-gis-odn/FR-2832-cable-segments-security.md,380
2833,FR-2833,Fiber GIS / ODN,Cable Segments,TEST,requirements/fiber-gis-odn/FR-2833-cable-segments-test.md,368
2834,FR-2834,Fiber GIS / ODN,Cable Segments,EVENT,requirements/fiber-gis-odn/FR-2834-cable-segments-event.md,369
2835,FR-2835,Fiber GIS / ODN,Cable Segments,OPERATIONS,requirements/fiber-gis-odn/FR-2835-cable-segments-operations.md,361
2836,FR-2836,Fiber GIS / ODN,Fiber Cores,UI,requirements/fiber-gis-odn/FR-2836-fiber-cores-ui.md,397
2837,FR-2837,Fiber GIS / ODN,Fiber Cores,BACKEND,requirements/fiber-gis-odn/FR-2837-fiber-cores-backend.md,376
2838,FR-2838,Fiber GIS / ODN,Fiber Cores,API,requirements/fiber-gis-odn/FR-2838-fiber-cores-api.md,375
2839,FR-2839,Fiber GIS / ODN,Fiber Cores,SECURITY,requirements/fiber-gis-odn/FR-2839-fiber-cores-security.md,380
2840,FR-2840,Fiber GIS / ODN,Fiber Cores,TEST,requirements/fiber-gis-odn/FR-2840-fiber-cores-test.md,368
2841,FR-2841,Fiber GIS / ODN,Fiber Cores,EVENT,requirements/fiber-gis-odn/FR-2841-fiber-cores-event.md,369
2842,FR-2842,Fiber GIS / ODN,Fiber Cores,OPERATIONS,requirements/fiber-gis-odn/FR-2842-fiber-cores-operations.md,361
2843,FR-2843,Fiber GIS / ODN,Fiber Ends,UI,requirements/fiber-gis-odn/FR-2843-fiber-ends-ui.md,397
2844,FR-2844,Fiber GIS / ODN,Fiber Ends,BACKEND,requirements/fiber-gis-odn/FR-2844-fiber-ends-backend.md,376
2845,FR-2845,Fiber GIS / ODN,Fiber Ends,API,requirements/fiber-gis-odn/FR-2845-fiber-ends-api.md,375
2846,FR-2846,Fiber GIS / ODN,Fiber Ends,SECURITY,requirements/fiber-gis-odn/FR-2846-fiber-ends-security.md,380
2847,FR-2847,Fiber GIS / ODN,Fiber Ends,TEST,requirements/fiber-gis-odn/FR-2847-fiber-ends-test.md,368
2848,FR-2848,Fiber GIS / ODN,Fiber Ends,EVENT,requirements/fiber-gis-odn/FR-2848-fiber-ends-event.md,369
2849,FR-2849,Fiber GIS / ODN,Fiber Ends,OPERATIONS,requirements/fiber-gis-odn/FR-2849-fiber-ends-operations.md,361
2850,FR-2850,Fiber GIS / ODN,Tubes,UI,requirements/fiber-gis-odn/FR-2850-tubes-ui.md,393
2851,FR-2851,Fiber GIS / ODN,Tubes,BACKEND,requirements/fiber-gis-odn/FR-2851-tubes-backend.md,373
2852,FR-2852,Fiber GIS / ODN,Tubes,API,requirements/fiber-gis-odn/FR-2852-tubes-api.md,372
2853,FR-2853,Fiber GIS / ODN,Tubes,SECURITY,requirements/fiber-gis-odn/FR-2853-tubes-security.md,377
2854,FR-2854,Fiber GIS / ODN,Tubes,TEST,requirements/fiber-gis-odn/FR-2854-tubes-test.md,365
2855,FR-2855,Fiber GIS / ODN,Tubes,EVENT,requirements/fiber-gis-odn/FR-2855-tubes-event.md,366
2856,FR-2856,Fiber GIS / ODN,Tubes,OPERATIONS,requirements/fiber-gis-odn/FR-2856-tubes-operations.md,358
2857,FR-2857,Fiber GIS / ODN,Closures / JBs,UI,requirements/fiber-gis-odn/FR-2857-closures-jbs-ui.md,401
2858,FR-2858,Fiber GIS / ODN,Closures / JBs,BACKEND,requirements/fiber-gis-odn/FR-2858-closures-jbs-backend.md,379
2859,FR-2859,Fiber GIS / ODN,Closures / JBs,API,requirements/fiber-gis-odn/FR-2859-closures-jbs-api.md,378
2860,FR-2860,Fiber GIS / ODN,Closures / JBs,SECURITY,requirements/fiber-gis-odn/FR-2860-closures-jbs-security.md,383
2861,FR-2861,Fiber GIS / ODN,Closures / JBs,TEST,requirements/fiber-gis-odn/FR-2861-closures-jbs-test.md,371
2862,FR-2862,Fiber GIS / ODN,Closures / JBs,EVENT,requirements/fiber-gis-odn/FR-2862-closures-jbs-event.md,372
2863,FR-2863,Fiber GIS / ODN,Closures / JBs,OPERATIONS,requirements/fiber-gis-odn/FR-2863-closures-jbs-operations.md,364
2864,FR-2864,Fiber GIS / ODN,Splice Trays,UI,requirements/fiber-gis-odn/FR-2864-splice-trays-ui.md,397
2865,FR-2865,Fiber GIS / ODN,Splice Trays,BACKEND,requirements/fiber-gis-odn/FR-2865-splice-trays-backend.md,376
2866,FR-2866,Fiber GIS / ODN,Splice Trays,API,requirements/fiber-gis-odn/FR-2866-splice-trays-api.md,375
2867,FR-2867,Fiber GIS / ODN,Splice Trays,SECURITY,requirements/fiber-gis-odn/FR-2867-splice-trays-security.md,380
2868,FR-2868,Fiber GIS / ODN,Splice Trays,TEST,requirements/fiber-gis-odn/FR-2868-splice-trays-test.md,368
2869,FR-2869,Fiber GIS / ODN,Splice Trays,EVENT,requirements/fiber-gis-odn/FR-2869-splice-trays-event.md,369
2870,FR-2870,Fiber GIS / ODN,Splice Trays,OPERATIONS,requirements/fiber-gis-odn/FR-2870-splice-trays-operations.md,361
2871,FR-2871,Fiber GIS / ODN,Splice Editor,UI,requirements/fiber-gis-odn/FR-2871-splice-editor-ui.md,397
2872,FR-2872,Fiber GIS / ODN,Splice Editor,BACKEND,requirements/fiber-gis-odn/FR-2872-splice-editor-backend.md,376
2873,FR-2873,Fiber GIS / ODN,Splice Editor,API,requirements/fiber-gis-odn/FR-2873-splice-editor-api.md,375
2874,FR-2874,Fiber GIS / ODN,Splice Editor,SECURITY,requirements/fiber-gis-odn/FR-2874-splice-editor-security.md,380
2875,FR-2875,Fiber GIS / ODN,Splice Editor,TEST,requirements/fiber-gis-odn/FR-2875-splice-editor-test.md,368
2876,FR-2876,Fiber GIS / ODN,Splice Editor,EVENT,requirements/fiber-gis-odn/FR-2876-splice-editor-event.md,369
2877,FR-2877,Fiber GIS / ODN,Splice Editor,OPERATIONS,requirements/fiber-gis-odn/FR-2877-splice-editor-operations.md,361
2878,FR-2878,Fiber GIS / ODN,Bulk Splice,UI,requirements/fiber-gis-odn/FR-2878-bulk-splice-ui.md,397
2879,FR-2879,Fiber GIS / ODN,Bulk Splice,BACKEND,requirements/fiber-gis-odn/FR-2879-bulk-splice-backend.md,376
2880,FR-2880,Fiber GIS / ODN,Bulk Splice,API,requirements/fiber-gis-odn/FR-2880-bulk-splice-api.md,375
2881,FR-2881,Fiber GIS / ODN,Bulk Splice,SECURITY,requirements/fiber-gis-odn/FR-2881-bulk-splice-security.md,380
2882,FR-2882,Fiber GIS / ODN,Bulk Splice,TEST,requirements/fiber-gis-odn/FR-2882-bulk-splice-test.md,368
2883,FR-2883,Fiber GIS / ODN,Bulk Splice,EVENT,requirements/fiber-gis-odn/FR-2883-bulk-splice-event.md,369
2884,FR-2884,Fiber GIS / ODN,Bulk Splice,OPERATIONS,requirements/fiber-gis-odn/FR-2884-bulk-splice-operations.md,361
2885,FR-2885,Fiber GIS / ODN,Mid-span Access,UI,requirements/fiber-gis-odn/FR-2885-mid-span-access-ui.md,397
2886,FR-2886,Fiber GIS / ODN,Mid-span Access,BACKEND,requirements/fiber-gis-odn/FR-2886-mid-span-access-backend.md,376
2887,FR-2887,Fiber GIS / ODN,Mid-span Access,API,requirements/fiber-gis-odn/FR-2887-mid-span-access-api.md,375
2888,FR-2888,Fiber GIS / ODN,Mid-span Access,SECURITY,requirements/fiber-gis-odn/FR-2888-mid-span-access-security.md,380
2889,FR-2889,Fiber GIS / ODN,Mid-span Access,TEST,requirements/fiber-gis-odn/FR-2889-mid-span-access-test.md,368
2890,FR-2890,Fiber GIS / ODN,Mid-span Access,EVENT,requirements/fiber-gis-odn/FR-2890-mid-span-access-event.md,369
2891,FR-2891,Fiber GIS / ODN,Mid-span Access,OPERATIONS,requirements/fiber-gis-odn/FR-2891-mid-span-access-operations.md,361
2892,FR-2892,Fiber GIS / ODN,Uncut Continuity,UI,requirements/fiber-gis-odn/FR-2892-uncut-continuity-ui.md,397
2893,FR-2893,Fiber GIS / ODN,Uncut Continuity,BACKEND,requirements/fiber-gis-odn/FR-2893-uncut-continuity-backend.md,376
2894,FR-2894,Fiber GIS / ODN,Uncut Continuity,API,requirements/fiber-gis-odn/FR-2894-uncut-continuity-api.md,375
2895,FR-2895,Fiber GIS / ODN,Uncut Continuity,SECURITY,requirements/fiber-gis-odn/FR-2895-uncut-continuity-security.md,380
2896,FR-2896,Fiber GIS / ODN,Uncut Continuity,TEST,requirements/fiber-gis-odn/FR-2896-uncut-continuity-test.md,368
2897,FR-2897,Fiber GIS / ODN,Uncut Continuity,EVENT,requirements/fiber-gis-odn/FR-2897-uncut-continuity-event.md,369
2898,FR-2898,Fiber GIS / ODN,Uncut Continuity,OPERATIONS,requirements/fiber-gis-odn/FR-2898-uncut-continuity-operations.md,361
2899,FR-2899,Fiber GIS / ODN,ODF,UI,requirements/fiber-gis-odn/FR-2899-odf-ui.md,393
2900,FR-2900,Fiber GIS / ODN,ODF,BACKEND,requirements/fiber-gis-odn/FR-2900-odf-backend.md,373
2901,FR-2901,Fiber GIS / ODN,ODF,API,requirements/fiber-gis-odn/FR-2901-odf-api.md,372
2902,FR-2902,Fiber GIS / ODN,ODF,SECURITY,requirements/fiber-gis-odn/FR-2902-odf-security.md,377
2903,FR-2903,Fiber GIS / ODN,ODF,TEST,requirements/fiber-gis-odn/FR-2903-odf-test.md,365
2904,FR-2904,Fiber GIS / ODN,ODF,EVENT,requirements/fiber-gis-odn/FR-2904-odf-event.md,366
2905,FR-2905,Fiber GIS / ODN,ODF,OPERATIONS,requirements/fiber-gis-odn/FR-2905-odf-operations.md,358
2906,FR-2906,Fiber GIS / ODN,Patch Panels,UI,requirements/fiber-gis-odn/FR-2906-patch-panels-ui.md,397
2907,FR-2907,Fiber GIS / ODN,Patch Panels,BACKEND,requirements/fiber-gis-odn/FR-2907-patch-panels-backend.md,376
2908,FR-2908,Fiber GIS / ODN,Patch Panels,API,requirements/fiber-gis-odn/FR-2908-patch-panels-api.md,375
2909,FR-2909,Fiber GIS / ODN,Patch Panels,SECURITY,requirements/fiber-gis-odn/FR-2909-patch-panels-security.md,380
2910,FR-2910,Fiber GIS / ODN,Patch Panels,TEST,requirements/fiber-gis-odn/FR-2910-patch-panels-test.md,368
2911,FR-2911,Fiber GIS / ODN,Patch Panels,EVENT,requirements/fiber-gis-odn/FR-2911-patch-panels-event.md,369
2912,FR-2912,Fiber GIS / ODN,Patch Panels,OPERATIONS,requirements/fiber-gis-odn/FR-2912-patch-panels-operations.md,361
2913,FR-2913,Fiber GIS / ODN,Adapters,UI,requirements/fiber-gis-odn/FR-2913-adapters-ui.md,393
2914,FR-2914,Fiber GIS / ODN,Adapters,BACKEND,requirements/fiber-gis-odn/FR-2914-adapters-backend.md,373
2915,FR-2915,Fiber GIS / ODN,Adapters,API,requirements/fiber-gis-odn/FR-2915-adapters-api.md,372
2916,FR-2916,Fiber GIS / ODN,Adapters,SECURITY,requirements/fiber-gis-odn/FR-2916-adapters-security.md,377
2917,FR-2917,Fiber GIS / ODN,Adapters,TEST,requirements/fiber-gis-odn/FR-2917-adapters-test.md,365
2918,FR-2918,Fiber GIS / ODN,Adapters,EVENT,requirements/fiber-gis-odn/FR-2918-adapters-event.md,366
2919,FR-2919,Fiber GIS / ODN,Adapters,OPERATIONS,requirements/fiber-gis-odn/FR-2919-adapters-operations.md,358
2920,FR-2920,Fiber GIS / ODN,Pigtails,UI,requirements/fiber-gis-odn/FR-2920-pigtails-ui.md,393
2921,FR-2921,Fiber GIS / ODN,Pigtails,BACKEND,requirements/fiber-gis-odn/FR-2921-pigtails-backend.md,373
2922,FR-2922,Fiber GIS / ODN,Pigtails,API,requirements/fiber-gis-odn/FR-2922-pigtails-api.md,372
2923,FR-2923,Fiber GIS / ODN,Pigtails,SECURITY,requirements/fiber-gis-odn/FR-2923-pigtails-security.md,377
2924,FR-2924,Fiber GIS / ODN,Pigtails,TEST,requirements/fiber-gis-odn/FR-2924-pigtails-test.md,365
2925,FR-2925,Fiber GIS / ODN,Pigtails,EVENT,requirements/fiber-gis-odn/FR-2925-pigtails-event.md,366
2926,FR-2926,Fiber GIS / ODN,Pigtails,OPERATIONS,requirements/fiber-gis-odn/FR-2926-pigtails-operations.md,358
2927,FR-2927,Fiber GIS / ODN,Patch Cords,UI,requirements/fiber-gis-odn/FR-2927-patch-cords-ui.md,397
2928,FR-2928,Fiber GIS / ODN,Patch Cords,BACKEND,requirements/fiber-gis-odn/FR-2928-patch-cords-backend.md,376
2929,FR-2929,Fiber GIS / ODN,Patch Cords,API,requirements/fiber-gis-odn/FR-2929-patch-cords-api.md,375
2930,FR-2930,Fiber GIS / ODN,Patch Cords,SECURITY,requirements/fiber-gis-odn/FR-2930-patch-cords-security.md,380
2931,FR-2931,Fiber GIS / ODN,Patch Cords,TEST,requirements/fiber-gis-odn/FR-2931-patch-cords-test.md,368
2932,FR-2932,Fiber GIS / ODN,Patch Cords,EVENT,requirements/fiber-gis-odn/FR-2932-patch-cords-event.md,369
2933,FR-2933,Fiber GIS / ODN,Patch Cords,OPERATIONS,requirements/fiber-gis-odn/FR-2933-patch-cords-operations.md,361
2934,FR-2934,Fiber GIS / ODN,Splitters,UI,requirements/fiber-gis-odn/FR-2934-splitters-ui.md,393
2935,FR-2935,Fiber GIS / ODN,Splitters,BACKEND,requirements/fiber-gis-odn/FR-2935-splitters-backend.md,373
2936,FR-2936,Fiber GIS / ODN,Splitters,API,requirements/fiber-gis-odn/FR-2936-splitters-api.md,372
2937,FR-2937,Fiber GIS / ODN,Splitters,SECURITY,requirements/fiber-gis-odn/FR-2937-splitters-security.md,377
2938,FR-2938,Fiber GIS / ODN,Splitters,TEST,requirements/fiber-gis-odn/FR-2938-splitters-test.md,365
2939,FR-2939,Fiber GIS / ODN,Splitters,EVENT,requirements/fiber-gis-odn/FR-2939-splitters-event.md,366
2940,FR-2940,Fiber GIS / ODN,Splitters,OPERATIONS,requirements/fiber-gis-odn/FR-2940-splitters-operations.md,358
2941,FR-2941,Fiber GIS / ODN,Couplers,UI,requirements/fiber-gis-odn/FR-2941-couplers-ui.md,393
2942,FR-2942,Fiber GIS / ODN,Couplers,BACKEND,requirements/fiber-gis-odn/FR-2942-couplers-backend.md,373
2943,FR-2943,Fiber GIS / ODN,Couplers,API,requirements/fiber-gis-odn/FR-2943-couplers-api.md,372
2944,FR-2944,Fiber GIS / ODN,Couplers,SECURITY,requirements/fiber-gis-odn/FR-2944-couplers-security.md,377
2945,FR-2945,Fiber GIS / ODN,Couplers,TEST,requirements/fiber-gis-odn/FR-2945-couplers-test.md,365
2946,FR-2946,Fiber GIS / ODN,Couplers,EVENT,requirements/fiber-gis-odn/FR-2946-couplers-event.md,366
2947,FR-2947,Fiber GIS / ODN,Couplers,OPERATIONS,requirements/fiber-gis-odn/FR-2947-couplers-operations.md,358
2948,FR-2948,Fiber GIS / ODN,10:90 Coupler,UI,requirements/fiber-gis-odn/FR-2948-10-90-coupler-ui.md,397
2949,FR-2949,Fiber GIS / ODN,10:90 Coupler,BACKEND,requirements/fiber-gis-odn/FR-2949-10-90-coupler-backend.md,376
2950,FR-2950,Fiber GIS / ODN,10:90 Coupler,API,requirements/fiber-gis-odn/FR-2950-10-90-coupler-api.md,375
2951,FR-2951,Fiber GIS / ODN,10:90 Coupler,SECURITY,requirements/fiber-gis-odn/FR-2951-10-90-coupler-security.md,380
2952,FR-2952,Fiber GIS / ODN,10:90 Coupler,TEST,requirements/fiber-gis-odn/FR-2952-10-90-coupler-test.md,368
2953,FR-2953,Fiber GIS / ODN,10:90 Coupler,EVENT,requirements/fiber-gis-odn/FR-2953-10-90-coupler-event.md,369
2954,FR-2954,Fiber GIS / ODN,10:90 Coupler,OPERATIONS,requirements/fiber-gis-odn/FR-2954-10-90-coupler-operations.md,361
2955,FR-2955,Fiber GIS / ODN,20:80 Coupler,UI,requirements/fiber-gis-odn/FR-2955-20-80-coupler-ui.md,397
2956,FR-2956,Fiber GIS / ODN,20:80 Coupler,BACKEND,requirements/fiber-gis-odn/FR-2956-20-80-coupler-backend.md,376
2957,FR-2957,Fiber GIS / ODN,20:80 Coupler,API,requirements/fiber-gis-odn/FR-2957-20-80-coupler-api.md,375
2958,FR-2958,Fiber GIS / ODN,20:80 Coupler,SECURITY,requirements/fiber-gis-odn/FR-2958-20-80-coupler-security.md,380
2959,FR-2959,Fiber GIS / ODN,20:80 Coupler,TEST,requirements/fiber-gis-odn/FR-2959-20-80-coupler-test.md,368
2960,FR-2960,Fiber GIS / ODN,20:80 Coupler,EVENT,requirements/fiber-gis-odn/FR-2960-20-80-coupler-event.md,369
2961,FR-2961,Fiber GIS / ODN,20:80 Coupler,OPERATIONS,requirements/fiber-gis-odn/FR-2961-20-80-coupler-operations.md,361
2962,FR-2962,Fiber GIS / ODN,30:70 Coupler,UI,requirements/fiber-gis-odn/FR-2962-30-70-coupler-ui.md,397
2963,FR-2963,Fiber GIS / ODN,30:70 Coupler,BACKEND,requirements/fiber-gis-odn/FR-2963-30-70-coupler-backend.md,376
2964,FR-2964,Fiber GIS / ODN,30:70 Coupler,API,requirements/fiber-gis-odn/FR-2964-30-70-coupler-api.md,375
2965,FR-2965,Fiber GIS / ODN,30:70 Coupler,SECURITY,requirements/fiber-gis-odn/FR-2965-30-70-coupler-security.md,380
2966,FR-2966,Fiber GIS / ODN,30:70 Coupler,TEST,requirements/fiber-gis-odn/FR-2966-30-70-coupler-test.md,368
2967,FR-2967,Fiber GIS / ODN,30:70 Coupler,EVENT,requirements/fiber-gis-odn/FR-2967-30-70-coupler-event.md,369
2968,FR-2968,Fiber GIS / ODN,30:70 Coupler,OPERATIONS,requirements/fiber-gis-odn/FR-2968-30-70-coupler-operations.md,361
2969,FR-2969,Fiber GIS / ODN,50:50 Splitter,UI,requirements/fiber-gis-odn/FR-2969-50-50-splitter-ui.md,397
2970,FR-2970,Fiber GIS / ODN,50:50 Splitter,BACKEND,requirements/fiber-gis-odn/FR-2970-50-50-splitter-backend.md,376
2971,FR-2971,Fiber GIS / ODN,50:50 Splitter,API,requirements/fiber-gis-odn/FR-2971-50-50-splitter-api.md,375
2972,FR-2972,Fiber GIS / ODN,50:50 Splitter,SECURITY,requirements/fiber-gis-odn/FR-2972-50-50-splitter-security.md,380
2973,FR-2973,Fiber GIS / ODN,50:50 Splitter,TEST,requirements/fiber-gis-odn/FR-2973-50-50-splitter-test.md,368
2974,FR-2974,Fiber GIS / ODN,50:50 Splitter,EVENT,requirements/fiber-gis-odn/FR-2974-50-50-splitter-event.md,369
2975,FR-2975,Fiber GIS / ODN,50:50 Splitter,OPERATIONS,requirements/fiber-gis-odn/FR-2975-50-50-splitter-operations.md,361
2976,FR-2976,Fiber GIS / ODN,1x2 Splitter,UI,requirements/fiber-gis-odn/FR-2976-1x2-splitter-ui.md,397
2977,FR-2977,Fiber GIS / ODN,1x2 Splitter,BACKEND,requirements/fiber-gis-odn/FR-2977-1x2-splitter-backend.md,376
2978,FR-2978,Fiber GIS / ODN,1x2 Splitter,API,requirements/fiber-gis-odn/FR-2978-1x2-splitter-api.md,375
2979,FR-2979,Fiber GIS / ODN,1x2 Splitter,SECURITY,requirements/fiber-gis-odn/FR-2979-1x2-splitter-security.md,380
2980,FR-2980,Fiber GIS / ODN,1x2 Splitter,TEST,requirements/fiber-gis-odn/FR-2980-1x2-splitter-test.md,368
2981,FR-2981,Fiber GIS / ODN,1x2 Splitter,EVENT,requirements/fiber-gis-odn/FR-2981-1x2-splitter-event.md,369
2982,FR-2982,Fiber GIS / ODN,1x2 Splitter,OPERATIONS,requirements/fiber-gis-odn/FR-2982-1x2-splitter-operations.md,361
2983,FR-2983,Fiber GIS / ODN,1x4 Splitter,UI,requirements/fiber-gis-odn/FR-2983-1x4-splitter-ui.md,397
2984,FR-2984,Fiber GIS / ODN,1x4 Splitter,BACKEND,requirements/fiber-gis-odn/FR-2984-1x4-splitter-backend.md,376
2985,FR-2985,Fiber GIS / ODN,1x4 Splitter,API,requirements/fiber-gis-odn/FR-2985-1x4-splitter-api.md,375
2986,FR-2986,Fiber GIS / ODN,1x4 Splitter,SECURITY,requirements/fiber-gis-odn/FR-2986-1x4-splitter-security.md,380
2987,FR-2987,Fiber GIS / ODN,1x4 Splitter,TEST,requirements/fiber-gis-odn/FR-2987-1x4-splitter-test.md,368
2988,FR-2988,Fiber GIS / ODN,1x4 Splitter,EVENT,requirements/fiber-gis-odn/FR-2988-1x4-splitter-event.md,369
2989,FR-2989,Fiber GIS / ODN,1x4 Splitter,OPERATIONS,requirements/fiber-gis-odn/FR-2989-1x4-splitter-operations.md,361
2990,FR-2990,Fiber GIS / ODN,1x8 Splitter,UI,requirements/fiber-gis-odn/FR-2990-1x8-splitter-ui.md,397
2991,FR-2991,Fiber GIS / ODN,1x8 Splitter,BACKEND,requirements/fiber-gis-odn/FR-2991-1x8-splitter-backend.md,376
2992,FR-2992,Fiber GIS / ODN,1x8 Splitter,API,requirements/fiber-gis-odn/FR-2992-1x8-splitter-api.md,375
2993,FR-2993,Fiber GIS / ODN,1x8 Splitter,SECURITY,requirements/fiber-gis-odn/FR-2993-1x8-splitter-security.md,380
2994,FR-2994,Fiber GIS / ODN,1x8 Splitter,TEST,requirements/fiber-gis-odn/FR-2994-1x8-splitter-test.md,368
2995,FR-2995,Fiber GIS / ODN,1x8 Splitter,EVENT,requirements/fiber-gis-odn/FR-2995-1x8-splitter-event.md,369
2996,FR-2996,Fiber GIS / ODN,1x8 Splitter,OPERATIONS,requirements/fiber-gis-odn/FR-2996-1x8-splitter-operations.md,361
2997,FR-2997,Fiber GIS / ODN,1x16 Splitter,UI,requirements/fiber-gis-odn/FR-2997-1x16-splitter-ui.md,397
2998,FR-2998,Fiber GIS / ODN,1x16 Splitter,BACKEND,requirements/fiber-gis-odn/FR-2998-1x16-splitter-backend.md,376
2999,FR-2999,Fiber GIS / ODN,1x16 Splitter,API,requirements/fiber-gis-odn/FR-2999-1x16-splitter-api.md,375
3000,FR-3000,Fiber GIS / ODN,1x16 Splitter,SECURITY,requirements/fiber-gis-odn/FR-3000-1x16-splitter-security.md,380
3001,FR-3001,Fiber GIS / ODN,1x16 Splitter,TEST,requirements/fiber-gis-odn/FR-3001-1x16-splitter-test.md,368
3002,FR-3002,Fiber GIS / ODN,1x16 Splitter,EVENT,requirements/fiber-gis-odn/FR-3002-1x16-splitter-event.md,369
3003,FR-3003,Fiber GIS / ODN,1x16 Splitter,OPERATIONS,requirements/fiber-gis-odn/FR-3003-1x16-splitter-operations.md,361
3004,FR-3004,Fiber GIS / ODN,1x32 Splitter,UI,requirements/fiber-gis-odn/FR-3004-1x32-splitter-ui.md,397
3005,FR-3005,Fiber GIS / ODN,1x32 Splitter,BACKEND,requirements/fiber-gis-odn/FR-3005-1x32-splitter-backend.md,376
3006,FR-3006,Fiber GIS / ODN,1x32 Splitter,API,requirements/fiber-gis-odn/FR-3006-1x32-splitter-api.md,375
3007,FR-3007,Fiber GIS / ODN,1x32 Splitter,SECURITY,requirements/fiber-gis-odn/FR-3007-1x32-splitter-security.md,380
3008,FR-3008,Fiber GIS / ODN,1x32 Splitter,TEST,requirements/fiber-gis-odn/FR-3008-1x32-splitter-test.md,368
3009,FR-3009,Fiber GIS / ODN,1x32 Splitter,EVENT,requirements/fiber-gis-odn/FR-3009-1x32-splitter-event.md,369
3010,FR-3010,Fiber GIS / ODN,1x32 Splitter,OPERATIONS,requirements/fiber-gis-odn/FR-3010-1x32-splitter-operations.md,361
3011,FR-3011,Fiber GIS / ODN,1x64 Splitter,UI,requirements/fiber-gis-odn/FR-3011-1x64-splitter-ui.md,397
3012,FR-3012,Fiber GIS / ODN,1x64 Splitter,BACKEND,requirements/fiber-gis-odn/FR-3012-1x64-splitter-backend.md,376
3013,FR-3013,Fiber GIS / ODN,1x64 Splitter,API,requirements/fiber-gis-odn/FR-3013-1x64-splitter-api.md,375
3014,FR-3014,Fiber GIS / ODN,1x64 Splitter,SECURITY,requirements/fiber-gis-odn/FR-3014-1x64-splitter-security.md,380
3015,FR-3015,Fiber GIS / ODN,1x64 Splitter,TEST,requirements/fiber-gis-odn/FR-3015-1x64-splitter-test.md,368
3016,FR-3016,Fiber GIS / ODN,1x64 Splitter,EVENT,requirements/fiber-gis-odn/FR-3016-1x64-splitter-event.md,369
3017,FR-3017,Fiber GIS / ODN,1x64 Splitter,OPERATIONS,requirements/fiber-gis-odn/FR-3017-1x64-splitter-operations.md,361
3018,FR-3018,Fiber GIS / ODN,Custom Splitter,UI,requirements/fiber-gis-odn/FR-3018-custom-splitter-ui.md,397
3019,FR-3019,Fiber GIS / ODN,Custom Splitter,BACKEND,requirements/fiber-gis-odn/FR-3019-custom-splitter-backend.md,376
3020,FR-3020,Fiber GIS / ODN,Custom Splitter,API,requirements/fiber-gis-odn/FR-3020-custom-splitter-api.md,375
3021,FR-3021,Fiber GIS / ODN,Custom Splitter,SECURITY,requirements/fiber-gis-odn/FR-3021-custom-splitter-security.md,380
3022,FR-3022,Fiber GIS / ODN,Custom Splitter,TEST,requirements/fiber-gis-odn/FR-3022-custom-splitter-test.md,368
3023,FR-3023,Fiber GIS / ODN,Custom Splitter,EVENT,requirements/fiber-gis-odn/FR-3023-custom-splitter-event.md,369
3024,FR-3024,Fiber GIS / ODN,Custom Splitter,OPERATIONS,requirements/fiber-gis-odn/FR-3024-custom-splitter-operations.md,361
3025,FR-3025,Fiber GIS / ODN,Drop Cables,UI,requirements/fiber-gis-odn/FR-3025-drop-cables-ui.md,397
3026,FR-3026,Fiber GIS / ODN,Drop Cables,BACKEND,requirements/fiber-gis-odn/FR-3026-drop-cables-backend.md,376
3027,FR-3027,Fiber GIS / ODN,Drop Cables,API,requirements/fiber-gis-odn/FR-3027-drop-cables-api.md,375
3028,FR-3028,Fiber GIS / ODN,Drop Cables,SECURITY,requirements/fiber-gis-odn/FR-3028-drop-cables-security.md,380
3029,FR-3029,Fiber GIS / ODN,Drop Cables,TEST,requirements/fiber-gis-odn/FR-3029-drop-cables-test.md,368
3030,FR-3030,Fiber GIS / ODN,Drop Cables,EVENT,requirements/fiber-gis-odn/FR-3030-drop-cables-event.md,369
3031,FR-3031,Fiber GIS / ODN,Drop Cables,OPERATIONS,requirements/fiber-gis-odn/FR-3031-drop-cables-operations.md,361
3032,FR-3032,Fiber GIS / ODN,ONU Mapping,UI,requirements/fiber-gis-odn/FR-3032-onu-mapping-ui.md,397
3033,FR-3033,Fiber GIS / ODN,ONU Mapping,BACKEND,requirements/fiber-gis-odn/FR-3033-onu-mapping-backend.md,376
3034,FR-3034,Fiber GIS / ODN,ONU Mapping,API,requirements/fiber-gis-odn/FR-3034-onu-mapping-api.md,375
3035,FR-3035,Fiber GIS / ODN,ONU Mapping,SECURITY,requirements/fiber-gis-odn/FR-3035-onu-mapping-security.md,380
3036,FR-3036,Fiber GIS / ODN,ONU Mapping,TEST,requirements/fiber-gis-odn/FR-3036-onu-mapping-test.md,368
3037,FR-3037,Fiber GIS / ODN,ONU Mapping,EVENT,requirements/fiber-gis-odn/FR-3037-onu-mapping-event.md,369
3038,FR-3038,Fiber GIS / ODN,ONU Mapping,OPERATIONS,requirements/fiber-gis-odn/FR-3038-onu-mapping-operations.md,361
3039,FR-3039,Fiber GIS / ODN,PON Root Trace,UI,requirements/fiber-gis-odn/FR-3039-pon-root-trace-ui.md,401
3040,FR-3040,Fiber GIS / ODN,PON Root Trace,BACKEND,requirements/fiber-gis-odn/FR-3040-pon-root-trace-backend.md,379
3041,FR-3041,Fiber GIS / ODN,PON Root Trace,API,requirements/fiber-gis-odn/FR-3041-pon-root-trace-api.md,378
3042,FR-3042,Fiber GIS / ODN,PON Root Trace,SECURITY,requirements/fiber-gis-odn/FR-3042-pon-root-trace-security.md,383
3043,FR-3043,Fiber GIS / ODN,PON Root Trace,TEST,requirements/fiber-gis-odn/FR-3043-pon-root-trace-test.md,371
3044,FR-3044,Fiber GIS / ODN,PON Root Trace,EVENT,requirements/fiber-gis-odn/FR-3044-pon-root-trace-event.md,372
3045,FR-3045,Fiber GIS / ODN,PON Root Trace,OPERATIONS,requirements/fiber-gis-odn/FR-3045-pon-root-trace-operations.md,364
3046,FR-3046,Fiber GIS / ODN,ONU to OLT Trace,UI,requirements/fiber-gis-odn/FR-3046-onu-to-olt-trace-ui.md,405
3047,FR-3047,Fiber GIS / ODN,ONU to OLT Trace,BACKEND,requirements/fiber-gis-odn/FR-3047-onu-to-olt-trace-backend.md,382
3048,FR-3048,Fiber GIS / ODN,ONU to OLT Trace,API,requirements/fiber-gis-odn/FR-3048-onu-to-olt-trace-api.md,381
3049,FR-3049,Fiber GIS / ODN,ONU to OLT Trace,SECURITY,requirements/fiber-gis-odn/FR-3049-onu-to-olt-trace-security.md,386
3050,FR-3050,Fiber GIS / ODN,ONU to OLT Trace,TEST,requirements/fiber-gis-odn/FR-3050-onu-to-olt-trace-test.md,374
3051,FR-3051,Fiber GIS / ODN,ONU to OLT Trace,EVENT,requirements/fiber-gis-odn/FR-3051-onu-to-olt-trace-event.md,375
3052,FR-3052,Fiber GIS / ODN,ONU to OLT Trace,OPERATIONS,requirements/fiber-gis-odn/FR-3052-onu-to-olt-trace-operations.md,367
3053,FR-3053,Fiber GIS / ODN,OLT to ONU Tree,UI,requirements/fiber-gis-odn/FR-3053-olt-to-onu-tree-ui.md,405
3054,FR-3054,Fiber GIS / ODN,OLT to ONU Tree,BACKEND,requirements/fiber-gis-odn/FR-3054-olt-to-onu-tree-backend.md,382
3055,FR-3055,Fiber GIS / ODN,OLT to ONU Tree,API,requirements/fiber-gis-odn/FR-3055-olt-to-onu-tree-api.md,381
3056,FR-3056,Fiber GIS / ODN,OLT to ONU Tree,SECURITY,requirements/fiber-gis-odn/FR-3056-olt-to-onu-tree-security.md,386
3057,FR-3057,Fiber GIS / ODN,OLT to ONU Tree,TEST,requirements/fiber-gis-odn/FR-3057-olt-to-onu-tree-test.md,374
3058,FR-3058,Fiber GIS / ODN,OLT to ONU Tree,EVENT,requirements/fiber-gis-odn/FR-3058-olt-to-onu-tree-event.md,375
3059,FR-3059,Fiber GIS / ODN,OLT to ONU Tree,OPERATIONS,requirements/fiber-gis-odn/FR-3059-olt-to-onu-tree-operations.md,367
3060,FR-3060,Fiber GIS / ODN,Core Trace,UI,requirements/fiber-gis-odn/FR-3060-core-trace-ui.md,397
3061,FR-3061,Fiber GIS / ODN,Core Trace,BACKEND,requirements/fiber-gis-odn/FR-3061-core-trace-backend.md,376
3062,FR-3062,Fiber GIS / ODN,Core Trace,API,requirements/fiber-gis-odn/FR-3062-core-trace-api.md,375
3063,FR-3063,Fiber GIS / ODN,Core Trace,SECURITY,requirements/fiber-gis-odn/FR-3063-core-trace-security.md,380
3064,FR-3064,Fiber GIS / ODN,Core Trace,TEST,requirements/fiber-gis-odn/FR-3064-core-trace-test.md,368
3065,FR-3065,Fiber GIS / ODN,Core Trace,EVENT,requirements/fiber-gis-odn/FR-3065-core-trace-event.md,369
3066,FR-3066,Fiber GIS / ODN,Core Trace,OPERATIONS,requirements/fiber-gis-odn/FR-3066-core-trace-operations.md,361
3067,FR-3067,Fiber GIS / ODN,Closure Trace,UI,requirements/fiber-gis-odn/FR-3067-closure-trace-ui.md,397
3068,FR-3068,Fiber GIS / ODN,Closure Trace,BACKEND,requirements/fiber-gis-odn/FR-3068-closure-trace-backend.md,376
3069,FR-3069,Fiber GIS / ODN,Closure Trace,API,requirements/fiber-gis-odn/FR-3069-closure-trace-api.md,375
3070,FR-3070,Fiber GIS / ODN,Closure Trace,SECURITY,requirements/fiber-gis-odn/FR-3070-closure-trace-security.md,380
3071,FR-3071,Fiber GIS / ODN,Closure Trace,TEST,requirements/fiber-gis-odn/FR-3071-closure-trace-test.md,368
3072,FR-3072,Fiber GIS / ODN,Closure Trace,EVENT,requirements/fiber-gis-odn/FR-3072-closure-trace-event.md,369
3073,FR-3073,Fiber GIS / ODN,Closure Trace,OPERATIONS,requirements/fiber-gis-odn/FR-3073-closure-trace-operations.md,361
3074,FR-3074,Fiber GIS / ODN,Fiber Reservations,UI,requirements/fiber-gis-odn/FR-3074-fiber-reservations-ui.md,397
3075,FR-3075,Fiber GIS / ODN,Fiber Reservations,BACKEND,requirements/fiber-gis-odn/FR-3075-fiber-reservations-backend.md,376
3076,FR-3076,Fiber GIS / ODN,Fiber Reservations,API,requirements/fiber-gis-odn/FR-3076-fiber-reservations-api.md,375
3077,FR-3077,Fiber GIS / ODN,Fiber Reservations,SECURITY,requirements/fiber-gis-odn/FR-3077-fiber-reservations-security.md,380
3078,FR-3078,Fiber GIS / ODN,Fiber Reservations,TEST,requirements/fiber-gis-odn/FR-3078-fiber-reservations-test.md,368
3079,FR-3079,Fiber GIS / ODN,Fiber Reservations,EVENT,requirements/fiber-gis-odn/FR-3079-fiber-reservations-event.md,369
3080,FR-3080,Fiber GIS / ODN,Fiber Reservations,OPERATIONS,requirements/fiber-gis-odn/FR-3080-fiber-reservations-operations.md,361
3081,FR-3081,Fiber GIS / ODN,Damaged Core,UI,requirements/fiber-gis-odn/FR-3081-damaged-core-ui.md,397
3082,FR-3082,Fiber GIS / ODN,Damaged Core,BACKEND,requirements/fiber-gis-odn/FR-3082-damaged-core-backend.md,376
3083,FR-3083,Fiber GIS / ODN,Damaged Core,API,requirements/fiber-gis-odn/FR-3083-damaged-core-api.md,375
3084,FR-3084,Fiber GIS / ODN,Damaged Core,SECURITY,requirements/fiber-gis-odn/FR-3084-damaged-core-security.md,380
3085,FR-3085,Fiber GIS / ODN,Damaged Core,TEST,requirements/fiber-gis-odn/FR-3085-damaged-core-test.md,368
3086,FR-3086,Fiber GIS / ODN,Damaged Core,EVENT,requirements/fiber-gis-odn/FR-3086-damaged-core-event.md,369
3087,FR-3087,Fiber GIS / ODN,Damaged Core,OPERATIONS,requirements/fiber-gis-odn/FR-3087-damaged-core-operations.md,361
3088,FR-3088,Fiber GIS / ODN,Blue-to-Red Reroute,UI,requirements/fiber-gis-odn/FR-3088-blue-to-red-reroute-ui.md,397
3089,FR-3089,Fiber GIS / ODN,Blue-to-Red Reroute,BACKEND,requirements/fiber-gis-odn/FR-3089-blue-to-red-reroute-backend.md,376
3090,FR-3090,Fiber GIS / ODN,Blue-to-Red Reroute,API,requirements/fiber-gis-odn/FR-3090-blue-to-red-reroute-api.md,375
3091,FR-3091,Fiber GIS / ODN,Blue-to-Red Reroute,SECURITY,requirements/fiber-gis-odn/FR-3091-blue-to-red-reroute-security.md,380
3092,FR-3092,Fiber GIS / ODN,Blue-to-Red Reroute,TEST,requirements/fiber-gis-odn/FR-3092-blue-to-red-reroute-test.md,368
3093,FR-3093,Fiber GIS / ODN,Blue-to-Red Reroute,EVENT,requirements/fiber-gis-odn/FR-3093-blue-to-red-reroute-event.md,369
3094,FR-3094,Fiber GIS / ODN,Blue-to-Red Reroute,OPERATIONS,requirements/fiber-gis-odn/FR-3094-blue-to-red-reroute-operations.md,361
3095,FR-3095,Fiber GIS / ODN,Bypass Preview,UI,requirements/fiber-gis-odn/FR-3095-bypass-preview-ui.md,397
3096,FR-3096,Fiber GIS / ODN,Bypass Preview,BACKEND,requirements/fiber-gis-odn/FR-3096-bypass-preview-backend.md,376
3097,FR-3097,Fiber GIS / ODN,Bypass Preview,API,requirements/fiber-gis-odn/FR-3097-bypass-preview-api.md,375
3098,FR-3098,Fiber GIS / ODN,Bypass Preview,SECURITY,requirements/fiber-gis-odn/FR-3098-bypass-preview-security.md,380
3099,FR-3099,Fiber GIS / ODN,Bypass Preview,TEST,requirements/fiber-gis-odn/FR-3099-bypass-preview-test.md,368
3100,FR-3100,Fiber GIS / ODN,Bypass Preview,EVENT,requirements/fiber-gis-odn/FR-3100-bypass-preview-event.md,369
3101,FR-3101,Fiber GIS / ODN,Bypass Preview,OPERATIONS,requirements/fiber-gis-odn/FR-3101-bypass-preview-operations.md,361
3102,FR-3102,Fiber GIS / ODN,Optical Budget,UI,requirements/fiber-gis-odn/FR-3102-optical-budget-ui.md,397
3103,FR-3103,Fiber GIS / ODN,Optical Budget,BACKEND,requirements/fiber-gis-odn/FR-3103-optical-budget-backend.md,376
3104,FR-3104,Fiber GIS / ODN,Optical Budget,API,requirements/fiber-gis-odn/FR-3104-optical-budget-api.md,375
3105,FR-3105,Fiber GIS / ODN,Optical Budget,SECURITY,requirements/fiber-gis-odn/FR-3105-optical-budget-security.md,380
3106,FR-3106,Fiber GIS / ODN,Optical Budget,TEST,requirements/fiber-gis-odn/FR-3106-optical-budget-test.md,368
3107,FR-3107,Fiber GIS / ODN,Optical Budget,EVENT,requirements/fiber-gis-odn/FR-3107-optical-budget-event.md,369
3108,FR-3108,Fiber GIS / ODN,Optical Budget,OPERATIONS,requirements/fiber-gis-odn/FR-3108-optical-budget-operations.md,361
3109,FR-3109,Fiber GIS / ODN,Downstream Budget,UI,requirements/fiber-gis-odn/FR-3109-downstream-budget-ui.md,397
3110,FR-3110,Fiber GIS / ODN,Downstream Budget,BACKEND,requirements/fiber-gis-odn/FR-3110-downstream-budget-backend.md,376
3111,FR-3111,Fiber GIS / ODN,Downstream Budget,API,requirements/fiber-gis-odn/FR-3111-downstream-budget-api.md,375
3112,FR-3112,Fiber GIS / ODN,Downstream Budget,SECURITY,requirements/fiber-gis-odn/FR-3112-downstream-budget-security.md,380
3113,FR-3113,Fiber GIS / ODN,Downstream Budget,TEST,requirements/fiber-gis-odn/FR-3113-downstream-budget-test.md,368
3114,FR-3114,Fiber GIS / ODN,Downstream Budget,EVENT,requirements/fiber-gis-odn/FR-3114-downstream-budget-event.md,369
3115,FR-3115,Fiber GIS / ODN,Downstream Budget,OPERATIONS,requirements/fiber-gis-odn/FR-3115-downstream-budget-operations.md,361
3116,FR-3116,Fiber GIS / ODN,Upstream Budget,UI,requirements/fiber-gis-odn/FR-3116-upstream-budget-ui.md,397
3117,FR-3117,Fiber GIS / ODN,Upstream Budget,BACKEND,requirements/fiber-gis-odn/FR-3117-upstream-budget-backend.md,376
3118,FR-3118,Fiber GIS / ODN,Upstream Budget,API,requirements/fiber-gis-odn/FR-3118-upstream-budget-api.md,375
3119,FR-3119,Fiber GIS / ODN,Upstream Budget,SECURITY,requirements/fiber-gis-odn/FR-3119-upstream-budget-security.md,380
3120,FR-3120,Fiber GIS / ODN,Upstream Budget,TEST,requirements/fiber-gis-odn/FR-3120-upstream-budget-test.md,368
3121,FR-3121,Fiber GIS / ODN,Upstream Budget,EVENT,requirements/fiber-gis-odn/FR-3121-upstream-budget-event.md,369
3122,FR-3122,Fiber GIS / ODN,Upstream Budget,OPERATIONS,requirements/fiber-gis-odn/FR-3122-upstream-budget-operations.md,361
3123,FR-3123,Fiber GIS / ODN,Loss Ledger,UI,requirements/fiber-gis-odn/FR-3123-loss-ledger-ui.md,397
3124,FR-3124,Fiber GIS / ODN,Loss Ledger,BACKEND,requirements/fiber-gis-odn/FR-3124-loss-ledger-backend.md,376
3125,FR-3125,Fiber GIS / ODN,Loss Ledger,API,requirements/fiber-gis-odn/FR-3125-loss-ledger-api.md,375
3126,FR-3126,Fiber GIS / ODN,Loss Ledger,SECURITY,requirements/fiber-gis-odn/FR-3126-loss-ledger-security.md,380
3127,FR-3127,Fiber GIS / ODN,Loss Ledger,TEST,requirements/fiber-gis-odn/FR-3127-loss-ledger-test.md,368
3128,FR-3128,Fiber GIS / ODN,Loss Ledger,EVENT,requirements/fiber-gis-odn/FR-3128-loss-ledger-event.md,369
3129,FR-3129,Fiber GIS / ODN,Loss Ledger,OPERATIONS,requirements/fiber-gis-odn/FR-3129-loss-ledger-operations.md,361
3130,FR-3130,Fiber GIS / ODN,Engineering Margin,UI,requirements/fiber-gis-odn/FR-3130-engineering-margin-ui.md,397
3131,FR-3131,Fiber GIS / ODN,Engineering Margin,BACKEND,requirements/fiber-gis-odn/FR-3131-engineering-margin-backend.md,376
3132,FR-3132,Fiber GIS / ODN,Engineering Margin,API,requirements/fiber-gis-odn/FR-3132-engineering-margin-api.md,375
3133,FR-3133,Fiber GIS / ODN,Engineering Margin,SECURITY,requirements/fiber-gis-odn/FR-3133-engineering-margin-security.md,380
3134,FR-3134,Fiber GIS / ODN,Engineering Margin,TEST,requirements/fiber-gis-odn/FR-3134-engineering-margin-test.md,368
3135,FR-3135,Fiber GIS / ODN,Engineering Margin,EVENT,requirements/fiber-gis-odn/FR-3135-engineering-margin-event.md,369
3136,FR-3136,Fiber GIS / ODN,Engineering Margin,OPERATIONS,requirements/fiber-gis-odn/FR-3136-engineering-margin-operations.md,361
3137,FR-3137,Fiber GIS / ODN,Overload Check,UI,requirements/fiber-gis-odn/FR-3137-overload-check-ui.md,397
3138,FR-3138,Fiber GIS / ODN,Overload Check,BACKEND,requirements/fiber-gis-odn/FR-3138-overload-check-backend.md,376
3139,FR-3139,Fiber GIS / ODN,Overload Check,API,requirements/fiber-gis-odn/FR-3139-overload-check-api.md,375
3140,FR-3140,Fiber GIS / ODN,Overload Check,SECURITY,requirements/fiber-gis-odn/FR-3140-overload-check-security.md,380
3141,FR-3141,Fiber GIS / ODN,Overload Check,TEST,requirements/fiber-gis-odn/FR-3141-overload-check-test.md,368
3142,FR-3142,Fiber GIS / ODN,Overload Check,EVENT,requirements/fiber-gis-odn/FR-3142-overload-check-event.md,369
3143,FR-3143,Fiber GIS / ODN,Overload Check,OPERATIONS,requirements/fiber-gis-odn/FR-3143-overload-check-operations.md,361
3144,FR-3144,Fiber GIS / ODN,Reach Check,UI,requirements/fiber-gis-odn/FR-3144-reach-check-ui.md,397
3145,FR-3145,Fiber GIS / ODN,Reach Check,BACKEND,requirements/fiber-gis-odn/FR-3145-reach-check-backend.md,376
3146,FR-3146,Fiber GIS / ODN,Reach Check,API,requirements/fiber-gis-odn/FR-3146-reach-check-api.md,375
3147,FR-3147,Fiber GIS / ODN,Reach Check,SECURITY,requirements/fiber-gis-odn/FR-3147-reach-check-security.md,380
3148,FR-3148,Fiber GIS / ODN,Reach Check,TEST,requirements/fiber-gis-odn/FR-3148-reach-check-test.md,368
3149,FR-3149,Fiber GIS / ODN,Reach Check,EVENT,requirements/fiber-gis-odn/FR-3149-reach-check-event.md,369
3150,FR-3150,Fiber GIS / ODN,Reach Check,OPERATIONS,requirements/fiber-gis-odn/FR-3150-reach-check-operations.md,361
3151,FR-3151,Fiber GIS / ODN,ONU Count Check,UI,requirements/fiber-gis-odn/FR-3151-onu-count-check-ui.md,401
3152,FR-3152,Fiber GIS / ODN,ONU Count Check,BACKEND,requirements/fiber-gis-odn/FR-3152-onu-count-check-backend.md,379
3153,FR-3153,Fiber GIS / ODN,ONU Count Check,API,requirements/fiber-gis-odn/FR-3153-onu-count-check-api.md,378
3154,FR-3154,Fiber GIS / ODN,ONU Count Check,SECURITY,requirements/fiber-gis-odn/FR-3154-onu-count-check-security.md,383
3155,FR-3155,Fiber GIS / ODN,ONU Count Check,TEST,requirements/fiber-gis-odn/FR-3155-onu-count-check-test.md,371
3156,FR-3156,Fiber GIS / ODN,ONU Count Check,EVENT,requirements/fiber-gis-odn/FR-3156-onu-count-check-event.md,372
3157,FR-3157,Fiber GIS / ODN,ONU Count Check,OPERATIONS,requirements/fiber-gis-odn/FR-3157-onu-count-check-operations.md,364
3158,FR-3158,Fiber GIS / ODN,Documentation Completeness,UI,requirements/fiber-gis-odn/FR-3158-documentation-completeness-ui.md,397
3159,FR-3159,Fiber GIS / ODN,Documentation Completeness,BACKEND,requirements/fiber-gis-odn/FR-3159-documentation-completeness-backend.md,376
3160,FR-3160,Fiber GIS / ODN,Documentation Completeness,API,requirements/fiber-gis-odn/FR-3160-documentation-completeness-api.md,375
3161,FR-3161,Fiber GIS / ODN,Documentation Completeness,SECURITY,requirements/fiber-gis-odn/FR-3161-documentation-completeness-security.md,380
3162,FR-3162,Fiber GIS / ODN,Documentation Completeness,TEST,requirements/fiber-gis-odn/FR-3162-documentation-completeness-test.md,368
3163,FR-3163,Fiber GIS / ODN,Documentation Completeness,EVENT,requirements/fiber-gis-odn/FR-3163-documentation-completeness-event.md,369
3164,FR-3164,Fiber GIS / ODN,Documentation Completeness,OPERATIONS,requirements/fiber-gis-odn/FR-3164-documentation-completeness-operations.md,361
3165,FR-3165,Fiber GIS / ODN,As-built Revisions,UI,requirements/fiber-gis-odn/FR-3165-as-built-revisions-ui.md,397
3166,FR-3166,Fiber GIS / ODN,As-built Revisions,BACKEND,requirements/fiber-gis-odn/FR-3166-as-built-revisions-backend.md,376
3167,FR-3167,Fiber GIS / ODN,As-built Revisions,API,requirements/fiber-gis-odn/FR-3167-as-built-revisions-api.md,375
3168,FR-3168,Fiber GIS / ODN,As-built Revisions,SECURITY,requirements/fiber-gis-odn/FR-3168-as-built-revisions-security.md,380
3169,FR-3169,Fiber GIS / ODN,As-built Revisions,TEST,requirements/fiber-gis-odn/FR-3169-as-built-revisions-test.md,368
3170,FR-3170,Fiber GIS / ODN,As-built Revisions,EVENT,requirements/fiber-gis-odn/FR-3170-as-built-revisions-event.md,369
3171,FR-3171,Fiber GIS / ODN,As-built Revisions,OPERATIONS,requirements/fiber-gis-odn/FR-3171-as-built-revisions-operations.md,361
3172,FR-3172,Fiber GIS / ODN,Planned Revisions,UI,requirements/fiber-gis-odn/FR-3172-planned-revisions-ui.md,397
3173,FR-3173,Fiber GIS / ODN,Planned Revisions,BACKEND,requirements/fiber-gis-odn/FR-3173-planned-revisions-backend.md,376
3174,FR-3174,Fiber GIS / ODN,Planned Revisions,API,requirements/fiber-gis-odn/FR-3174-planned-revisions-api.md,375
3175,FR-3175,Fiber GIS / ODN,Planned Revisions,SECURITY,requirements/fiber-gis-odn/FR-3175-planned-revisions-security.md,380
3176,FR-3176,Fiber GIS / ODN,Planned Revisions,TEST,requirements/fiber-gis-odn/FR-3176-planned-revisions-test.md,368
3177,FR-3177,Fiber GIS / ODN,Planned Revisions,EVENT,requirements/fiber-gis-odn/FR-3177-planned-revisions-event.md,369
3178,FR-3178,Fiber GIS / ODN,Planned Revisions,OPERATIONS,requirements/fiber-gis-odn/FR-3178-planned-revisions-operations.md,361
3179,FR-3179,Fiber GIS / ODN,Observed State,UI,requirements/fiber-gis-odn/FR-3179-observed-state-ui.md,397
3180,FR-3180,Fiber GIS / ODN,Observed State,BACKEND,requirements/fiber-gis-odn/FR-3180-observed-state-backend.md,376
3181,FR-3181,Fiber GIS / ODN,Observed State,API,requirements/fiber-gis-odn/FR-3181-observed-state-api.md,375
3182,FR-3182,Fiber GIS / ODN,Observed State,SECURITY,requirements/fiber-gis-odn/FR-3182-observed-state-security.md,380
3183,FR-3183,Fiber GIS / ODN,Observed State,TEST,requirements/fiber-gis-odn/FR-3183-observed-state-test.md,368
3184,FR-3184,Fiber GIS / ODN,Observed State,EVENT,requirements/fiber-gis-odn/FR-3184-observed-state-event.md,369
3185,FR-3185,Fiber GIS / ODN,Observed State,OPERATIONS,requirements/fiber-gis-odn/FR-3185-observed-state-operations.md,361
3186,FR-3186,Fiber GIS / ODN,GeoJSON Export,UI,requirements/fiber-gis-odn/FR-3186-geojson-export-ui.md,397
3187,FR-3187,Fiber GIS / ODN,GeoJSON Export,BACKEND,requirements/fiber-gis-odn/FR-3187-geojson-export-backend.md,376
3188,FR-3188,Fiber GIS / ODN,GeoJSON Export,API,requirements/fiber-gis-odn/FR-3188-geojson-export-api.md,375
3189,FR-3189,Fiber GIS / ODN,GeoJSON Export,SECURITY,requirements/fiber-gis-odn/FR-3189-geojson-export-security.md,380
3190,FR-3190,Fiber GIS / ODN,GeoJSON Export,TEST,requirements/fiber-gis-odn/FR-3190-geojson-export-test.md,368
3191,FR-3191,Fiber GIS / ODN,GeoJSON Export,EVENT,requirements/fiber-gis-odn/FR-3191-geojson-export-event.md,369
3192,FR-3192,Fiber GIS / ODN,GeoJSON Export,OPERATIONS,requirements/fiber-gis-odn/FR-3192-geojson-export-operations.md,361
3193,FR-3193,Fiber GIS / ODN,Topology JSON Export,UI,requirements/fiber-gis-odn/FR-3193-topology-json-export-ui.md,401
3194,FR-3194,Fiber GIS / ODN,Topology JSON Export,BACKEND,requirements/fiber-gis-odn/FR-3194-topology-json-export-backend.md,379
3195,FR-3195,Fiber GIS / ODN,Topology JSON Export,API,requirements/fiber-gis-odn/FR-3195-topology-json-export-api.md,378
3196,FR-3196,Fiber GIS / ODN,Topology JSON Export,SECURITY,requirements/fiber-gis-odn/FR-3196-topology-json-export-security.md,383
3197,FR-3197,Fiber GIS / ODN,Topology JSON Export,TEST,requirements/fiber-gis-odn/FR-3197-topology-json-export-test.md,371
3198,FR-3198,Fiber GIS / ODN,Topology JSON Export,EVENT,requirements/fiber-gis-odn/FR-3198-topology-json-export-event.md,372
3199,FR-3199,Fiber GIS / ODN,Topology JSON Export,OPERATIONS,requirements/fiber-gis-odn/FR-3199-topology-json-export-operations.md,364
3200,FR-3200,Fiber GIS / ODN,Splice Schedule,UI,requirements/fiber-gis-odn/FR-3200-splice-schedule-ui.md,397
3201,FR-3201,Fiber GIS / ODN,Splice Schedule,BACKEND,requirements/fiber-gis-odn/FR-3201-splice-schedule-backend.md,376
3202,FR-3202,Fiber GIS / ODN,Splice Schedule,API,requirements/fiber-gis-odn/FR-3202-splice-schedule-api.md,375
3203,FR-3203,Fiber GIS / ODN,Splice Schedule,SECURITY,requirements/fiber-gis-odn/FR-3203-splice-schedule-security.md,380
3204,FR-3204,Fiber GIS / ODN,Splice Schedule,TEST,requirements/fiber-gis-odn/FR-3204-splice-schedule-test.md,368
3205,FR-3205,Fiber GIS / ODN,Splice Schedule,EVENT,requirements/fiber-gis-odn/FR-3205-splice-schedule-event.md,369
3206,FR-3206,Fiber GIS / ODN,Splice Schedule,OPERATIONS,requirements/fiber-gis-odn/FR-3206-splice-schedule-operations.md,361
3207,FR-3207,Fiber GIS / ODN,Fiber Utilization,UI,requirements/fiber-gis-odn/FR-3207-fiber-utilization-ui.md,397
3208,FR-3208,Fiber GIS / ODN,Fiber Utilization,BACKEND,requirements/fiber-gis-odn/FR-3208-fiber-utilization-backend.md,376
3209,FR-3209,Fiber GIS / ODN,Fiber Utilization,API,requirements/fiber-gis-odn/FR-3209-fiber-utilization-api.md,375
3210,FR-3210,Fiber GIS / ODN,Fiber Utilization,SECURITY,requirements/fiber-gis-odn/FR-3210-fiber-utilization-security.md,380
3211,FR-3211,Fiber GIS / ODN,Fiber Utilization,TEST,requirements/fiber-gis-odn/FR-3211-fiber-utilization-test.md,368
3212,FR-3212,Fiber GIS / ODN,Fiber Utilization,EVENT,requirements/fiber-gis-odn/FR-3212-fiber-utilization-event.md,369
3213,FR-3213,Fiber GIS / ODN,Fiber Utilization,OPERATIONS,requirements/fiber-gis-odn/FR-3213-fiber-utilization-operations.md,361
3214,FR-3214,Fiber GIS / ODN,Material Estimate,UI,requirements/fiber-gis-odn/FR-3214-material-estimate-ui.md,397
3215,FR-3215,Fiber GIS / ODN,Material Estimate,BACKEND,requirements/fiber-gis-odn/FR-3215-material-estimate-backend.md,376
3216,FR-3216,Fiber GIS / ODN,Material Estimate,API,requirements/fiber-gis-odn/FR-3216-material-estimate-api.md,375
3217,FR-3217,Fiber GIS / ODN,Material Estimate,SECURITY,requirements/fiber-gis-odn/FR-3217-material-estimate-security.md,380
3218,FR-3218,Fiber GIS / ODN,Material Estimate,TEST,requirements/fiber-gis-odn/FR-3218-material-estimate-test.md,368
3219,FR-3219,Fiber GIS / ODN,Material Estimate,EVENT,requirements/fiber-gis-odn/FR-3219-material-estimate-event.md,369
3220,FR-3220,Fiber GIS / ODN,Material Estimate,OPERATIONS,requirements/fiber-gis-odn/FR-3220-material-estimate-operations.md,361
3221,FR-3221,Fiber GIS / ODN,QR Asset Lookup,UI,requirements/fiber-gis-odn/FR-3221-qr-asset-lookup-ui.md,401
3222,FR-3222,Fiber GIS / ODN,QR Asset Lookup,BACKEND,requirements/fiber-gis-odn/FR-3222-qr-asset-lookup-backend.md,379
3223,FR-3223,Fiber GIS / ODN,QR Asset Lookup,API,requirements/fiber-gis-odn/FR-3223-qr-asset-lookup-api.md,378
3224,FR-3224,Fiber GIS / ODN,QR Asset Lookup,SECURITY,requirements/fiber-gis-odn/FR-3224-qr-asset-lookup-security.md,383
3225,FR-3225,Fiber GIS / ODN,QR Asset Lookup,TEST,requirements/fiber-gis-odn/FR-3225-qr-asset-lookup-test.md,371
3226,FR-3226,Fiber GIS / ODN,QR Asset Lookup,EVENT,requirements/fiber-gis-odn/FR-3226-qr-asset-lookup-event.md,372
3227,FR-3227,Fiber GIS / ODN,QR Asset Lookup,OPERATIONS,requirements/fiber-gis-odn/FR-3227-qr-asset-lookup-operations.md,364
3228,FR-3228,OTDR & Measurements,Measurement Dashboard,UI,requirements/otdr-measurements/FR-3228-measurement-dashboard-ui.md,393
3229,FR-3229,OTDR & Measurements,Measurement Dashboard,BACKEND,requirements/otdr-measurements/FR-3229-measurement-dashboard-backend.md,373
3230,FR-3230,OTDR & Measurements,Measurement Dashboard,API,requirements/otdr-measurements/FR-3230-measurement-dashboard-api.md,373
3231,FR-3231,OTDR & Measurements,Measurement Dashboard,SECURITY,requirements/otdr-measurements/FR-3231-measurement-dashboard-security.md,378
3232,FR-3232,OTDR & Measurements,Measurement Dashboard,TEST,requirements/otdr-measurements/FR-3232-measurement-dashboard-test.md,366
3233,FR-3233,OTDR & Measurements,Measurement Dashboard,EVENT,requirements/otdr-measurements/FR-3233-measurement-dashboard-event.md,367
3234,FR-3234,OTDR & Measurements,Measurement Dashboard,OPERATIONS,requirements/otdr-measurements/FR-3234-measurement-dashboard-operations.md,359
3235,FR-3235,OTDR & Measurements,Receive Power,UI,requirements/otdr-measurements/FR-3235-receive-power-ui.md,393
3236,FR-3236,OTDR & Measurements,Receive Power,BACKEND,requirements/otdr-measurements/FR-3236-receive-power-backend.md,373
3237,FR-3237,OTDR & Measurements,Receive Power,API,requirements/otdr-measurements/FR-3237-receive-power-api.md,373
3238,FR-3238,OTDR & Measurements,Receive Power,SECURITY,requirements/otdr-measurements/FR-3238-receive-power-security.md,378
3239,FR-3239,OTDR & Measurements,Receive Power,TEST,requirements/otdr-measurements/FR-3239-receive-power-test.md,366
3240,FR-3240,OTDR & Measurements,Receive Power,EVENT,requirements/otdr-measurements/FR-3240-receive-power-event.md,367
3241,FR-3241,OTDR & Measurements,Receive Power,OPERATIONS,requirements/otdr-measurements/FR-3241-receive-power-operations.md,359
3242,FR-3242,OTDR & Measurements,Insertion Loss,UI,requirements/otdr-measurements/FR-3242-insertion-loss-ui.md,393
3243,FR-3243,OTDR & Measurements,Insertion Loss,BACKEND,requirements/otdr-measurements/FR-3243-insertion-loss-backend.md,373
3244,FR-3244,OTDR & Measurements,Insertion Loss,API,requirements/otdr-measurements/FR-3244-insertion-loss-api.md,373
3245,FR-3245,OTDR & Measurements,Insertion Loss,SECURITY,requirements/otdr-measurements/FR-3245-insertion-loss-security.md,378
3246,FR-3246,OTDR & Measurements,Insertion Loss,TEST,requirements/otdr-measurements/FR-3246-insertion-loss-test.md,366
3247,FR-3247,OTDR & Measurements,Insertion Loss,EVENT,requirements/otdr-measurements/FR-3247-insertion-loss-event.md,367
3248,FR-3248,OTDR & Measurements,Insertion Loss,OPERATIONS,requirements/otdr-measurements/FR-3248-insertion-loss-operations.md,359
3249,FR-3249,OTDR & Measurements,OTDR Records,UI,requirements/otdr-measurements/FR-3249-otdr-records-ui.md,393
3250,FR-3250,OTDR & Measurements,OTDR Records,BACKEND,requirements/otdr-measurements/FR-3250-otdr-records-backend.md,373
3251,FR-3251,OTDR & Measurements,OTDR Records,API,requirements/otdr-measurements/FR-3251-otdr-records-api.md,373
3252,FR-3252,OTDR & Measurements,OTDR Records,SECURITY,requirements/otdr-measurements/FR-3252-otdr-records-security.md,378
3253,FR-3253,OTDR & Measurements,OTDR Records,TEST,requirements/otdr-measurements/FR-3253-otdr-records-test.md,366
3254,FR-3254,OTDR & Measurements,OTDR Records,EVENT,requirements/otdr-measurements/FR-3254-otdr-records-event.md,367
3255,FR-3255,OTDR & Measurements,OTDR Records,OPERATIONS,requirements/otdr-measurements/FR-3255-otdr-records-operations.md,359
3256,FR-3256,OTDR & Measurements,OTDR Attachments,UI,requirements/otdr-measurements/FR-3256-otdr-attachments-ui.md,393
3257,FR-3257,OTDR & Measurements,OTDR Attachments,BACKEND,requirements/otdr-measurements/FR-3257-otdr-attachments-backend.md,373
3258,FR-3258,OTDR & Measurements,OTDR Attachments,API,requirements/otdr-measurements/FR-3258-otdr-attachments-api.md,373
3259,FR-3259,OTDR & Measurements,OTDR Attachments,SECURITY,requirements/otdr-measurements/FR-3259-otdr-attachments-security.md,378
3260,FR-3260,OTDR & Measurements,OTDR Attachments,TEST,requirements/otdr-measurements/FR-3260-otdr-attachments-test.md,366
3261,FR-3261,OTDR & Measurements,OTDR Attachments,EVENT,requirements/otdr-measurements/FR-3261-otdr-attachments-event.md,367
3262,FR-3262,OTDR & Measurements,OTDR Attachments,OPERATIONS,requirements/otdr-measurements/FR-3262-otdr-attachments-operations.md,359
3263,FR-3263,OTDR & Measurements,OTDR Events,UI,requirements/otdr-measurements/FR-3263-otdr-events-ui.md,393
3264,FR-3264,OTDR & Measurements,OTDR Events,BACKEND,requirements/otdr-measurements/FR-3264-otdr-events-backend.md,373
3265,FR-3265,OTDR & Measurements,OTDR Events,API,requirements/otdr-measurements/FR-3265-otdr-events-api.md,373
3266,FR-3266,OTDR & Measurements,OTDR Events,SECURITY,requirements/otdr-measurements/FR-3266-otdr-events-security.md,378
3267,FR-3267,OTDR & Measurements,OTDR Events,TEST,requirements/otdr-measurements/FR-3267-otdr-events-test.md,366
3268,FR-3268,OTDR & Measurements,OTDR Events,EVENT,requirements/otdr-measurements/FR-3268-otdr-events-event.md,367
3269,FR-3269,OTDR & Measurements,OTDR Events,OPERATIONS,requirements/otdr-measurements/FR-3269-otdr-events-operations.md,359
3270,FR-3270,OTDR & Measurements,OTDR Candidate Location,UI,requirements/otdr-measurements/FR-3270-otdr-candidate-location-ui.md,397
3271,FR-3271,OTDR & Measurements,OTDR Candidate Location,BACKEND,requirements/otdr-measurements/FR-3271-otdr-candidate-location-backend.md,376
3272,FR-3272,OTDR & Measurements,OTDR Candidate Location,API,requirements/otdr-measurements/FR-3272-otdr-candidate-location-api.md,376
3273,FR-3273,OTDR & Measurements,OTDR Candidate Location,SECURITY,requirements/otdr-measurements/FR-3273-otdr-candidate-location-security.md,381
3274,FR-3274,OTDR & Measurements,OTDR Candidate Location,TEST,requirements/otdr-measurements/FR-3274-otdr-candidate-location-test.md,369
3275,FR-3275,OTDR & Measurements,OTDR Candidate Location,EVENT,requirements/otdr-measurements/FR-3275-otdr-candidate-location-event.md,370
3276,FR-3276,OTDR & Measurements,OTDR Candidate Location,OPERATIONS,requirements/otdr-measurements/FR-3276-otdr-candidate-location-operations.md,362
3277,FR-3277,OTDR & Measurements,Reference Plane,UI,requirements/otdr-measurements/FR-3277-reference-plane-ui.md,393
3278,FR-3278,OTDR & Measurements,Reference Plane,BACKEND,requirements/otdr-measurements/FR-3278-reference-plane-backend.md,373
3279,FR-3279,OTDR & Measurements,Reference Plane,API,requirements/otdr-measurements/FR-3279-reference-plane-api.md,373
3280,FR-3280,OTDR & Measurements,Reference Plane,SECURITY,requirements/otdr-measurements/FR-3280-reference-plane-security.md,378
3281,FR-3281,OTDR & Measurements,Reference Plane,TEST,requirements/otdr-measurements/FR-3281-reference-plane-test.md,366
3282,FR-3282,OTDR & Measurements,Reference Plane,EVENT,requirements/otdr-measurements/FR-3282-reference-plane-event.md,367
3283,FR-3283,OTDR & Measurements,Reference Plane,OPERATIONS,requirements/otdr-measurements/FR-3283-reference-plane-operations.md,359
3284,FR-3284,OTDR & Measurements,Wavelength,UI,requirements/otdr-measurements/FR-3284-wavelength-ui.md,389
3285,FR-3285,OTDR & Measurements,Wavelength,BACKEND,requirements/otdr-measurements/FR-3285-wavelength-backend.md,370
3286,FR-3286,OTDR & Measurements,Wavelength,API,requirements/otdr-measurements/FR-3286-wavelength-api.md,370
3287,FR-3287,OTDR & Measurements,Wavelength,SECURITY,requirements/otdr-measurements/FR-3287-wavelength-security.md,375
3288,FR-3288,OTDR & Measurements,Wavelength,TEST,requirements/otdr-measurements/FR-3288-wavelength-test.md,363
3289,FR-3289,OTDR & Measurements,Wavelength,EVENT,requirements/otdr-measurements/FR-3289-wavelength-event.md,364
3290,FR-3290,OTDR & Measurements,Wavelength,OPERATIONS,requirements/otdr-measurements/FR-3290-wavelength-operations.md,356
3291,FR-3291,OTDR & Measurements,Instrument Registry,UI,requirements/otdr-measurements/FR-3291-instrument-registry-ui.md,393
3292,FR-3292,OTDR & Measurements,Instrument Registry,BACKEND,requirements/otdr-measurements/FR-3292-instrument-registry-backend.md,373
3293,FR-3293,OTDR & Measurements,Instrument Registry,API,requirements/otdr-measurements/FR-3293-instrument-registry-api.md,373
3294,FR-3294,OTDR & Measurements,Instrument Registry,SECURITY,requirements/otdr-measurements/FR-3294-instrument-registry-security.md,378
3295,FR-3295,OTDR & Measurements,Instrument Registry,TEST,requirements/otdr-measurements/FR-3295-instrument-registry-test.md,366
3296,FR-3296,OTDR & Measurements,Instrument Registry,EVENT,requirements/otdr-measurements/FR-3296-instrument-registry-event.md,367
3297,FR-3297,OTDR & Measurements,Instrument Registry,OPERATIONS,requirements/otdr-measurements/FR-3297-instrument-registry-operations.md,359
3298,FR-3298,OTDR & Measurements,Technician,UI,requirements/otdr-measurements/FR-3298-technician-ui.md,389
3299,FR-3299,OTDR & Measurements,Technician,BACKEND,requirements/otdr-measurements/FR-3299-technician-backend.md,370
3300,FR-3300,OTDR & Measurements,Technician,API,requirements/otdr-measurements/FR-3300-technician-api.md,370
3301,FR-3301,OTDR & Measurements,Technician,SECURITY,requirements/otdr-measurements/FR-3301-technician-security.md,375
3302,FR-3302,OTDR & Measurements,Technician,TEST,requirements/otdr-measurements/FR-3302-technician-test.md,363
3303,FR-3303,OTDR & Measurements,Technician,EVENT,requirements/otdr-measurements/FR-3303-technician-event.md,364
3304,FR-3304,OTDR & Measurements,Technician,OPERATIONS,requirements/otdr-measurements/FR-3304-technician-operations.md,356
3305,FR-3305,OTDR & Measurements,Measurement Quality,UI,requirements/otdr-measurements/FR-3305-measurement-quality-ui.md,393
3306,FR-3306,OTDR & Measurements,Measurement Quality,BACKEND,requirements/otdr-measurements/FR-3306-measurement-quality-backend.md,373
3307,FR-3307,OTDR & Measurements,Measurement Quality,API,requirements/otdr-measurements/FR-3307-measurement-quality-api.md,373
3308,FR-3308,OTDR & Measurements,Measurement Quality,SECURITY,requirements/otdr-measurements/FR-3308-measurement-quality-security.md,378
3309,FR-3309,OTDR & Measurements,Measurement Quality,TEST,requirements/otdr-measurements/FR-3309-measurement-quality-test.md,366
3310,FR-3310,OTDR & Measurements,Measurement Quality,EVENT,requirements/otdr-measurements/FR-3310-measurement-quality-event.md,367
3311,FR-3311,OTDR & Measurements,Measurement Quality,OPERATIONS,requirements/otdr-measurements/FR-3311-measurement-quality-operations.md,359
3312,FR-3312,OTDR & Measurements,Launch Cable Offset,UI,requirements/otdr-measurements/FR-3312-launch-cable-offset-ui.md,397
3313,FR-3313,OTDR & Measurements,Launch Cable Offset,BACKEND,requirements/otdr-measurements/FR-3313-launch-cable-offset-backend.md,376
3314,FR-3314,OTDR & Measurements,Launch Cable Offset,API,requirements/otdr-measurements/FR-3314-launch-cable-offset-api.md,376
3315,FR-3315,OTDR & Measurements,Launch Cable Offset,SECURITY,requirements/otdr-measurements/FR-3315-launch-cable-offset-security.md,381
3316,FR-3316,OTDR & Measurements,Launch Cable Offset,TEST,requirements/otdr-measurements/FR-3316-launch-cable-offset-test.md,369
3317,FR-3317,OTDR & Measurements,Launch Cable Offset,EVENT,requirements/otdr-measurements/FR-3317-launch-cable-offset-event.md,370
3318,FR-3318,OTDR & Measurements,Launch Cable Offset,OPERATIONS,requirements/otdr-measurements/FR-3318-launch-cable-offset-operations.md,362
3319,FR-3319,OTDR & Measurements,Slack Model,UI,requirements/otdr-measurements/FR-3319-slack-model-ui.md,393
3320,FR-3320,OTDR & Measurements,Slack Model,BACKEND,requirements/otdr-measurements/FR-3320-slack-model-backend.md,373
3321,FR-3321,OTDR & Measurements,Slack Model,API,requirements/otdr-measurements/FR-3321-slack-model-api.md,373
3322,FR-3322,OTDR & Measurements,Slack Model,SECURITY,requirements/otdr-measurements/FR-3322-slack-model-security.md,378
3323,FR-3323,OTDR & Measurements,Slack Model,TEST,requirements/otdr-measurements/FR-3323-slack-model-test.md,366
3324,FR-3324,OTDR & Measurements,Slack Model,EVENT,requirements/otdr-measurements/FR-3324-slack-model-event.md,367
3325,FR-3325,OTDR & Measurements,Slack Model,OPERATIONS,requirements/otdr-measurements/FR-3325-slack-model-operations.md,359
3326,FR-3326,OTDR & Measurements,Route Length Calibration,UI,requirements/otdr-measurements/FR-3326-route-length-calibration-ui.md,397
3327,FR-3327,OTDR & Measurements,Route Length Calibration,BACKEND,requirements/otdr-measurements/FR-3327-route-length-calibration-backend.md,376
3328,FR-3328,OTDR & Measurements,Route Length Calibration,API,requirements/otdr-measurements/FR-3328-route-length-calibration-api.md,376
3329,FR-3329,OTDR & Measurements,Route Length Calibration,SECURITY,requirements/otdr-measurements/FR-3329-route-length-calibration-security.md,381
3330,FR-3330,OTDR & Measurements,Route Length Calibration,TEST,requirements/otdr-measurements/FR-3330-route-length-calibration-test.md,369
3331,FR-3331,OTDR & Measurements,Route Length Calibration,EVENT,requirements/otdr-measurements/FR-3331-route-length-calibration-event.md,370
3332,FR-3332,OTDR & Measurements,Route Length Calibration,OPERATIONS,requirements/otdr-measurements/FR-3332-route-length-calibration-operations.md,362
3333,FR-3333,OTDR & Measurements,Measurement History,UI,requirements/otdr-measurements/FR-3333-measurement-history-ui.md,393
3334,FR-3334,OTDR & Measurements,Measurement History,BACKEND,requirements/otdr-measurements/FR-3334-measurement-history-backend.md,373
3335,FR-3335,OTDR & Measurements,Measurement History,API,requirements/otdr-measurements/FR-3335-measurement-history-api.md,373
3336,FR-3336,OTDR & Measurements,Measurement History,SECURITY,requirements/otdr-measurements/FR-3336-measurement-history-security.md,378
3337,FR-3337,OTDR & Measurements,Measurement History,TEST,requirements/otdr-measurements/FR-3337-measurement-history-test.md,366
3338,FR-3338,OTDR & Measurements,Measurement History,EVENT,requirements/otdr-measurements/FR-3338-measurement-history-event.md,367
3339,FR-3339,OTDR & Measurements,Measurement History,OPERATIONS,requirements/otdr-measurements/FR-3339-measurement-history-operations.md,359
3340,FR-3340,OTDR & Measurements,Measured vs Predicted,UI,requirements/otdr-measurements/FR-3340-measured-vs-predicted-ui.md,397
3341,FR-3341,OTDR & Measurements,Measured vs Predicted,BACKEND,requirements/otdr-measurements/FR-3341-measured-vs-predicted-backend.md,376
3342,FR-3342,OTDR & Measurements,Measured vs Predicted,API,requirements/otdr-measurements/FR-3342-measured-vs-predicted-api.md,376
3343,FR-3343,OTDR & Measurements,Measured vs Predicted,SECURITY,requirements/otdr-measurements/FR-3343-measured-vs-predicted-security.md,381
3344,FR-3344,OTDR & Measurements,Measured vs Predicted,TEST,requirements/otdr-measurements/FR-3344-measured-vs-predicted-test.md,369
3345,FR-3345,OTDR & Measurements,Measured vs Predicted,EVENT,requirements/otdr-measurements/FR-3345-measured-vs-predicted-event.md,370
3346,FR-3346,OTDR & Measurements,Measured vs Predicted,OPERATIONS,requirements/otdr-measurements/FR-3346-measured-vs-predicted-operations.md,362
3347,FR-3347,OTDR & Measurements,Loss Trend,UI,requirements/otdr-measurements/FR-3347-loss-trend-ui.md,393
3348,FR-3348,OTDR & Measurements,Loss Trend,BACKEND,requirements/otdr-measurements/FR-3348-loss-trend-backend.md,373
3349,FR-3349,OTDR & Measurements,Loss Trend,API,requirements/otdr-measurements/FR-3349-loss-trend-api.md,373
3350,FR-3350,OTDR & Measurements,Loss Trend,SECURITY,requirements/otdr-measurements/FR-3350-loss-trend-security.md,378
3351,FR-3351,OTDR & Measurements,Loss Trend,TEST,requirements/otdr-measurements/FR-3351-loss-trend-test.md,366
3352,FR-3352,OTDR & Measurements,Loss Trend,EVENT,requirements/otdr-measurements/FR-3352-loss-trend-event.md,367
3353,FR-3353,OTDR & Measurements,Loss Trend,OPERATIONS,requirements/otdr-measurements/FR-3353-loss-trend-operations.md,359
3354,FR-3354,OTDR & Measurements,OTDR Report,UI,requirements/otdr-measurements/FR-3354-otdr-report-ui.md,393
3355,FR-3355,OTDR & Measurements,OTDR Report,BACKEND,requirements/otdr-measurements/FR-3355-otdr-report-backend.md,373
3356,FR-3356,OTDR & Measurements,OTDR Report,API,requirements/otdr-measurements/FR-3356-otdr-report-api.md,373
3357,FR-3357,OTDR & Measurements,OTDR Report,SECURITY,requirements/otdr-measurements/FR-3357-otdr-report-security.md,378
3358,FR-3358,OTDR & Measurements,OTDR Report,TEST,requirements/otdr-measurements/FR-3358-otdr-report-test.md,366
3359,FR-3359,OTDR & Measurements,OTDR Report,EVENT,requirements/otdr-measurements/FR-3359-otdr-report-event.md,367
3360,FR-3360,OTDR & Measurements,OTDR Report,OPERATIONS,requirements/otdr-measurements/FR-3360-otdr-report-operations.md,359
3361,FR-3361,OTDR & Measurements,Power Meter Report,UI,requirements/otdr-measurements/FR-3361-power-meter-report-ui.md,397
3362,FR-3362,OTDR & Measurements,Power Meter Report,BACKEND,requirements/otdr-measurements/FR-3362-power-meter-report-backend.md,376
3363,FR-3363,OTDR & Measurements,Power Meter Report,API,requirements/otdr-measurements/FR-3363-power-meter-report-api.md,376
3364,FR-3364,OTDR & Measurements,Power Meter Report,SECURITY,requirements/otdr-measurements/FR-3364-power-meter-report-security.md,381
3365,FR-3365,OTDR & Measurements,Power Meter Report,TEST,requirements/otdr-measurements/FR-3365-power-meter-report-test.md,369
3366,FR-3366,OTDR & Measurements,Power Meter Report,EVENT,requirements/otdr-measurements/FR-3366-power-meter-report-event.md,370
3367,FR-3367,OTDR & Measurements,Power Meter Report,OPERATIONS,requirements/otdr-measurements/FR-3367-power-meter-report-operations.md,362
3368,FR-3368,Alarms & Events,Alarm Dashboard,UI,requirements/alarms-events/FR-3368-alarm-dashboard-ui.md,389
3369,FR-3369,Alarms & Events,Alarm Dashboard,BACKEND,requirements/alarms-events/FR-3369-alarm-dashboard-backend.md,370
3370,FR-3370,Alarms & Events,Alarm Dashboard,API,requirements/alarms-events/FR-3370-alarm-dashboard-api.md,371
3371,FR-3371,Alarms & Events,Alarm Dashboard,SECURITY,requirements/alarms-events/FR-3371-alarm-dashboard-security.md,376
3372,FR-3372,Alarms & Events,Alarm Dashboard,TEST,requirements/alarms-events/FR-3372-alarm-dashboard-test.md,364
3373,FR-3373,Alarms & Events,Alarm Dashboard,EVENT,requirements/alarms-events/FR-3373-alarm-dashboard-event.md,365
3374,FR-3374,Alarms & Events,Alarm Dashboard,OPERATIONS,requirements/alarms-events/FR-3374-alarm-dashboard-operations.md,357
3375,FR-3375,Alarms & Events,Active Alarms,UI,requirements/alarms-events/FR-3375-active-alarms-ui.md,389
3376,FR-3376,Alarms & Events,Active Alarms,BACKEND,requirements/alarms-events/FR-3376-active-alarms-backend.md,370
3377,FR-3377,Alarms & Events,Active Alarms,API,requirements/alarms-events/FR-3377-active-alarms-api.md,371
3378,FR-3378,Alarms & Events,Active Alarms,SECURITY,requirements/alarms-events/FR-3378-active-alarms-security.md,376
3379,FR-3379,Alarms & Events,Active Alarms,TEST,requirements/alarms-events/FR-3379-active-alarms-test.md,364
3380,FR-3380,Alarms & Events,Active Alarms,EVENT,requirements/alarms-events/FR-3380-active-alarms-event.md,365
3381,FR-3381,Alarms & Events,Active Alarms,OPERATIONS,requirements/alarms-events/FR-3381-active-alarms-operations.md,357
3382,FR-3382,Alarms & Events,Cleared Alarms,UI,requirements/alarms-events/FR-3382-cleared-alarms-ui.md,389
3383,FR-3383,Alarms & Events,Cleared Alarms,BACKEND,requirements/alarms-events/FR-3383-cleared-alarms-backend.md,370
3384,FR-3384,Alarms & Events,Cleared Alarms,API,requirements/alarms-events/FR-3384-cleared-alarms-api.md,371
3385,FR-3385,Alarms & Events,Cleared Alarms,SECURITY,requirements/alarms-events/FR-3385-cleared-alarms-security.md,376
3386,FR-3386,Alarms & Events,Cleared Alarms,TEST,requirements/alarms-events/FR-3386-cleared-alarms-test.md,364
3387,FR-3387,Alarms & Events,Cleared Alarms,EVENT,requirements/alarms-events/FR-3387-cleared-alarms-event.md,365
3388,FR-3388,Alarms & Events,Cleared Alarms,OPERATIONS,requirements/alarms-events/FR-3388-cleared-alarms-operations.md,357
3389,FR-3389,Alarms & Events,Event Logs,UI,requirements/alarms-events/FR-3389-event-logs-ui.md,389
3390,FR-3390,Alarms & Events,Event Logs,BACKEND,requirements/alarms-events/FR-3390-event-logs-backend.md,370
3391,FR-3391,Alarms & Events,Event Logs,API,requirements/alarms-events/FR-3391-event-logs-api.md,371
3392,FR-3392,Alarms & Events,Event Logs,SECURITY,requirements/alarms-events/FR-3392-event-logs-security.md,376
3393,FR-3393,Alarms & Events,Event Logs,TEST,requirements/alarms-events/FR-3393-event-logs-test.md,364
3394,FR-3394,Alarms & Events,Event Logs,EVENT,requirements/alarms-events/FR-3394-event-logs-event.md,365
3395,FR-3395,Alarms & Events,Event Logs,OPERATIONS,requirements/alarms-events/FR-3395-event-logs-operations.md,357
3396,FR-3396,Alarms & Events,Critical Alarms,UI,requirements/alarms-events/FR-3396-critical-alarms-ui.md,389
3397,FR-3397,Alarms & Events,Critical Alarms,BACKEND,requirements/alarms-events/FR-3397-critical-alarms-backend.md,370
3398,FR-3398,Alarms & Events,Critical Alarms,API,requirements/alarms-events/FR-3398-critical-alarms-api.md,371
3399,FR-3399,Alarms & Events,Critical Alarms,SECURITY,requirements/alarms-events/FR-3399-critical-alarms-security.md,376
3400,FR-3400,Alarms & Events,Critical Alarms,TEST,requirements/alarms-events/FR-3400-critical-alarms-test.md,364
3401,FR-3401,Alarms & Events,Critical Alarms,EVENT,requirements/alarms-events/FR-3401-critical-alarms-event.md,365
3402,FR-3402,Alarms & Events,Critical Alarms,OPERATIONS,requirements/alarms-events/FR-3402-critical-alarms-operations.md,357
3403,FR-3403,Alarms & Events,Major Alarms,UI,requirements/alarms-events/FR-3403-major-alarms-ui.md,389
3404,FR-3404,Alarms & Events,Major Alarms,BACKEND,requirements/alarms-events/FR-3404-major-alarms-backend.md,370
3405,FR-3405,Alarms & Events,Major Alarms,API,requirements/alarms-events/FR-3405-major-alarms-api.md,371
3406,FR-3406,Alarms & Events,Major Alarms,SECURITY,requirements/alarms-events/FR-3406-major-alarms-security.md,376
3407,FR-3407,Alarms & Events,Major Alarms,TEST,requirements/alarms-events/FR-3407-major-alarms-test.md,364
3408,FR-3408,Alarms & Events,Major Alarms,EVENT,requirements/alarms-events/FR-3408-major-alarms-event.md,365
3409,FR-3409,Alarms & Events,Major Alarms,OPERATIONS,requirements/alarms-events/FR-3409-major-alarms-operations.md,357
3410,FR-3410,Alarms & Events,Minor Alarms,UI,requirements/alarms-events/FR-3410-minor-alarms-ui.md,389
3411,FR-3411,Alarms & Events,Minor Alarms,BACKEND,requirements/alarms-events/FR-3411-minor-alarms-backend.md,370
3412,FR-3412,Alarms & Events,Minor Alarms,API,requirements/alarms-events/FR-3412-minor-alarms-api.md,371
3413,FR-3413,Alarms & Events,Minor Alarms,SECURITY,requirements/alarms-events/FR-3413-minor-alarms-security.md,376
3414,FR-3414,Alarms & Events,Minor Alarms,TEST,requirements/alarms-events/FR-3414-minor-alarms-test.md,364
3415,FR-3415,Alarms & Events,Minor Alarms,EVENT,requirements/alarms-events/FR-3415-minor-alarms-event.md,365
3416,FR-3416,Alarms & Events,Minor Alarms,OPERATIONS,requirements/alarms-events/FR-3416-minor-alarms-operations.md,357
3417,FR-3417,Alarms & Events,Warnings,UI,requirements/alarms-events/FR-3417-warnings-ui.md,385
3418,FR-3418,Alarms & Events,Warnings,BACKEND,requirements/alarms-events/FR-3418-warnings-backend.md,367
3419,FR-3419,Alarms & Events,Warnings,API,requirements/alarms-events/FR-3419-warnings-api.md,368
3420,FR-3420,Alarms & Events,Warnings,SECURITY,requirements/alarms-events/FR-3420-warnings-security.md,373
3421,FR-3421,Alarms & Events,Warnings,TEST,requirements/alarms-events/FR-3421-warnings-test.md,361
3422,FR-3422,Alarms & Events,Warnings,EVENT,requirements/alarms-events/FR-3422-warnings-event.md,362
3423,FR-3423,Alarms & Events,Warnings,OPERATIONS,requirements/alarms-events/FR-3423-warnings-operations.md,354
3424,FR-3424,Alarms & Events,Device Down,UI,requirements/alarms-events/FR-3424-device-down-ui.md,389
3425,FR-3425,Alarms & Events,Device Down,BACKEND,requirements/alarms-events/FR-3425-device-down-backend.md,370
3426,FR-3426,Alarms & Events,Device Down,API,requirements/alarms-events/FR-3426-device-down-api.md,371
3427,FR-3427,Alarms & Events,Device Down,SECURITY,requirements/alarms-events/FR-3427-device-down-security.md,376
3428,FR-3428,Alarms & Events,Device Down,TEST,requirements/alarms-events/FR-3428-device-down-test.md,364
3429,FR-3429,Alarms & Events,Device Down,EVENT,requirements/alarms-events/FR-3429-device-down-event.md,365
3430,FR-3430,Alarms & Events,Device Down,OPERATIONS,requirements/alarms-events/FR-3430-device-down-operations.md,357
3431,FR-3431,Alarms & Events,Interface Down,UI,requirements/alarms-events/FR-3431-interface-down-ui.md,389
3432,FR-3432,Alarms & Events,Interface Down,BACKEND,requirements/alarms-events/FR-3432-interface-down-backend.md,370
3433,FR-3433,Alarms & Events,Interface Down,API,requirements/alarms-events/FR-3433-interface-down-api.md,371
3434,FR-3434,Alarms & Events,Interface Down,SECURITY,requirements/alarms-events/FR-3434-interface-down-security.md,376
3435,FR-3435,Alarms & Events,Interface Down,TEST,requirements/alarms-events/FR-3435-interface-down-test.md,364
3436,FR-3436,Alarms & Events,Interface Down,EVENT,requirements/alarms-events/FR-3436-interface-down-event.md,365
3437,FR-3437,Alarms & Events,Interface Down,OPERATIONS,requirements/alarms-events/FR-3437-interface-down-operations.md,357
3438,FR-3438,Alarms & Events,Link Flap,UI,requirements/alarms-events/FR-3438-link-flap-ui.md,389
3439,FR-3439,Alarms & Events,Link Flap,BACKEND,requirements/alarms-events/FR-3439-link-flap-backend.md,370
3440,FR-3440,Alarms & Events,Link Flap,API,requirements/alarms-events/FR-3440-link-flap-api.md,371
3441,FR-3441,Alarms & Events,Link Flap,SECURITY,requirements/alarms-events/FR-3441-link-flap-security.md,376
3442,FR-3442,Alarms & Events,Link Flap,TEST,requirements/alarms-events/FR-3442-link-flap-test.md,364
3443,FR-3443,Alarms & Events,Link Flap,EVENT,requirements/alarms-events/FR-3443-link-flap-event.md,365
3444,FR-3444,Alarms & Events,Link Flap,OPERATIONS,requirements/alarms-events/FR-3444-link-flap-operations.md,357
3445,FR-3445,Alarms & Events,OLT Down,UI,requirements/alarms-events/FR-3445-olt-down-ui.md,389
3446,FR-3446,Alarms & Events,OLT Down,BACKEND,requirements/alarms-events/FR-3446-olt-down-backend.md,370
3447,FR-3447,Alarms & Events,OLT Down,API,requirements/alarms-events/FR-3447-olt-down-api.md,371
3448,FR-3448,Alarms & Events,OLT Down,SECURITY,requirements/alarms-events/FR-3448-olt-down-security.md,376
3449,FR-3449,Alarms & Events,OLT Down,TEST,requirements/alarms-events/FR-3449-olt-down-test.md,364
3450,FR-3450,Alarms & Events,OLT Down,EVENT,requirements/alarms-events/FR-3450-olt-down-event.md,365
3451,FR-3451,Alarms & Events,OLT Down,OPERATIONS,requirements/alarms-events/FR-3451-olt-down-operations.md,357
3452,FR-3452,Alarms & Events,PON Down,UI,requirements/alarms-events/FR-3452-pon-down-ui.md,389
3453,FR-3453,Alarms & Events,PON Down,BACKEND,requirements/alarms-events/FR-3453-pon-down-backend.md,370
3454,FR-3454,Alarms & Events,PON Down,API,requirements/alarms-events/FR-3454-pon-down-api.md,371
3455,FR-3455,Alarms & Events,PON Down,SECURITY,requirements/alarms-events/FR-3455-pon-down-security.md,376
3456,FR-3456,Alarms & Events,PON Down,TEST,requirements/alarms-events/FR-3456-pon-down-test.md,364
3457,FR-3457,Alarms & Events,PON Down,EVENT,requirements/alarms-events/FR-3457-pon-down-event.md,365
3458,FR-3458,Alarms & Events,PON Down,OPERATIONS,requirements/alarms-events/FR-3458-pon-down-operations.md,357
3459,FR-3459,Alarms & Events,ONU LOS,UI,requirements/alarms-events/FR-3459-onu-los-ui.md,389
3460,FR-3460,Alarms & Events,ONU LOS,BACKEND,requirements/alarms-events/FR-3460-onu-los-backend.md,370
3461,FR-3461,Alarms & Events,ONU LOS,API,requirements/alarms-events/FR-3461-onu-los-api.md,371
3462,FR-3462,Alarms & Events,ONU LOS,SECURITY,requirements/alarms-events/FR-3462-onu-los-security.md,376
3463,FR-3463,Alarms & Events,ONU LOS,TEST,requirements/alarms-events/FR-3463-onu-los-test.md,364
3464,FR-3464,Alarms & Events,ONU LOS,EVENT,requirements/alarms-events/FR-3464-onu-los-event.md,365
3465,FR-3465,Alarms & Events,ONU LOS,OPERATIONS,requirements/alarms-events/FR-3465-onu-los-operations.md,357
3466,FR-3466,Alarms & Events,Dying Gasp,UI,requirements/alarms-events/FR-3466-dying-gasp-ui.md,389
3467,FR-3467,Alarms & Events,Dying Gasp,BACKEND,requirements/alarms-events/FR-3467-dying-gasp-backend.md,370
3468,FR-3468,Alarms & Events,Dying Gasp,API,requirements/alarms-events/FR-3468-dying-gasp-api.md,371
3469,FR-3469,Alarms & Events,Dying Gasp,SECURITY,requirements/alarms-events/FR-3469-dying-gasp-security.md,376
3470,FR-3470,Alarms & Events,Dying Gasp,TEST,requirements/alarms-events/FR-3470-dying-gasp-test.md,364
3471,FR-3471,Alarms & Events,Dying Gasp,EVENT,requirements/alarms-events/FR-3471-dying-gasp-event.md,365
3472,FR-3472,Alarms & Events,Dying Gasp,OPERATIONS,requirements/alarms-events/FR-3472-dying-gasp-operations.md,357
3473,FR-3473,Alarms & Events,Low RX,UI,requirements/alarms-events/FR-3473-low-rx-ui.md,389
3474,FR-3474,Alarms & Events,Low RX,BACKEND,requirements/alarms-events/FR-3474-low-rx-backend.md,370
3475,FR-3475,Alarms & Events,Low RX,API,requirements/alarms-events/FR-3475-low-rx-api.md,371
3476,FR-3476,Alarms & Events,Low RX,SECURITY,requirements/alarms-events/FR-3476-low-rx-security.md,376
3477,FR-3477,Alarms & Events,Low RX,TEST,requirements/alarms-events/FR-3477-low-rx-test.md,364
3478,FR-3478,Alarms & Events,Low RX,EVENT,requirements/alarms-events/FR-3478-low-rx-event.md,365
3479,FR-3479,Alarms & Events,Low RX,OPERATIONS,requirements/alarms-events/FR-3479-low-rx-operations.md,357
3480,FR-3480,Alarms & Events,High RX,UI,requirements/alarms-events/FR-3480-high-rx-ui.md,389
3481,FR-3481,Alarms & Events,High RX,BACKEND,requirements/alarms-events/FR-3481-high-rx-backend.md,370
3482,FR-3482,Alarms & Events,High RX,API,requirements/alarms-events/FR-3482-high-rx-api.md,371
3483,FR-3483,Alarms & Events,High RX,SECURITY,requirements/alarms-events/FR-3483-high-rx-security.md,376
3484,FR-3484,Alarms & Events,High RX,TEST,requirements/alarms-events/FR-3484-high-rx-test.md,364
3485,FR-3485,Alarms & Events,High RX,EVENT,requirements/alarms-events/FR-3485-high-rx-event.md,365
3486,FR-3486,Alarms & Events,High RX,OPERATIONS,requirements/alarms-events/FR-3486-high-rx-operations.md,357
3487,FR-3487,Alarms & Events,High CPU,UI,requirements/alarms-events/FR-3487-high-cpu-ui.md,389
3488,FR-3488,Alarms & Events,High CPU,BACKEND,requirements/alarms-events/FR-3488-high-cpu-backend.md,370
3489,FR-3489,Alarms & Events,High CPU,API,requirements/alarms-events/FR-3489-high-cpu-api.md,371
3490,FR-3490,Alarms & Events,High CPU,SECURITY,requirements/alarms-events/FR-3490-high-cpu-security.md,376
3491,FR-3491,Alarms & Events,High CPU,TEST,requirements/alarms-events/FR-3491-high-cpu-test.md,364
3492,FR-3492,Alarms & Events,High CPU,EVENT,requirements/alarms-events/FR-3492-high-cpu-event.md,365
3493,FR-3493,Alarms & Events,High CPU,OPERATIONS,requirements/alarms-events/FR-3493-high-cpu-operations.md,357
3494,FR-3494,Alarms & Events,High Memory,UI,requirements/alarms-events/FR-3494-high-memory-ui.md,389
3495,FR-3495,Alarms & Events,High Memory,BACKEND,requirements/alarms-events/FR-3495-high-memory-backend.md,370
3496,FR-3496,Alarms & Events,High Memory,API,requirements/alarms-events/FR-3496-high-memory-api.md,371
3497,FR-3497,Alarms & Events,High Memory,SECURITY,requirements/alarms-events/FR-3497-high-memory-security.md,376
3498,FR-3498,Alarms & Events,High Memory,TEST,requirements/alarms-events/FR-3498-high-memory-test.md,364
3499,FR-3499,Alarms & Events,High Memory,EVENT,requirements/alarms-events/FR-3499-high-memory-event.md,365
3500,FR-3500,Alarms & Events,High Memory,OPERATIONS,requirements/alarms-events/FR-3500-high-memory-operations.md,357
3501,FR-3501,Alarms & Events,High Temperature,UI,requirements/alarms-events/FR-3501-high-temperature-ui.md,389
3502,FR-3502,Alarms & Events,High Temperature,BACKEND,requirements/alarms-events/FR-3502-high-temperature-backend.md,370
3503,FR-3503,Alarms & Events,High Temperature,API,requirements/alarms-events/FR-3503-high-temperature-api.md,371
3504,FR-3504,Alarms & Events,High Temperature,SECURITY,requirements/alarms-events/FR-3504-high-temperature-security.md,376
3505,FR-3505,Alarms & Events,High Temperature,TEST,requirements/alarms-events/FR-3505-high-temperature-test.md,364
3506,FR-3506,Alarms & Events,High Temperature,EVENT,requirements/alarms-events/FR-3506-high-temperature-event.md,365
3507,FR-3507,Alarms & Events,High Temperature,OPERATIONS,requirements/alarms-events/FR-3507-high-temperature-operations.md,357
3508,FR-3508,Alarms & Events,Voltage Alarm,UI,requirements/alarms-events/FR-3508-voltage-alarm-ui.md,389
3509,FR-3509,Alarms & Events,Voltage Alarm,BACKEND,requirements/alarms-events/FR-3509-voltage-alarm-backend.md,370
3510,FR-3510,Alarms & Events,Voltage Alarm,API,requirements/alarms-events/FR-3510-voltage-alarm-api.md,371
3511,FR-3511,Alarms & Events,Voltage Alarm,SECURITY,requirements/alarms-events/FR-3511-voltage-alarm-security.md,376
3512,FR-3512,Alarms & Events,Voltage Alarm,TEST,requirements/alarms-events/FR-3512-voltage-alarm-test.md,364
3513,FR-3513,Alarms & Events,Voltage Alarm,EVENT,requirements/alarms-events/FR-3513-voltage-alarm-event.md,365
3514,FR-3514,Alarms & Events,Voltage Alarm,OPERATIONS,requirements/alarms-events/FR-3514-voltage-alarm-operations.md,357
3515,FR-3515,Alarms & Events,Fan Alarm,UI,requirements/alarms-events/FR-3515-fan-alarm-ui.md,389
3516,FR-3516,Alarms & Events,Fan Alarm,BACKEND,requirements/alarms-events/FR-3516-fan-alarm-backend.md,370
3517,FR-3517,Alarms & Events,Fan Alarm,API,requirements/alarms-events/FR-3517-fan-alarm-api.md,371
3518,FR-3518,Alarms & Events,Fan Alarm,SECURITY,requirements/alarms-events/FR-3518-fan-alarm-security.md,376
3519,FR-3519,Alarms & Events,Fan Alarm,TEST,requirements/alarms-events/FR-3519-fan-alarm-test.md,364
3520,FR-3520,Alarms & Events,Fan Alarm,EVENT,requirements/alarms-events/FR-3520-fan-alarm-event.md,365
3521,FR-3521,Alarms & Events,Fan Alarm,OPERATIONS,requirements/alarms-events/FR-3521-fan-alarm-operations.md,357
3522,FR-3522,Alarms & Events,BGP Down,UI,requirements/alarms-events/FR-3522-bgp-down-ui.md,389
3523,FR-3523,Alarms & Events,BGP Down,BACKEND,requirements/alarms-events/FR-3523-bgp-down-backend.md,370
3524,FR-3524,Alarms & Events,BGP Down,API,requirements/alarms-events/FR-3524-bgp-down-api.md,371
3525,FR-3525,Alarms & Events,BGP Down,SECURITY,requirements/alarms-events/FR-3525-bgp-down-security.md,376
3526,FR-3526,Alarms & Events,BGP Down,TEST,requirements/alarms-events/FR-3526-bgp-down-test.md,364
3527,FR-3527,Alarms & Events,BGP Down,EVENT,requirements/alarms-events/FR-3527-bgp-down-event.md,365
3528,FR-3528,Alarms & Events,BGP Down,OPERATIONS,requirements/alarms-events/FR-3528-bgp-down-operations.md,357
3529,FR-3529,Alarms & Events,OSPF Down,UI,requirements/alarms-events/FR-3529-ospf-down-ui.md,389
3530,FR-3530,Alarms & Events,OSPF Down,BACKEND,requirements/alarms-events/FR-3530-ospf-down-backend.md,370
3531,FR-3531,Alarms & Events,OSPF Down,API,requirements/alarms-events/FR-3531-ospf-down-api.md,371
3532,FR-3532,Alarms & Events,OSPF Down,SECURITY,requirements/alarms-events/FR-3532-ospf-down-security.md,376
3533,FR-3533,Alarms & Events,OSPF Down,TEST,requirements/alarms-events/FR-3533-ospf-down-test.md,364
3534,FR-3534,Alarms & Events,OSPF Down,EVENT,requirements/alarms-events/FR-3534-ospf-down-event.md,365
3535,FR-3535,Alarms & Events,OSPF Down,OPERATIONS,requirements/alarms-events/FR-3535-ospf-down-operations.md,357
3536,FR-3536,Alarms & Events,RADIUS Failure,UI,requirements/alarms-events/FR-3536-radius-failure-ui.md,389
3537,FR-3537,Alarms & Events,RADIUS Failure,BACKEND,requirements/alarms-events/FR-3537-radius-failure-backend.md,370
3538,FR-3538,Alarms & Events,RADIUS Failure,API,requirements/alarms-events/FR-3538-radius-failure-api.md,371
3539,FR-3539,Alarms & Events,RADIUS Failure,SECURITY,requirements/alarms-events/FR-3539-radius-failure-security.md,376
3540,FR-3540,Alarms & Events,RADIUS Failure,TEST,requirements/alarms-events/FR-3540-radius-failure-test.md,364
3541,FR-3541,Alarms & Events,RADIUS Failure,EVENT,requirements/alarms-events/FR-3541-radius-failure-event.md,365
3542,FR-3542,Alarms & Events,RADIUS Failure,OPERATIONS,requirements/alarms-events/FR-3542-radius-failure-operations.md,357
3543,FR-3543,Alarms & Events,TR-069 Offline,UI,requirements/alarms-events/FR-3543-tr-069-offline-ui.md,389
3544,FR-3544,Alarms & Events,TR-069 Offline,BACKEND,requirements/alarms-events/FR-3544-tr-069-offline-backend.md,370
3545,FR-3545,Alarms & Events,TR-069 Offline,API,requirements/alarms-events/FR-3545-tr-069-offline-api.md,371
3546,FR-3546,Alarms & Events,TR-069 Offline,SECURITY,requirements/alarms-events/FR-3546-tr-069-offline-security.md,376
3547,FR-3547,Alarms & Events,TR-069 Offline,TEST,requirements/alarms-events/FR-3547-tr-069-offline-test.md,364
3548,FR-3548,Alarms & Events,TR-069 Offline,EVENT,requirements/alarms-events/FR-3548-tr-069-offline-event.md,365
3549,FR-3549,Alarms & Events,TR-069 Offline,OPERATIONS,requirements/alarms-events/FR-3549-tr-069-offline-operations.md,357
3550,FR-3550,Alarms & Events,Config Change,UI,requirements/alarms-events/FR-3550-config-change-ui.md,389
3551,FR-3551,Alarms & Events,Config Change,BACKEND,requirements/alarms-events/FR-3551-config-change-backend.md,370
3552,FR-3552,Alarms & Events,Config Change,API,requirements/alarms-events/FR-3552-config-change-api.md,371
3553,FR-3553,Alarms & Events,Config Change,SECURITY,requirements/alarms-events/FR-3553-config-change-security.md,376
3554,FR-3554,Alarms & Events,Config Change,TEST,requirements/alarms-events/FR-3554-config-change-test.md,364
3555,FR-3555,Alarms & Events,Config Change,EVENT,requirements/alarms-events/FR-3555-config-change-event.md,365
3556,FR-3556,Alarms & Events,Config Change,OPERATIONS,requirements/alarms-events/FR-3556-config-change-operations.md,357
3557,FR-3557,Alarms & Events,Alarm Acknowledgement,UI,requirements/alarms-events/FR-3557-alarm-acknowledgement-ui.md,389
3558,FR-3558,Alarms & Events,Alarm Acknowledgement,BACKEND,requirements/alarms-events/FR-3558-alarm-acknowledgement-backend.md,370
3559,FR-3559,Alarms & Events,Alarm Acknowledgement,API,requirements/alarms-events/FR-3559-alarm-acknowledgement-api.md,371
3560,FR-3560,Alarms & Events,Alarm Acknowledgement,SECURITY,requirements/alarms-events/FR-3560-alarm-acknowledgement-security.md,376
3561,FR-3561,Alarms & Events,Alarm Acknowledgement,TEST,requirements/alarms-events/FR-3561-alarm-acknowledgement-test.md,364
3562,FR-3562,Alarms & Events,Alarm Acknowledgement,EVENT,requirements/alarms-events/FR-3562-alarm-acknowledgement-event.md,365
3563,FR-3563,Alarms & Events,Alarm Acknowledgement,OPERATIONS,requirements/alarms-events/FR-3563-alarm-acknowledgement-operations.md,357
3564,FR-3564,Alarms & Events,Alarm Assignment,UI,requirements/alarms-events/FR-3564-alarm-assignment-ui.md,389
3565,FR-3565,Alarms & Events,Alarm Assignment,BACKEND,requirements/alarms-events/FR-3565-alarm-assignment-backend.md,370
3566,FR-3566,Alarms & Events,Alarm Assignment,API,requirements/alarms-events/FR-3566-alarm-assignment-api.md,371
3567,FR-3567,Alarms & Events,Alarm Assignment,SECURITY,requirements/alarms-events/FR-3567-alarm-assignment-security.md,376
3568,FR-3568,Alarms & Events,Alarm Assignment,TEST,requirements/alarms-events/FR-3568-alarm-assignment-test.md,364
3569,FR-3569,Alarms & Events,Alarm Assignment,EVENT,requirements/alarms-events/FR-3569-alarm-assignment-event.md,365
3570,FR-3570,Alarms & Events,Alarm Assignment,OPERATIONS,requirements/alarms-events/FR-3570-alarm-assignment-operations.md,357
3571,FR-3571,Alarms & Events,Alarm Escalation,UI,requirements/alarms-events/FR-3571-alarm-escalation-ui.md,389
3572,FR-3572,Alarms & Events,Alarm Escalation,BACKEND,requirements/alarms-events/FR-3572-alarm-escalation-backend.md,370
3573,FR-3573,Alarms & Events,Alarm Escalation,API,requirements/alarms-events/FR-3573-alarm-escalation-api.md,371
3574,FR-3574,Alarms & Events,Alarm Escalation,SECURITY,requirements/alarms-events/FR-3574-alarm-escalation-security.md,376
3575,FR-3575,Alarms & Events,Alarm Escalation,TEST,requirements/alarms-events/FR-3575-alarm-escalation-test.md,364
3576,FR-3576,Alarms & Events,Alarm Escalation,EVENT,requirements/alarms-events/FR-3576-alarm-escalation-event.md,365
3577,FR-3577,Alarms & Events,Alarm Escalation,OPERATIONS,requirements/alarms-events/FR-3577-alarm-escalation-operations.md,357
3578,FR-3578,Alarms & Events,Alarm Deduplication,UI,requirements/alarms-events/FR-3578-alarm-deduplication-ui.md,389
3579,FR-3579,Alarms & Events,Alarm Deduplication,BACKEND,requirements/alarms-events/FR-3579-alarm-deduplication-backend.md,370
3580,FR-3580,Alarms & Events,Alarm Deduplication,API,requirements/alarms-events/FR-3580-alarm-deduplication-api.md,371
3581,FR-3581,Alarms & Events,Alarm Deduplication,SECURITY,requirements/alarms-events/FR-3581-alarm-deduplication-security.md,376
3582,FR-3582,Alarms & Events,Alarm Deduplication,TEST,requirements/alarms-events/FR-3582-alarm-deduplication-test.md,364
3583,FR-3583,Alarms & Events,Alarm Deduplication,EVENT,requirements/alarms-events/FR-3583-alarm-deduplication-event.md,365
3584,FR-3584,Alarms & Events,Alarm Deduplication,OPERATIONS,requirements/alarms-events/FR-3584-alarm-deduplication-operations.md,357
3585,FR-3585,Alarms & Events,Alarm Suppression,UI,requirements/alarms-events/FR-3585-alarm-suppression-ui.md,389
3586,FR-3586,Alarms & Events,Alarm Suppression,BACKEND,requirements/alarms-events/FR-3586-alarm-suppression-backend.md,370
3587,FR-3587,Alarms & Events,Alarm Suppression,API,requirements/alarms-events/FR-3587-alarm-suppression-api.md,371
3588,FR-3588,Alarms & Events,Alarm Suppression,SECURITY,requirements/alarms-events/FR-3588-alarm-suppression-security.md,376
3589,FR-3589,Alarms & Events,Alarm Suppression,TEST,requirements/alarms-events/FR-3589-alarm-suppression-test.md,364
3590,FR-3590,Alarms & Events,Alarm Suppression,EVENT,requirements/alarms-events/FR-3590-alarm-suppression-event.md,365
3591,FR-3591,Alarms & Events,Alarm Suppression,OPERATIONS,requirements/alarms-events/FR-3591-alarm-suppression-operations.md,357
3592,FR-3592,Alarms & Events,Correlation Rules,UI,requirements/alarms-events/FR-3592-correlation-rules-ui.md,389
3593,FR-3593,Alarms & Events,Correlation Rules,BACKEND,requirements/alarms-events/FR-3593-correlation-rules-backend.md,370
3594,FR-3594,Alarms & Events,Correlation Rules,API,requirements/alarms-events/FR-3594-correlation-rules-api.md,371
3595,FR-3595,Alarms & Events,Correlation Rules,SECURITY,requirements/alarms-events/FR-3595-correlation-rules-security.md,376
3596,FR-3596,Alarms & Events,Correlation Rules,TEST,requirements/alarms-events/FR-3596-correlation-rules-test.md,364
3597,FR-3597,Alarms & Events,Correlation Rules,EVENT,requirements/alarms-events/FR-3597-correlation-rules-event.md,365
3598,FR-3598,Alarms & Events,Correlation Rules,OPERATIONS,requirements/alarms-events/FR-3598-correlation-rules-operations.md,357
3599,FR-3599,Alarms & Events,Dependency Rules,UI,requirements/alarms-events/FR-3599-dependency-rules-ui.md,389
3600,FR-3600,Alarms & Events,Dependency Rules,BACKEND,requirements/alarms-events/FR-3600-dependency-rules-backend.md,370
3601,FR-3601,Alarms & Events,Dependency Rules,API,requirements/alarms-events/FR-3601-dependency-rules-api.md,371
3602,FR-3602,Alarms & Events,Dependency Rules,SECURITY,requirements/alarms-events/FR-3602-dependency-rules-security.md,376
3603,FR-3603,Alarms & Events,Dependency Rules,TEST,requirements/alarms-events/FR-3603-dependency-rules-test.md,364
3604,FR-3604,Alarms & Events,Dependency Rules,EVENT,requirements/alarms-events/FR-3604-dependency-rules-event.md,365
3605,FR-3605,Alarms & Events,Dependency Rules,OPERATIONS,requirements/alarms-events/FR-3605-dependency-rules-operations.md,357
3606,FR-3606,Alarms & Events,Root Cause,UI,requirements/alarms-events/FR-3606-root-cause-ui.md,389
3607,FR-3607,Alarms & Events,Root Cause,BACKEND,requirements/alarms-events/FR-3607-root-cause-backend.md,370
3608,FR-3608,Alarms & Events,Root Cause,API,requirements/alarms-events/FR-3608-root-cause-api.md,371
3609,FR-3609,Alarms & Events,Root Cause,SECURITY,requirements/alarms-events/FR-3609-root-cause-security.md,376
3610,FR-3610,Alarms & Events,Root Cause,TEST,requirements/alarms-events/FR-3610-root-cause-test.md,364
3611,FR-3611,Alarms & Events,Root Cause,EVENT,requirements/alarms-events/FR-3611-root-cause-event.md,365
3612,FR-3612,Alarms & Events,Root Cause,OPERATIONS,requirements/alarms-events/FR-3612-root-cause-operations.md,357
3613,FR-3613,Alarms & Events,Alarm Notifications,UI,requirements/alarms-events/FR-3613-alarm-notifications-ui.md,389
3614,FR-3614,Alarms & Events,Alarm Notifications,BACKEND,requirements/alarms-events/FR-3614-alarm-notifications-backend.md,370
3615,FR-3615,Alarms & Events,Alarm Notifications,API,requirements/alarms-events/FR-3615-alarm-notifications-api.md,371
3616,FR-3616,Alarms & Events,Alarm Notifications,SECURITY,requirements/alarms-events/FR-3616-alarm-notifications-security.md,376
3617,FR-3617,Alarms & Events,Alarm Notifications,TEST,requirements/alarms-events/FR-3617-alarm-notifications-test.md,364
3618,FR-3618,Alarms & Events,Alarm Notifications,EVENT,requirements/alarms-events/FR-3618-alarm-notifications-event.md,365
3619,FR-3619,Alarms & Events,Alarm Notifications,OPERATIONS,requirements/alarms-events/FR-3619-alarm-notifications-operations.md,357
3620,FR-3620,Alarms & Events,Alarm History,UI,requirements/alarms-events/FR-3620-alarm-history-ui.md,389
3621,FR-3621,Alarms & Events,Alarm History,BACKEND,requirements/alarms-events/FR-3621-alarm-history-backend.md,370
3622,FR-3622,Alarms & Events,Alarm History,API,requirements/alarms-events/FR-3622-alarm-history-api.md,371
3623,FR-3623,Alarms & Events,Alarm History,SECURITY,requirements/alarms-events/FR-3623-alarm-history-security.md,376
3624,FR-3624,Alarms & Events,Alarm History,TEST,requirements/alarms-events/FR-3624-alarm-history-test.md,364
3625,FR-3625,Alarms & Events,Alarm History,EVENT,requirements/alarms-events/FR-3625-alarm-history-event.md,365
3626,FR-3626,Alarms & Events,Alarm History,OPERATIONS,requirements/alarms-events/FR-3626-alarm-history-operations.md,357
3627,FR-3627,Alarms & Events,Alarm Reports,UI,requirements/alarms-events/FR-3627-alarm-reports-ui.md,389
3628,FR-3628,Alarms & Events,Alarm Reports,BACKEND,requirements/alarms-events/FR-3628-alarm-reports-backend.md,370
3629,FR-3629,Alarms & Events,Alarm Reports,API,requirements/alarms-events/FR-3629-alarm-reports-api.md,371
3630,FR-3630,Alarms & Events,Alarm Reports,SECURITY,requirements/alarms-events/FR-3630-alarm-reports-security.md,376
3631,FR-3631,Alarms & Events,Alarm Reports,TEST,requirements/alarms-events/FR-3631-alarm-reports-test.md,364
3632,FR-3632,Alarms & Events,Alarm Reports,EVENT,requirements/alarms-events/FR-3632-alarm-reports-event.md,365
3633,FR-3633,Alarms & Events,Alarm Reports,OPERATIONS,requirements/alarms-events/FR-3633-alarm-reports-operations.md,357
3634,FR-3634,Incidents & Work Orders,Incident Dashboard,UI,requirements/incidents-work-orders/FR-3634-incident-dashboard-ui.md,396
3635,FR-3635,Incidents & Work Orders,Incident Dashboard,BACKEND,requirements/incidents-work-orders/FR-3635-incident-dashboard-backend.md,375
3636,FR-3636,Incidents & Work Orders,Incident Dashboard,API,requirements/incidents-work-orders/FR-3636-incident-dashboard-api.md,374
3637,FR-3637,Incidents & Work Orders,Incident Dashboard,SECURITY,requirements/incidents-work-orders/FR-3637-incident-dashboard-security.md,379
3638,FR-3638,Incidents & Work Orders,Incident Dashboard,TEST,requirements/incidents-work-orders/FR-3638-incident-dashboard-test.md,367
3639,FR-3639,Incidents & Work Orders,Incident Dashboard,EVENT,requirements/incidents-work-orders/FR-3639-incident-dashboard-event.md,368
3640,FR-3640,Incidents & Work Orders,Incident Dashboard,OPERATIONS,requirements/incidents-work-orders/FR-3640-incident-dashboard-operations.md,360
3641,FR-3641,Incidents & Work Orders,Incidents,UI,requirements/incidents-work-orders/FR-3641-incidents-ui.md,392
3642,FR-3642,Incidents & Work Orders,Incidents,BACKEND,requirements/incidents-work-orders/FR-3642-incidents-backend.md,372
3643,FR-3643,Incidents & Work Orders,Incidents,API,requirements/incidents-work-orders/FR-3643-incidents-api.md,371
3644,FR-3644,Incidents & Work Orders,Incidents,SECURITY,requirements/incidents-work-orders/FR-3644-incidents-security.md,376
3645,FR-3645,Incidents & Work Orders,Incidents,TEST,requirements/incidents-work-orders/FR-3645-incidents-test.md,364
3646,FR-3646,Incidents & Work Orders,Incidents,EVENT,requirements/incidents-work-orders/FR-3646-incidents-event.md,365
3647,FR-3647,Incidents & Work Orders,Incidents,OPERATIONS,requirements/incidents-work-orders/FR-3647-incidents-operations.md,357
3648,FR-3648,Incidents & Work Orders,Fault Scope,UI,requirements/incidents-work-orders/FR-3648-fault-scope-ui.md,396
3649,FR-3649,Incidents & Work Orders,Fault Scope,BACKEND,requirements/incidents-work-orders/FR-3649-fault-scope-backend.md,375
3650,FR-3650,Incidents & Work Orders,Fault Scope,API,requirements/incidents-work-orders/FR-3650-fault-scope-api.md,374
3651,FR-3651,Incidents & Work Orders,Fault Scope,SECURITY,requirements/incidents-work-orders/FR-3651-fault-scope-security.md,379
3652,FR-3652,Incidents & Work Orders,Fault Scope,TEST,requirements/incidents-work-orders/FR-3652-fault-scope-test.md,367
3653,FR-3653,Incidents & Work Orders,Fault Scope,EVENT,requirements/incidents-work-orders/FR-3653-fault-scope-event.md,368
3654,FR-3654,Incidents & Work Orders,Fault Scope,OPERATIONS,requirements/incidents-work-orders/FR-3654-fault-scope-operations.md,360
3655,FR-3655,Incidents & Work Orders,Affected Services,UI,requirements/incidents-work-orders/FR-3655-affected-services-ui.md,396
3656,FR-3656,Incidents & Work Orders,Affected Services,BACKEND,requirements/incidents-work-orders/FR-3656-affected-services-backend.md,375
3657,FR-3657,Incidents & Work Orders,Affected Services,API,requirements/incidents-work-orders/FR-3657-affected-services-api.md,374
3658,FR-3658,Incidents & Work Orders,Affected Services,SECURITY,requirements/incidents-work-orders/FR-3658-affected-services-security.md,379
3659,FR-3659,Incidents & Work Orders,Affected Services,TEST,requirements/incidents-work-orders/FR-3659-affected-services-test.md,367
3660,FR-3660,Incidents & Work Orders,Affected Services,EVENT,requirements/incidents-work-orders/FR-3660-affected-services-event.md,368
3661,FR-3661,Incidents & Work Orders,Affected Services,OPERATIONS,requirements/incidents-work-orders/FR-3661-affected-services-operations.md,360
3662,FR-3662,Incidents & Work Orders,Probable Root Cause,UI,requirements/incidents-work-orders/FR-3662-probable-root-cause-ui.md,400
3663,FR-3663,Incidents & Work Orders,Probable Root Cause,BACKEND,requirements/incidents-work-orders/FR-3663-probable-root-cause-backend.md,378
3664,FR-3664,Incidents & Work Orders,Probable Root Cause,API,requirements/incidents-work-orders/FR-3664-probable-root-cause-api.md,377
3665,FR-3665,Incidents & Work Orders,Probable Root Cause,SECURITY,requirements/incidents-work-orders/FR-3665-probable-root-cause-security.md,382
3666,FR-3666,Incidents & Work Orders,Probable Root Cause,TEST,requirements/incidents-work-orders/FR-3666-probable-root-cause-test.md,370
3667,FR-3667,Incidents & Work Orders,Probable Root Cause,EVENT,requirements/incidents-work-orders/FR-3667-probable-root-cause-event.md,371
3668,FR-3668,Incidents & Work Orders,Probable Root Cause,OPERATIONS,requirements/incidents-work-orders/FR-3668-probable-root-cause-operations.md,363
3669,FR-3669,Incidents & Work Orders,RCA,UI,requirements/incidents-work-orders/FR-3669-rca-ui.md,392
3670,FR-3670,Incidents & Work Orders,RCA,BACKEND,requirements/incidents-work-orders/FR-3670-rca-backend.md,372
3671,FR-3671,Incidents & Work Orders,RCA,API,requirements/incidents-work-orders/FR-3671-rca-api.md,371
3672,FR-3672,Incidents & Work Orders,RCA,SECURITY,requirements/incidents-work-orders/FR-3672-rca-security.md,376
3673,FR-3673,Incidents & Work Orders,RCA,TEST,requirements/incidents-work-orders/FR-3673-rca-test.md,364
3674,FR-3674,Incidents & Work Orders,RCA,EVENT,requirements/incidents-work-orders/FR-3674-rca-event.md,365
3675,FR-3675,Incidents & Work Orders,RCA,OPERATIONS,requirements/incidents-work-orders/FR-3675-rca-operations.md,357
3676,FR-3676,Incidents & Work Orders,Incident Timeline,UI,requirements/incidents-work-orders/FR-3676-incident-timeline-ui.md,396
3677,FR-3677,Incidents & Work Orders,Incident Timeline,BACKEND,requirements/incidents-work-orders/FR-3677-incident-timeline-backend.md,375
3678,FR-3678,Incidents & Work Orders,Incident Timeline,API,requirements/incidents-work-orders/FR-3678-incident-timeline-api.md,374
3679,FR-3679,Incidents & Work Orders,Incident Timeline,SECURITY,requirements/incidents-work-orders/FR-3679-incident-timeline-security.md,379
3680,FR-3680,Incidents & Work Orders,Incident Timeline,TEST,requirements/incidents-work-orders/FR-3680-incident-timeline-test.md,367
3681,FR-3681,Incidents & Work Orders,Incident Timeline,EVENT,requirements/incidents-work-orders/FR-3681-incident-timeline-event.md,368
3682,FR-3682,Incidents & Work Orders,Incident Timeline,OPERATIONS,requirements/incidents-work-orders/FR-3682-incident-timeline-operations.md,360
3683,FR-3683,Incidents & Work Orders,Work Orders,UI,requirements/incidents-work-orders/FR-3683-work-orders-ui.md,396
3684,FR-3684,Incidents & Work Orders,Work Orders,BACKEND,requirements/incidents-work-orders/FR-3684-work-orders-backend.md,375
3685,FR-3685,Incidents & Work Orders,Work Orders,API,requirements/incidents-work-orders/FR-3685-work-orders-api.md,374
3686,FR-3686,Incidents & Work Orders,Work Orders,SECURITY,requirements/incidents-work-orders/FR-3686-work-orders-security.md,379
3687,FR-3687,Incidents & Work Orders,Work Orders,TEST,requirements/incidents-work-orders/FR-3687-work-orders-test.md,367
3688,FR-3688,Incidents & Work Orders,Work Orders,EVENT,requirements/incidents-work-orders/FR-3688-work-orders-event.md,368
3689,FR-3689,Incidents & Work Orders,Work Orders,OPERATIONS,requirements/incidents-work-orders/FR-3689-work-orders-operations.md,360
3690,FR-3690,Incidents & Work Orders,Installation Work Order,UI,requirements/incidents-work-orders/FR-3690-installation-work-order-ui.md,400
3691,FR-3691,Incidents & Work Orders,Installation Work Order,BACKEND,requirements/incidents-work-orders/FR-3691-installation-work-order-backend.md,378
3692,FR-3692,Incidents & Work Orders,Installation Work Order,API,requirements/incidents-work-orders/FR-3692-installation-work-order-api.md,377
3693,FR-3693,Incidents & Work Orders,Installation Work Order,SECURITY,requirements/incidents-work-orders/FR-3693-installation-work-order-security.md,382
3694,FR-3694,Incidents & Work Orders,Installation Work Order,TEST,requirements/incidents-work-orders/FR-3694-installation-work-order-test.md,370
3695,FR-3695,Incidents & Work Orders,Installation Work Order,EVENT,requirements/incidents-work-orders/FR-3695-installation-work-order-event.md,371
3696,FR-3696,Incidents & Work Orders,Installation Work Order,OPERATIONS,requirements/incidents-work-orders/FR-3696-installation-work-order-operations.md,363
3697,FR-3697,Incidents & Work Orders,Fault Repair,UI,requirements/incidents-work-orders/FR-3697-fault-repair-ui.md,396
3698,FR-3698,Incidents & Work Orders,Fault Repair,BACKEND,requirements/incidents-work-orders/FR-3698-fault-repair-backend.md,375
3699,FR-3699,Incidents & Work Orders,Fault Repair,API,requirements/incidents-work-orders/FR-3699-fault-repair-api.md,374
3700,FR-3700,Incidents & Work Orders,Fault Repair,SECURITY,requirements/incidents-work-orders/FR-3700-fault-repair-security.md,379
3701,FR-3701,Incidents & Work Orders,Fault Repair,TEST,requirements/incidents-work-orders/FR-3701-fault-repair-test.md,367
3702,FR-3702,Incidents & Work Orders,Fault Repair,EVENT,requirements/incidents-work-orders/FR-3702-fault-repair-event.md,368
3703,FR-3703,Incidents & Work Orders,Fault Repair,OPERATIONS,requirements/incidents-work-orders/FR-3703-fault-repair-operations.md,360
3704,FR-3704,Incidents & Work Orders,Fiber Repair,UI,requirements/incidents-work-orders/FR-3704-fiber-repair-ui.md,396
3705,FR-3705,Incidents & Work Orders,Fiber Repair,BACKEND,requirements/incidents-work-orders/FR-3705-fiber-repair-backend.md,375
3706,FR-3706,Incidents & Work Orders,Fiber Repair,API,requirements/incidents-work-orders/FR-3706-fiber-repair-api.md,374
3707,FR-3707,Incidents & Work Orders,Fiber Repair,SECURITY,requirements/incidents-work-orders/FR-3707-fiber-repair-security.md,379
3708,FR-3708,Incidents & Work Orders,Fiber Repair,TEST,requirements/incidents-work-orders/FR-3708-fiber-repair-test.md,367
3709,FR-3709,Incidents & Work Orders,Fiber Repair,EVENT,requirements/incidents-work-orders/FR-3709-fiber-repair-event.md,368
3710,FR-3710,Incidents & Work Orders,Fiber Repair,OPERATIONS,requirements/incidents-work-orders/FR-3710-fiber-repair-operations.md,360
3711,FR-3711,Incidents & Work Orders,ONU Replacement,UI,requirements/incidents-work-orders/FR-3711-onu-replacement-ui.md,396
3712,FR-3712,Incidents & Work Orders,ONU Replacement,BACKEND,requirements/incidents-work-orders/FR-3712-onu-replacement-backend.md,375
3713,FR-3713,Incidents & Work Orders,ONU Replacement,API,requirements/incidents-work-orders/FR-3713-onu-replacement-api.md,374
3714,FR-3714,Incidents & Work Orders,ONU Replacement,SECURITY,requirements/incidents-work-orders/FR-3714-onu-replacement-security.md,379
3715,FR-3715,Incidents & Work Orders,ONU Replacement,TEST,requirements/incidents-work-orders/FR-3715-onu-replacement-test.md,367
3716,FR-3716,Incidents & Work Orders,ONU Replacement,EVENT,requirements/incidents-work-orders/FR-3716-onu-replacement-event.md,368
3717,FR-3717,Incidents & Work Orders,ONU Replacement,OPERATIONS,requirements/incidents-work-orders/FR-3717-onu-replacement-operations.md,360
3718,FR-3718,Incidents & Work Orders,Relocation,UI,requirements/incidents-work-orders/FR-3718-relocation-ui.md,392
3719,FR-3719,Incidents & Work Orders,Relocation,BACKEND,requirements/incidents-work-orders/FR-3719-relocation-backend.md,372
3720,FR-3720,Incidents & Work Orders,Relocation,API,requirements/incidents-work-orders/FR-3720-relocation-api.md,371
3721,FR-3721,Incidents & Work Orders,Relocation,SECURITY,requirements/incidents-work-orders/FR-3721-relocation-security.md,376
3722,FR-3722,Incidents & Work Orders,Relocation,TEST,requirements/incidents-work-orders/FR-3722-relocation-test.md,364
3723,FR-3723,Incidents & Work Orders,Relocation,EVENT,requirements/incidents-work-orders/FR-3723-relocation-event.md,365
3724,FR-3724,Incidents & Work Orders,Relocation,OPERATIONS,requirements/incidents-work-orders/FR-3724-relocation-operations.md,357
3725,FR-3725,Incidents & Work Orders,Site Survey,UI,requirements/incidents-work-orders/FR-3725-site-survey-ui.md,396
3726,FR-3726,Incidents & Work Orders,Site Survey,BACKEND,requirements/incidents-work-orders/FR-3726-site-survey-backend.md,375
3727,FR-3727,Incidents & Work Orders,Site Survey,API,requirements/incidents-work-orders/FR-3727-site-survey-api.md,374
3728,FR-3728,Incidents & Work Orders,Site Survey,SECURITY,requirements/incidents-work-orders/FR-3728-site-survey-security.md,379
3729,FR-3729,Incidents & Work Orders,Site Survey,TEST,requirements/incidents-work-orders/FR-3729-site-survey-test.md,367
3730,FR-3730,Incidents & Work Orders,Site Survey,EVENT,requirements/incidents-work-orders/FR-3730-site-survey-event.md,368
3731,FR-3731,Incidents & Work Orders,Site Survey,OPERATIONS,requirements/incidents-work-orders/FR-3731-site-survey-operations.md,360
3732,FR-3732,Incidents & Work Orders,Maintenance,UI,requirements/incidents-work-orders/FR-3732-maintenance-ui.md,392
3733,FR-3733,Incidents & Work Orders,Maintenance,BACKEND,requirements/incidents-work-orders/FR-3733-maintenance-backend.md,372
3734,FR-3734,Incidents & Work Orders,Maintenance,API,requirements/incidents-work-orders/FR-3734-maintenance-api.md,371
3735,FR-3735,Incidents & Work Orders,Maintenance,SECURITY,requirements/incidents-work-orders/FR-3735-maintenance-security.md,376
3736,FR-3736,Incidents & Work Orders,Maintenance,TEST,requirements/incidents-work-orders/FR-3736-maintenance-test.md,364
3737,FR-3737,Incidents & Work Orders,Maintenance,EVENT,requirements/incidents-work-orders/FR-3737-maintenance-event.md,365
3738,FR-3738,Incidents & Work Orders,Maintenance,OPERATIONS,requirements/incidents-work-orders/FR-3738-maintenance-operations.md,357
3739,FR-3739,Incidents & Work Orders,Technician Assignment,UI,requirements/incidents-work-orders/FR-3739-technician-assignment-ui.md,396
3740,FR-3740,Incidents & Work Orders,Technician Assignment,BACKEND,requirements/incidents-work-orders/FR-3740-technician-assignment-backend.md,375
3741,FR-3741,Incidents & Work Orders,Technician Assignment,API,requirements/incidents-work-orders/FR-3741-technician-assignment-api.md,374
3742,FR-3742,Incidents & Work Orders,Technician Assignment,SECURITY,requirements/incidents-work-orders/FR-3742-technician-assignment-security.md,379
3743,FR-3743,Incidents & Work Orders,Technician Assignment,TEST,requirements/incidents-work-orders/FR-3743-technician-assignment-test.md,367
3744,FR-3744,Incidents & Work Orders,Technician Assignment,EVENT,requirements/incidents-work-orders/FR-3744-technician-assignment-event.md,368
3745,FR-3745,Incidents & Work Orders,Technician Assignment,OPERATIONS,requirements/incidents-work-orders/FR-3745-technician-assignment-operations.md,360
3746,FR-3746,Incidents & Work Orders,Field Checklist,UI,requirements/incidents-work-orders/FR-3746-field-checklist-ui.md,396
3747,FR-3747,Incidents & Work Orders,Field Checklist,BACKEND,requirements/incidents-work-orders/FR-3747-field-checklist-backend.md,375
3748,FR-3748,Incidents & Work Orders,Field Checklist,API,requirements/incidents-work-orders/FR-3748-field-checklist-api.md,374
3749,FR-3749,Incidents & Work Orders,Field Checklist,SECURITY,requirements/incidents-work-orders/FR-3749-field-checklist-security.md,379
3750,FR-3750,Incidents & Work Orders,Field Checklist,TEST,requirements/incidents-work-orders/FR-3750-field-checklist-test.md,367
3751,FR-3751,Incidents & Work Orders,Field Checklist,EVENT,requirements/incidents-work-orders/FR-3751-field-checklist-event.md,368
3752,FR-3752,Incidents & Work Orders,Field Checklist,OPERATIONS,requirements/incidents-work-orders/FR-3752-field-checklist-operations.md,360
3753,FR-3753,Incidents & Work Orders,Materials,UI,requirements/incidents-work-orders/FR-3753-materials-ui.md,392
3754,FR-3754,Incidents & Work Orders,Materials,BACKEND,requirements/incidents-work-orders/FR-3754-materials-backend.md,372
3755,FR-3755,Incidents & Work Orders,Materials,API,requirements/incidents-work-orders/FR-3755-materials-api.md,371
3756,FR-3756,Incidents & Work Orders,Materials,SECURITY,requirements/incidents-work-orders/FR-3756-materials-security.md,376
3757,FR-3757,Incidents & Work Orders,Materials,TEST,requirements/incidents-work-orders/FR-3757-materials-test.md,364
3758,FR-3758,Incidents & Work Orders,Materials,EVENT,requirements/incidents-work-orders/FR-3758-materials-event.md,365
3759,FR-3759,Incidents & Work Orders,Materials,OPERATIONS,requirements/incidents-work-orders/FR-3759-materials-operations.md,357
3760,FR-3760,Incidents & Work Orders,Photos,UI,requirements/incidents-work-orders/FR-3760-photos-ui.md,392
3761,FR-3761,Incidents & Work Orders,Photos,BACKEND,requirements/incidents-work-orders/FR-3761-photos-backend.md,372
3762,FR-3762,Incidents & Work Orders,Photos,API,requirements/incidents-work-orders/FR-3762-photos-api.md,371
3763,FR-3763,Incidents & Work Orders,Photos,SECURITY,requirements/incidents-work-orders/FR-3763-photos-security.md,376
3764,FR-3764,Incidents & Work Orders,Photos,TEST,requirements/incidents-work-orders/FR-3764-photos-test.md,364
3765,FR-3765,Incidents & Work Orders,Photos,EVENT,requirements/incidents-work-orders/FR-3765-photos-event.md,365
3766,FR-3766,Incidents & Work Orders,Photos,OPERATIONS,requirements/incidents-work-orders/FR-3766-photos-operations.md,357
3767,FR-3767,Incidents & Work Orders,GPS Evidence,UI,requirements/incidents-work-orders/FR-3767-gps-evidence-ui.md,396
3768,FR-3768,Incidents & Work Orders,GPS Evidence,BACKEND,requirements/incidents-work-orders/FR-3768-gps-evidence-backend.md,375
3769,FR-3769,Incidents & Work Orders,GPS Evidence,API,requirements/incidents-work-orders/FR-3769-gps-evidence-api.md,374
3770,FR-3770,Incidents & Work Orders,GPS Evidence,SECURITY,requirements/incidents-work-orders/FR-3770-gps-evidence-security.md,379
3771,FR-3771,Incidents & Work Orders,GPS Evidence,TEST,requirements/incidents-work-orders/FR-3771-gps-evidence-test.md,367
3772,FR-3772,Incidents & Work Orders,GPS Evidence,EVENT,requirements/incidents-work-orders/FR-3772-gps-evidence-event.md,368
3773,FR-3773,Incidents & Work Orders,GPS Evidence,OPERATIONS,requirements/incidents-work-orders/FR-3773-gps-evidence-operations.md,360
3774,FR-3774,Incidents & Work Orders,Measurements,UI,requirements/incidents-work-orders/FR-3774-measurements-ui.md,392
3775,FR-3775,Incidents & Work Orders,Measurements,BACKEND,requirements/incidents-work-orders/FR-3775-measurements-backend.md,372
3776,FR-3776,Incidents & Work Orders,Measurements,API,requirements/incidents-work-orders/FR-3776-measurements-api.md,371
3777,FR-3777,Incidents & Work Orders,Measurements,SECURITY,requirements/incidents-work-orders/FR-3777-measurements-security.md,376
3778,FR-3778,Incidents & Work Orders,Measurements,TEST,requirements/incidents-work-orders/FR-3778-measurements-test.md,364
3779,FR-3779,Incidents & Work Orders,Measurements,EVENT,requirements/incidents-work-orders/FR-3779-measurements-event.md,365
3780,FR-3780,Incidents & Work Orders,Measurements,OPERATIONS,requirements/incidents-work-orders/FR-3780-measurements-operations.md,357
3781,FR-3781,Incidents & Work Orders,Completion Verification,UI,requirements/incidents-work-orders/FR-3781-completion-verification-ui.md,396
3782,FR-3782,Incidents & Work Orders,Completion Verification,BACKEND,requirements/incidents-work-orders/FR-3782-completion-verification-backend.md,375
3783,FR-3783,Incidents & Work Orders,Completion Verification,API,requirements/incidents-work-orders/FR-3783-completion-verification-api.md,374
3784,FR-3784,Incidents & Work Orders,Completion Verification,SECURITY,requirements/incidents-work-orders/FR-3784-completion-verification-security.md,379
3785,FR-3785,Incidents & Work Orders,Completion Verification,TEST,requirements/incidents-work-orders/FR-3785-completion-verification-test.md,367
3786,FR-3786,Incidents & Work Orders,Completion Verification,EVENT,requirements/incidents-work-orders/FR-3786-completion-verification-event.md,368
3787,FR-3787,Incidents & Work Orders,Completion Verification,OPERATIONS,requirements/incidents-work-orders/FR-3787-completion-verification-operations.md,360
3788,FR-3788,Incidents & Work Orders,Maintenance Window,UI,requirements/incidents-work-orders/FR-3788-maintenance-window-ui.md,396
3789,FR-3789,Incidents & Work Orders,Maintenance Window,BACKEND,requirements/incidents-work-orders/FR-3789-maintenance-window-backend.md,375
3790,FR-3790,Incidents & Work Orders,Maintenance Window,API,requirements/incidents-work-orders/FR-3790-maintenance-window-api.md,374
3791,FR-3791,Incidents & Work Orders,Maintenance Window,SECURITY,requirements/incidents-work-orders/FR-3791-maintenance-window-security.md,379
3792,FR-3792,Incidents & Work Orders,Maintenance Window,TEST,requirements/incidents-work-orders/FR-3792-maintenance-window-test.md,367
3793,FR-3793,Incidents & Work Orders,Maintenance Window,EVENT,requirements/incidents-work-orders/FR-3793-maintenance-window-event.md,368
3794,FR-3794,Incidents & Work Orders,Maintenance Window,OPERATIONS,requirements/incidents-work-orders/FR-3794-maintenance-window-operations.md,360
3795,FR-3795,Incidents & Work Orders,Change Link,UI,requirements/incidents-work-orders/FR-3795-change-link-ui.md,396
3796,FR-3796,Incidents & Work Orders,Change Link,BACKEND,requirements/incidents-work-orders/FR-3796-change-link-backend.md,375
3797,FR-3797,Incidents & Work Orders,Change Link,API,requirements/incidents-work-orders/FR-3797-change-link-api.md,374
3798,FR-3798,Incidents & Work Orders,Change Link,SECURITY,requirements/incidents-work-orders/FR-3798-change-link-security.md,379
3799,FR-3799,Incidents & Work Orders,Change Link,TEST,requirements/incidents-work-orders/FR-3799-change-link-test.md,367
3800,FR-3800,Incidents & Work Orders,Change Link,EVENT,requirements/incidents-work-orders/FR-3800-change-link-event.md,368
3801,FR-3801,Incidents & Work Orders,Change Link,OPERATIONS,requirements/incidents-work-orders/FR-3801-change-link-operations.md,360
3802,FR-3802,Incidents & Work Orders,Related Tickets,UI,requirements/incidents-work-orders/FR-3802-related-tickets-ui.md,396
3803,FR-3803,Incidents & Work Orders,Related Tickets,BACKEND,requirements/incidents-work-orders/FR-3803-related-tickets-backend.md,375
3804,FR-3804,Incidents & Work Orders,Related Tickets,API,requirements/incidents-work-orders/FR-3804-related-tickets-api.md,374
3805,FR-3805,Incidents & Work Orders,Related Tickets,SECURITY,requirements/incidents-work-orders/FR-3805-related-tickets-security.md,379
3806,FR-3806,Incidents & Work Orders,Related Tickets,TEST,requirements/incidents-work-orders/FR-3806-related-tickets-test.md,367
3807,FR-3807,Incidents & Work Orders,Related Tickets,EVENT,requirements/incidents-work-orders/FR-3807-related-tickets-event.md,368
3808,FR-3808,Incidents & Work Orders,Related Tickets,OPERATIONS,requirements/incidents-work-orders/FR-3808-related-tickets-operations.md,360
3809,FR-3809,Incidents & Work Orders,Incident Reports,UI,requirements/incidents-work-orders/FR-3809-incident-reports-ui.md,396
3810,FR-3810,Incidents & Work Orders,Incident Reports,BACKEND,requirements/incidents-work-orders/FR-3810-incident-reports-backend.md,375
3811,FR-3811,Incidents & Work Orders,Incident Reports,API,requirements/incidents-work-orders/FR-3811-incident-reports-api.md,374
3812,FR-3812,Incidents & Work Orders,Incident Reports,SECURITY,requirements/incidents-work-orders/FR-3812-incident-reports-security.md,379
3813,FR-3813,Incidents & Work Orders,Incident Reports,TEST,requirements/incidents-work-orders/FR-3813-incident-reports-test.md,367
3814,FR-3814,Incidents & Work Orders,Incident Reports,EVENT,requirements/incidents-work-orders/FR-3814-incident-reports-event.md,368
3815,FR-3815,Incidents & Work Orders,Incident Reports,OPERATIONS,requirements/incidents-work-orders/FR-3815-incident-reports-operations.md,360
3816,FR-3816,Incidents & Work Orders,Work Order Reports,UI,requirements/incidents-work-orders/FR-3816-work-order-reports-ui.md,400
3817,FR-3817,Incidents & Work Orders,Work Order Reports,BACKEND,requirements/incidents-work-orders/FR-3817-work-order-reports-backend.md,378
3818,FR-3818,Incidents & Work Orders,Work Order Reports,API,requirements/incidents-work-orders/FR-3818-work-order-reports-api.md,377
3819,FR-3819,Incidents & Work Orders,Work Order Reports,SECURITY,requirements/incidents-work-orders/FR-3819-work-order-reports-security.md,382
3820,FR-3820,Incidents & Work Orders,Work Order Reports,TEST,requirements/incidents-work-orders/FR-3820-work-order-reports-test.md,370
3821,FR-3821,Incidents & Work Orders,Work Order Reports,EVENT,requirements/incidents-work-orders/FR-3821-work-order-reports-event.md,371
3822,FR-3822,Incidents & Work Orders,Work Order Reports,OPERATIONS,requirements/incidents-work-orders/FR-3822-work-order-reports-operations.md,363
3823,FR-3823,Tickets & Support,Support Dashboard,UI,requirements/tickets-support/FR-3823-support-dashboard-ui.md,391
3824,FR-3824,Tickets & Support,Support Dashboard,BACKEND,requirements/tickets-support/FR-3824-support-dashboard-backend.md,370
3825,FR-3825,Tickets & Support,Support Dashboard,API,requirements/tickets-support/FR-3825-support-dashboard-api.md,372
3826,FR-3826,Tickets & Support,Support Dashboard,SECURITY,requirements/tickets-support/FR-3826-support-dashboard-security.md,377
3827,FR-3827,Tickets & Support,Support Dashboard,TEST,requirements/tickets-support/FR-3827-support-dashboard-test.md,365
3828,FR-3828,Tickets & Support,Support Dashboard,EVENT,requirements/tickets-support/FR-3828-support-dashboard-event.md,366
3829,FR-3829,Tickets & Support,Support Dashboard,OPERATIONS,requirements/tickets-support/FR-3829-support-dashboard-operations.md,358
3830,FR-3830,Tickets & Support,Tickets,UI,requirements/tickets-support/FR-3830-tickets-ui.md,387
3831,FR-3831,Tickets & Support,Tickets,BACKEND,requirements/tickets-support/FR-3831-tickets-backend.md,367
3832,FR-3832,Tickets & Support,Tickets,API,requirements/tickets-support/FR-3832-tickets-api.md,369
3833,FR-3833,Tickets & Support,Tickets,SECURITY,requirements/tickets-support/FR-3833-tickets-security.md,374
3834,FR-3834,Tickets & Support,Tickets,TEST,requirements/tickets-support/FR-3834-tickets-test.md,362
3835,FR-3835,Tickets & Support,Tickets,EVENT,requirements/tickets-support/FR-3835-tickets-event.md,363
3836,FR-3836,Tickets & Support,Tickets,OPERATIONS,requirements/tickets-support/FR-3836-tickets-operations.md,355
3837,FR-3837,Tickets & Support,No Internet,UI,requirements/tickets-support/FR-3837-no-internet-ui.md,391
3838,FR-3838,Tickets & Support,No Internet,BACKEND,requirements/tickets-support/FR-3838-no-internet-backend.md,370
3839,FR-3839,Tickets & Support,No Internet,API,requirements/tickets-support/FR-3839-no-internet-api.md,372
3840,FR-3840,Tickets & Support,No Internet,SECURITY,requirements/tickets-support/FR-3840-no-internet-security.md,377
3841,FR-3841,Tickets & Support,No Internet,TEST,requirements/tickets-support/FR-3841-no-internet-test.md,365
3842,FR-3842,Tickets & Support,No Internet,EVENT,requirements/tickets-support/FR-3842-no-internet-event.md,366
3843,FR-3843,Tickets & Support,No Internet,OPERATIONS,requirements/tickets-support/FR-3843-no-internet-operations.md,358
3844,FR-3844,Tickets & Support,Slow Speed,UI,requirements/tickets-support/FR-3844-slow-speed-ui.md,391
3845,FR-3845,Tickets & Support,Slow Speed,BACKEND,requirements/tickets-support/FR-3845-slow-speed-backend.md,370
3846,FR-3846,Tickets & Support,Slow Speed,API,requirements/tickets-support/FR-3846-slow-speed-api.md,372
3847,FR-3847,Tickets & Support,Slow Speed,SECURITY,requirements/tickets-support/FR-3847-slow-speed-security.md,377
3848,FR-3848,Tickets & Support,Slow Speed,TEST,requirements/tickets-support/FR-3848-slow-speed-test.md,365
3849,FR-3849,Tickets & Support,Slow Speed,EVENT,requirements/tickets-support/FR-3849-slow-speed-event.md,366
3850,FR-3850,Tickets & Support,Slow Speed,OPERATIONS,requirements/tickets-support/FR-3850-slow-speed-operations.md,358
3851,FR-3851,Tickets & Support,Wi-Fi Issue,UI,requirements/tickets-support/FR-3851-wi-fi-issue-ui.md,391
3852,FR-3852,Tickets & Support,Wi-Fi Issue,BACKEND,requirements/tickets-support/FR-3852-wi-fi-issue-backend.md,370
3853,FR-3853,Tickets & Support,Wi-Fi Issue,API,requirements/tickets-support/FR-3853-wi-fi-issue-api.md,372
3854,FR-3854,Tickets & Support,Wi-Fi Issue,SECURITY,requirements/tickets-support/FR-3854-wi-fi-issue-security.md,377
3855,FR-3855,Tickets & Support,Wi-Fi Issue,TEST,requirements/tickets-support/FR-3855-wi-fi-issue-test.md,365
3856,FR-3856,Tickets & Support,Wi-Fi Issue,EVENT,requirements/tickets-support/FR-3856-wi-fi-issue-event.md,366
3857,FR-3857,Tickets & Support,Wi-Fi Issue,OPERATIONS,requirements/tickets-support/FR-3857-wi-fi-issue-operations.md,358
3858,FR-3858,Tickets & Support,Billing Issue,UI,requirements/tickets-support/FR-3858-billing-issue-ui.md,391
3859,FR-3859,Tickets & Support,Billing Issue,BACKEND,requirements/tickets-support/FR-3859-billing-issue-backend.md,370
3860,FR-3860,Tickets & Support,Billing Issue,API,requirements/tickets-support/FR-3860-billing-issue-api.md,372
3861,FR-3861,Tickets & Support,Billing Issue,SECURITY,requirements/tickets-support/FR-3861-billing-issue-security.md,377
3862,FR-3862,Tickets & Support,Billing Issue,TEST,requirements/tickets-support/FR-3862-billing-issue-test.md,365
3863,FR-3863,Tickets & Support,Billing Issue,EVENT,requirements/tickets-support/FR-3863-billing-issue-event.md,366
3864,FR-3864,Tickets & Support,Billing Issue,OPERATIONS,requirements/tickets-support/FR-3864-billing-issue-operations.md,358
3865,FR-3865,Tickets & Support,ONU Issue,UI,requirements/tickets-support/FR-3865-onu-issue-ui.md,391
3866,FR-3866,Tickets & Support,ONU Issue,BACKEND,requirements/tickets-support/FR-3866-onu-issue-backend.md,370
3867,FR-3867,Tickets & Support,ONU Issue,API,requirements/tickets-support/FR-3867-onu-issue-api.md,372
3868,FR-3868,Tickets & Support,ONU Issue,SECURITY,requirements/tickets-support/FR-3868-onu-issue-security.md,377
3869,FR-3869,Tickets & Support,ONU Issue,TEST,requirements/tickets-support/FR-3869-onu-issue-test.md,365
3870,FR-3870,Tickets & Support,ONU Issue,EVENT,requirements/tickets-support/FR-3870-onu-issue-event.md,366
3871,FR-3871,Tickets & Support,ONU Issue,OPERATIONS,requirements/tickets-support/FR-3871-onu-issue-operations.md,358
3872,FR-3872,Tickets & Support,Fiber Issue,UI,requirements/tickets-support/FR-3872-fiber-issue-ui.md,391
3873,FR-3873,Tickets & Support,Fiber Issue,BACKEND,requirements/tickets-support/FR-3873-fiber-issue-backend.md,370
3874,FR-3874,Tickets & Support,Fiber Issue,API,requirements/tickets-support/FR-3874-fiber-issue-api.md,372
3875,FR-3875,Tickets & Support,Fiber Issue,SECURITY,requirements/tickets-support/FR-3875-fiber-issue-security.md,377
3876,FR-3876,Tickets & Support,Fiber Issue,TEST,requirements/tickets-support/FR-3876-fiber-issue-test.md,365
3877,FR-3877,Tickets & Support,Fiber Issue,EVENT,requirements/tickets-support/FR-3877-fiber-issue-event.md,366
3878,FR-3878,Tickets & Support,Fiber Issue,OPERATIONS,requirements/tickets-support/FR-3878-fiber-issue-operations.md,358
3879,FR-3879,Tickets & Support,Relocation Ticket,UI,requirements/tickets-support/FR-3879-relocation-ticket-ui.md,391
3880,FR-3880,Tickets & Support,Relocation Ticket,BACKEND,requirements/tickets-support/FR-3880-relocation-ticket-backend.md,370
3881,FR-3881,Tickets & Support,Relocation Ticket,API,requirements/tickets-support/FR-3881-relocation-ticket-api.md,372
3882,FR-3882,Tickets & Support,Relocation Ticket,SECURITY,requirements/tickets-support/FR-3882-relocation-ticket-security.md,377
3883,FR-3883,Tickets & Support,Relocation Ticket,TEST,requirements/tickets-support/FR-3883-relocation-ticket-test.md,365
3884,FR-3884,Tickets & Support,Relocation Ticket,EVENT,requirements/tickets-support/FR-3884-relocation-ticket-event.md,366
3885,FR-3885,Tickets & Support,Relocation Ticket,OPERATIONS,requirements/tickets-support/FR-3885-relocation-ticket-operations.md,358
3886,FR-3886,Tickets & Support,Package Upgrade Ticket,UI,requirements/tickets-support/FR-3886-package-upgrade-ticket-ui.md,395
3887,FR-3887,Tickets & Support,Package Upgrade Ticket,BACKEND,requirements/tickets-support/FR-3887-package-upgrade-ticket-backend.md,373
3888,FR-3888,Tickets & Support,Package Upgrade Ticket,API,requirements/tickets-support/FR-3888-package-upgrade-ticket-api.md,375
3889,FR-3889,Tickets & Support,Package Upgrade Ticket,SECURITY,requirements/tickets-support/FR-3889-package-upgrade-ticket-security.md,380
3890,FR-3890,Tickets & Support,Package Upgrade Ticket,TEST,requirements/tickets-support/FR-3890-package-upgrade-ticket-test.md,368
3891,FR-3891,Tickets & Support,Package Upgrade Ticket,EVENT,requirements/tickets-support/FR-3891-package-upgrade-ticket-event.md,369
3892,FR-3892,Tickets & Support,Package Upgrade Ticket,OPERATIONS,requirements/tickets-support/FR-3892-package-upgrade-ticket-operations.md,361
3893,FR-3893,Tickets & Support,Ticket SLA,UI,requirements/tickets-support/FR-3893-ticket-sla-ui.md,391
3894,FR-3894,Tickets & Support,Ticket SLA,BACKEND,requirements/tickets-support/FR-3894-ticket-sla-backend.md,370
3895,FR-3895,Tickets & Support,Ticket SLA,API,requirements/tickets-support/FR-3895-ticket-sla-api.md,372
3896,FR-3896,Tickets & Support,Ticket SLA,SECURITY,requirements/tickets-support/FR-3896-ticket-sla-security.md,377
3897,FR-3897,Tickets & Support,Ticket SLA,TEST,requirements/tickets-support/FR-3897-ticket-sla-test.md,365
3898,FR-3898,Tickets & Support,Ticket SLA,EVENT,requirements/tickets-support/FR-3898-ticket-sla-event.md,366
3899,FR-3899,Tickets & Support,Ticket SLA,OPERATIONS,requirements/tickets-support/FR-3899-ticket-sla-operations.md,358
3900,FR-3900,Tickets & Support,Assignment,UI,requirements/tickets-support/FR-3900-assignment-ui.md,387
3901,FR-3901,Tickets & Support,Assignment,BACKEND,requirements/tickets-support/FR-3901-assignment-backend.md,367
3902,FR-3902,Tickets & Support,Assignment,API,requirements/tickets-support/FR-3902-assignment-api.md,369
3903,FR-3903,Tickets & Support,Assignment,SECURITY,requirements/tickets-support/FR-3903-assignment-security.md,374
3904,FR-3904,Tickets & Support,Assignment,TEST,requirements/tickets-support/FR-3904-assignment-test.md,362
3905,FR-3905,Tickets & Support,Assignment,EVENT,requirements/tickets-support/FR-3905-assignment-event.md,363
3906,FR-3906,Tickets & Support,Assignment,OPERATIONS,requirements/tickets-support/FR-3906-assignment-operations.md,355
3907,FR-3907,Tickets & Support,Escalation,UI,requirements/tickets-support/FR-3907-escalation-ui.md,387
3908,FR-3908,Tickets & Support,Escalation,BACKEND,requirements/tickets-support/FR-3908-escalation-backend.md,367
3909,FR-3909,Tickets & Support,Escalation,API,requirements/tickets-support/FR-3909-escalation-api.md,369
3910,FR-3910,Tickets & Support,Escalation,SECURITY,requirements/tickets-support/FR-3910-escalation-security.md,374
3911,FR-3911,Tickets & Support,Escalation,TEST,requirements/tickets-support/FR-3911-escalation-test.md,362
3912,FR-3912,Tickets & Support,Escalation,EVENT,requirements/tickets-support/FR-3912-escalation-event.md,363
3913,FR-3913,Tickets & Support,Escalation,OPERATIONS,requirements/tickets-support/FR-3913-escalation-operations.md,355
3914,FR-3914,Tickets & Support,Internal Notes,UI,requirements/tickets-support/FR-3914-internal-notes-ui.md,391
3915,FR-3915,Tickets & Support,Internal Notes,BACKEND,requirements/tickets-support/FR-3915-internal-notes-backend.md,370
3916,FR-3916,Tickets & Support,Internal Notes,API,requirements/tickets-support/FR-3916-internal-notes-api.md,372
3917,FR-3917,Tickets & Support,Internal Notes,SECURITY,requirements/tickets-support/FR-3917-internal-notes-security.md,377
3918,FR-3918,Tickets & Support,Internal Notes,TEST,requirements/tickets-support/FR-3918-internal-notes-test.md,365
3919,FR-3919,Tickets & Support,Internal Notes,EVENT,requirements/tickets-support/FR-3919-internal-notes-event.md,366
3920,FR-3920,Tickets & Support,Internal Notes,OPERATIONS,requirements/tickets-support/FR-3920-internal-notes-operations.md,358
3921,FR-3921,Tickets & Support,Customer Replies,UI,requirements/tickets-support/FR-3921-customer-replies-ui.md,391
3922,FR-3922,Tickets & Support,Customer Replies,BACKEND,requirements/tickets-support/FR-3922-customer-replies-backend.md,370
3923,FR-3923,Tickets & Support,Customer Replies,API,requirements/tickets-support/FR-3923-customer-replies-api.md,372
3924,FR-3924,Tickets & Support,Customer Replies,SECURITY,requirements/tickets-support/FR-3924-customer-replies-security.md,377
3925,FR-3925,Tickets & Support,Customer Replies,TEST,requirements/tickets-support/FR-3925-customer-replies-test.md,365
3926,FR-3926,Tickets & Support,Customer Replies,EVENT,requirements/tickets-support/FR-3926-customer-replies-event.md,366
3927,FR-3927,Tickets & Support,Customer Replies,OPERATIONS,requirements/tickets-support/FR-3927-customer-replies-operations.md,358
3928,FR-3928,Tickets & Support,Attachments,UI,requirements/tickets-support/FR-3928-attachments-ui.md,387
3929,FR-3929,Tickets & Support,Attachments,BACKEND,requirements/tickets-support/FR-3929-attachments-backend.md,367
3930,FR-3930,Tickets & Support,Attachments,API,requirements/tickets-support/FR-3930-attachments-api.md,369
3931,FR-3931,Tickets & Support,Attachments,SECURITY,requirements/tickets-support/FR-3931-attachments-security.md,374
3932,FR-3932,Tickets & Support,Attachments,TEST,requirements/tickets-support/FR-3932-attachments-test.md,362
3933,FR-3933,Tickets & Support,Attachments,EVENT,requirements/tickets-support/FR-3933-attachments-event.md,363
3934,FR-3934,Tickets & Support,Attachments,OPERATIONS,requirements/tickets-support/FR-3934-attachments-operations.md,355
3935,FR-3935,Tickets & Support,Ticket History,UI,requirements/tickets-support/FR-3935-ticket-history-ui.md,391
3936,FR-3936,Tickets & Support,Ticket History,BACKEND,requirements/tickets-support/FR-3936-ticket-history-backend.md,370
3937,FR-3937,Tickets & Support,Ticket History,API,requirements/tickets-support/FR-3937-ticket-history-api.md,372
3938,FR-3938,Tickets & Support,Ticket History,SECURITY,requirements/tickets-support/FR-3938-ticket-history-security.md,377
3939,FR-3939,Tickets & Support,Ticket History,TEST,requirements/tickets-support/FR-3939-ticket-history-test.md,365
3940,FR-3940,Tickets & Support,Ticket History,EVENT,requirements/tickets-support/FR-3940-ticket-history-event.md,366
3941,FR-3941,Tickets & Support,Ticket History,OPERATIONS,requirements/tickets-support/FR-3941-ticket-history-operations.md,358
3942,FR-3942,Tickets & Support,Smart Support View,UI,requirements/tickets-support/FR-3942-smart-support-view-ui.md,395
3943,FR-3943,Tickets & Support,Smart Support View,BACKEND,requirements/tickets-support/FR-3943-smart-support-view-backend.md,373
3944,FR-3944,Tickets & Support,Smart Support View,API,requirements/tickets-support/FR-3944-smart-support-view-api.md,375
3945,FR-3945,Tickets & Support,Smart Support View,SECURITY,requirements/tickets-support/FR-3945-smart-support-view-security.md,380
3946,FR-3946,Tickets & Support,Smart Support View,TEST,requirements/tickets-support/FR-3946-smart-support-view-test.md,368
3947,FR-3947,Tickets & Support,Smart Support View,EVENT,requirements/tickets-support/FR-3947-smart-support-view-event.md,369
3948,FR-3948,Tickets & Support,Smart Support View,OPERATIONS,requirements/tickets-support/FR-3948-smart-support-view-operations.md,361
3949,FR-3949,Tickets & Support,Customer Health Snapshot,UI,requirements/tickets-support/FR-3949-customer-health-snapshot-ui.md,395
3950,FR-3950,Tickets & Support,Customer Health Snapshot,BACKEND,requirements/tickets-support/FR-3950-customer-health-snapshot-backend.md,373
3951,FR-3951,Tickets & Support,Customer Health Snapshot,API,requirements/tickets-support/FR-3951-customer-health-snapshot-api.md,375
3952,FR-3952,Tickets & Support,Customer Health Snapshot,SECURITY,requirements/tickets-support/FR-3952-customer-health-snapshot-security.md,380
3953,FR-3953,Tickets & Support,Customer Health Snapshot,TEST,requirements/tickets-support/FR-3953-customer-health-snapshot-test.md,368
3954,FR-3954,Tickets & Support,Customer Health Snapshot,EVENT,requirements/tickets-support/FR-3954-customer-health-snapshot-event.md,369
3955,FR-3955,Tickets & Support,Customer Health Snapshot,OPERATIONS,requirements/tickets-support/FR-3955-customer-health-snapshot-operations.md,361
3956,FR-3956,Tickets & Support,Remote Diagnostics,UI,requirements/tickets-support/FR-3956-remote-diagnostics-ui.md,391
3957,FR-3957,Tickets & Support,Remote Diagnostics,BACKEND,requirements/tickets-support/FR-3957-remote-diagnostics-backend.md,370
3958,FR-3958,Tickets & Support,Remote Diagnostics,API,requirements/tickets-support/FR-3958-remote-diagnostics-api.md,372
3959,FR-3959,Tickets & Support,Remote Diagnostics,SECURITY,requirements/tickets-support/FR-3959-remote-diagnostics-security.md,377
3960,FR-3960,Tickets & Support,Remote Diagnostics,TEST,requirements/tickets-support/FR-3960-remote-diagnostics-test.md,365
3961,FR-3961,Tickets & Support,Remote Diagnostics,EVENT,requirements/tickets-support/FR-3961-remote-diagnostics-event.md,366
3962,FR-3962,Tickets & Support,Remote Diagnostics,OPERATIONS,requirements/tickets-support/FR-3962-remote-diagnostics-operations.md,358
3963,FR-3963,Tickets & Support,Support Reports,UI,requirements/tickets-support/FR-3963-support-reports-ui.md,391
3964,FR-3964,Tickets & Support,Support Reports,BACKEND,requirements/tickets-support/FR-3964-support-reports-backend.md,370
3965,FR-3965,Tickets & Support,Support Reports,API,requirements/tickets-support/FR-3965-support-reports-api.md,372
3966,FR-3966,Tickets & Support,Support Reports,SECURITY,requirements/tickets-support/FR-3966-support-reports-security.md,377
3967,FR-3967,Tickets & Support,Support Reports,TEST,requirements/tickets-support/FR-3967-support-reports-test.md,365
3968,FR-3968,Tickets & Support,Support Reports,EVENT,requirements/tickets-support/FR-3968-support-reports-event.md,366
3969,FR-3969,Tickets & Support,Support Reports,OPERATIONS,requirements/tickets-support/FR-3969-support-reports-operations.md,358
3970,FR-3970,Inventory,Inventory Dashboard,UI,requirements/inventory/FR-3970-inventory-dashboard-ui.md,387
3971,FR-3971,Inventory,Inventory Dashboard,BACKEND,requirements/inventory/FR-3971-inventory-dashboard-backend.md,370
3972,FR-3972,Inventory,Inventory Dashboard,API,requirements/inventory/FR-3972-inventory-dashboard-api.md,371
3973,FR-3973,Inventory,Inventory Dashboard,SECURITY,requirements/inventory/FR-3973-inventory-dashboard-security.md,376
3974,FR-3974,Inventory,Inventory Dashboard,TEST,requirements/inventory/FR-3974-inventory-dashboard-test.md,364
3975,FR-3975,Inventory,Inventory Dashboard,EVENT,requirements/inventory/FR-3975-inventory-dashboard-event.md,365
3976,FR-3976,Inventory,Inventory Dashboard,OPERATIONS,requirements/inventory/FR-3976-inventory-dashboard-operations.md,357
3977,FR-3977,Inventory,Warehouses,UI,requirements/inventory/FR-3977-warehouses-ui.md,383
3978,FR-3978,Inventory,Warehouses,BACKEND,requirements/inventory/FR-3978-warehouses-backend.md,367
3979,FR-3979,Inventory,Warehouses,API,requirements/inventory/FR-3979-warehouses-api.md,368
3980,FR-3980,Inventory,Warehouses,SECURITY,requirements/inventory/FR-3980-warehouses-security.md,373
3981,FR-3981,Inventory,Warehouses,TEST,requirements/inventory/FR-3981-warehouses-test.md,361
3982,FR-3982,Inventory,Warehouses,EVENT,requirements/inventory/FR-3982-warehouses-event.md,362
3983,FR-3983,Inventory,Warehouses,OPERATIONS,requirements/inventory/FR-3983-warehouses-operations.md,354
3984,FR-3984,Inventory,Stock Items,UI,requirements/inventory/FR-3984-stock-items-ui.md,387
3985,FR-3985,Inventory,Stock Items,BACKEND,requirements/inventory/FR-3985-stock-items-backend.md,370
3986,FR-3986,Inventory,Stock Items,API,requirements/inventory/FR-3986-stock-items-api.md,371
3987,FR-3987,Inventory,Stock Items,SECURITY,requirements/inventory/FR-3987-stock-items-security.md,376
3988,FR-3988,Inventory,Stock Items,TEST,requirements/inventory/FR-3988-stock-items-test.md,364
3989,FR-3989,Inventory,Stock Items,EVENT,requirements/inventory/FR-3989-stock-items-event.md,365
3990,FR-3990,Inventory,Stock Items,OPERATIONS,requirements/inventory/FR-3990-stock-items-operations.md,357
3991,FR-3991,Inventory,Routers Stock,UI,requirements/inventory/FR-3991-routers-stock-ui.md,387
3992,FR-3992,Inventory,Routers Stock,BACKEND,requirements/inventory/FR-3992-routers-stock-backend.md,370
3993,FR-3993,Inventory,Routers Stock,API,requirements/inventory/FR-3993-routers-stock-api.md,371
3994,FR-3994,Inventory,Routers Stock,SECURITY,requirements/inventory/FR-3994-routers-stock-security.md,376
3995,FR-3995,Inventory,Routers Stock,TEST,requirements/inventory/FR-3995-routers-stock-test.md,364
3996,FR-3996,Inventory,Routers Stock,EVENT,requirements/inventory/FR-3996-routers-stock-event.md,365
3997,FR-3997,Inventory,Routers Stock,OPERATIONS,requirements/inventory/FR-3997-routers-stock-operations.md,357
3998,FR-3998,Inventory,Switches Stock,UI,requirements/inventory/FR-3998-switches-stock-ui.md,387
3999,FR-3999,Inventory,Switches Stock,BACKEND,requirements/inventory/FR-3999-switches-stock-backend.md,370
4000,FR-4000,Inventory,Switches Stock,API,requirements/inventory/FR-4000-switches-stock-api.md,371
4001,FR-4001,Inventory,Switches Stock,SECURITY,requirements/inventory/FR-4001-switches-stock-security.md,376
4002,FR-4002,Inventory,Switches Stock,TEST,requirements/inventory/FR-4002-switches-stock-test.md,364
4003,FR-4003,Inventory,Switches Stock,EVENT,requirements/inventory/FR-4003-switches-stock-event.md,365
4004,FR-4004,Inventory,Switches Stock,OPERATIONS,requirements/inventory/FR-4004-switches-stock-operations.md,357
4005,FR-4005,Inventory,OLT Stock,UI,requirements/inventory/FR-4005-olt-stock-ui.md,387
4006,FR-4006,Inventory,OLT Stock,BACKEND,requirements/inventory/FR-4006-olt-stock-backend.md,370
4007,FR-4007,Inventory,OLT Stock,API,requirements/inventory/FR-4007-olt-stock-api.md,371
4008,FR-4008,Inventory,OLT Stock,SECURITY,requirements/inventory/FR-4008-olt-stock-security.md,376
4009,FR-4009,Inventory,OLT Stock,TEST,requirements/inventory/FR-4009-olt-stock-test.md,364
4010,FR-4010,Inventory,OLT Stock,EVENT,requirements/inventory/FR-4010-olt-stock-event.md,365
4011,FR-4011,Inventory,OLT Stock,OPERATIONS,requirements/inventory/FR-4011-olt-stock-operations.md,357
4012,FR-4012,Inventory,Board Stock,UI,requirements/inventory/FR-4012-board-stock-ui.md,387
4013,FR-4013,Inventory,Board Stock,BACKEND,requirements/inventory/FR-4013-board-stock-backend.md,370
4014,FR-4014,Inventory,Board Stock,API,requirements/inventory/FR-4014-board-stock-api.md,371
4015,FR-4015,Inventory,Board Stock,SECURITY,requirements/inventory/FR-4015-board-stock-security.md,376
4016,FR-4016,Inventory,Board Stock,TEST,requirements/inventory/FR-4016-board-stock-test.md,364
4017,FR-4017,Inventory,Board Stock,EVENT,requirements/inventory/FR-4017-board-stock-event.md,365
4018,FR-4018,Inventory,Board Stock,OPERATIONS,requirements/inventory/FR-4018-board-stock-operations.md,357
4019,FR-4019,Inventory,SFP Stock,UI,requirements/inventory/FR-4019-sfp-stock-ui.md,387
4020,FR-4020,Inventory,SFP Stock,BACKEND,requirements/inventory/FR-4020-sfp-stock-backend.md,370
4021,FR-4021,Inventory,SFP Stock,API,requirements/inventory/FR-4021-sfp-stock-api.md,371
4022,FR-4022,Inventory,SFP Stock,SECURITY,requirements/inventory/FR-4022-sfp-stock-security.md,376
4023,FR-4023,Inventory,SFP Stock,TEST,requirements/inventory/FR-4023-sfp-stock-test.md,364
4024,FR-4024,Inventory,SFP Stock,EVENT,requirements/inventory/FR-4024-sfp-stock-event.md,365
4025,FR-4025,Inventory,SFP Stock,OPERATIONS,requirements/inventory/FR-4025-sfp-stock-operations.md,357
4026,FR-4026,Inventory,ONU Stock,UI,requirements/inventory/FR-4026-onu-stock-ui.md,387
4027,FR-4027,Inventory,ONU Stock,BACKEND,requirements/inventory/FR-4027-onu-stock-backend.md,370
4028,FR-4028,Inventory,ONU Stock,API,requirements/inventory/FR-4028-onu-stock-api.md,371
4029,FR-4029,Inventory,ONU Stock,SECURITY,requirements/inventory/FR-4029-onu-stock-security.md,376
4030,FR-4030,Inventory,ONU Stock,TEST,requirements/inventory/FR-4030-onu-stock-test.md,364
4031,FR-4031,Inventory,ONU Stock,EVENT,requirements/inventory/FR-4031-onu-stock-event.md,365
4032,FR-4032,Inventory,ONU Stock,OPERATIONS,requirements/inventory/FR-4032-onu-stock-operations.md,357
4033,FR-4033,Inventory,Fiber Stock,UI,requirements/inventory/FR-4033-fiber-stock-ui.md,387
4034,FR-4034,Inventory,Fiber Stock,BACKEND,requirements/inventory/FR-4034-fiber-stock-backend.md,370
4035,FR-4035,Inventory,Fiber Stock,API,requirements/inventory/FR-4035-fiber-stock-api.md,371
4036,FR-4036,Inventory,Fiber Stock,SECURITY,requirements/inventory/FR-4036-fiber-stock-security.md,376
4037,FR-4037,Inventory,Fiber Stock,TEST,requirements/inventory/FR-4037-fiber-stock-test.md,364
4038,FR-4038,Inventory,Fiber Stock,EVENT,requirements/inventory/FR-4038-fiber-stock-event.md,365
4039,FR-4039,Inventory,Fiber Stock,OPERATIONS,requirements/inventory/FR-4039-fiber-stock-operations.md,357
4040,FR-4040,Inventory,Closure Stock,UI,requirements/inventory/FR-4040-closure-stock-ui.md,387
4041,FR-4041,Inventory,Closure Stock,BACKEND,requirements/inventory/FR-4041-closure-stock-backend.md,370
4042,FR-4042,Inventory,Closure Stock,API,requirements/inventory/FR-4042-closure-stock-api.md,371
4043,FR-4043,Inventory,Closure Stock,SECURITY,requirements/inventory/FR-4043-closure-stock-security.md,376
4044,FR-4044,Inventory,Closure Stock,TEST,requirements/inventory/FR-4044-closure-stock-test.md,364
4045,FR-4045,Inventory,Closure Stock,EVENT,requirements/inventory/FR-4045-closure-stock-event.md,365
4046,FR-4046,Inventory,Closure Stock,OPERATIONS,requirements/inventory/FR-4046-closure-stock-operations.md,357
4047,FR-4047,Inventory,Splitter Stock,UI,requirements/inventory/FR-4047-splitter-stock-ui.md,387
4048,FR-4048,Inventory,Splitter Stock,BACKEND,requirements/inventory/FR-4048-splitter-stock-backend.md,370
4049,FR-4049,Inventory,Splitter Stock,API,requirements/inventory/FR-4049-splitter-stock-api.md,371
4050,FR-4050,Inventory,Splitter Stock,SECURITY,requirements/inventory/FR-4050-splitter-stock-security.md,376
4051,FR-4051,Inventory,Splitter Stock,TEST,requirements/inventory/FR-4051-splitter-stock-test.md,364
4052,FR-4052,Inventory,Splitter Stock,EVENT,requirements/inventory/FR-4052-splitter-stock-event.md,365
4053,FR-4053,Inventory,Splitter Stock,OPERATIONS,requirements/inventory/FR-4053-splitter-stock-operations.md,357
4054,FR-4054,Inventory,Patch Cord Stock,UI,requirements/inventory/FR-4054-patch-cord-stock-ui.md,391
4055,FR-4055,Inventory,Patch Cord Stock,BACKEND,requirements/inventory/FR-4055-patch-cord-stock-backend.md,373
4056,FR-4056,Inventory,Patch Cord Stock,API,requirements/inventory/FR-4056-patch-cord-stock-api.md,374
4057,FR-4057,Inventory,Patch Cord Stock,SECURITY,requirements/inventory/FR-4057-patch-cord-stock-security.md,379
4058,FR-4058,Inventory,Patch Cord Stock,TEST,requirements/inventory/FR-4058-patch-cord-stock-test.md,367
4059,FR-4059,Inventory,Patch Cord Stock,EVENT,requirements/inventory/FR-4059-patch-cord-stock-event.md,368
4060,FR-4060,Inventory,Patch Cord Stock,OPERATIONS,requirements/inventory/FR-4060-patch-cord-stock-operations.md,360
4061,FR-4061,Inventory,Pigtail Stock,UI,requirements/inventory/FR-4061-pigtail-stock-ui.md,387
4062,FR-4062,Inventory,Pigtail Stock,BACKEND,requirements/inventory/FR-4062-pigtail-stock-backend.md,370
4063,FR-4063,Inventory,Pigtail Stock,API,requirements/inventory/FR-4063-pigtail-stock-api.md,371
4064,FR-4064,Inventory,Pigtail Stock,SECURITY,requirements/inventory/FR-4064-pigtail-stock-security.md,376
4065,FR-4065,Inventory,Pigtail Stock,TEST,requirements/inventory/FR-4065-pigtail-stock-test.md,364
4066,FR-4066,Inventory,Pigtail Stock,EVENT,requirements/inventory/FR-4066-pigtail-stock-event.md,365
4067,FR-4067,Inventory,Pigtail Stock,OPERATIONS,requirements/inventory/FR-4067-pigtail-stock-operations.md,357
4068,FR-4068,Inventory,Tools,UI,requirements/inventory/FR-4068-tools-ui.md,383
4069,FR-4069,Inventory,Tools,BACKEND,requirements/inventory/FR-4069-tools-backend.md,367
4070,FR-4070,Inventory,Tools,API,requirements/inventory/FR-4070-tools-api.md,368
4071,FR-4071,Inventory,Tools,SECURITY,requirements/inventory/FR-4071-tools-security.md,373
4072,FR-4072,Inventory,Tools,TEST,requirements/inventory/FR-4072-tools-test.md,361
4073,FR-4073,Inventory,Tools,EVENT,requirements/inventory/FR-4073-tools-event.md,362
4074,FR-4074,Inventory,Tools,OPERATIONS,requirements/inventory/FR-4074-tools-operations.md,354
4075,FR-4075,Inventory,Consumables,UI,requirements/inventory/FR-4075-consumables-ui.md,383
4076,FR-4076,Inventory,Consumables,BACKEND,requirements/inventory/FR-4076-consumables-backend.md,367
4077,FR-4077,Inventory,Consumables,API,requirements/inventory/FR-4077-consumables-api.md,368
4078,FR-4078,Inventory,Consumables,SECURITY,requirements/inventory/FR-4078-consumables-security.md,373
4079,FR-4079,Inventory,Consumables,TEST,requirements/inventory/FR-4079-consumables-test.md,361
4080,FR-4080,Inventory,Consumables,EVENT,requirements/inventory/FR-4080-consumables-event.md,362
4081,FR-4081,Inventory,Consumables,OPERATIONS,requirements/inventory/FR-4081-consumables-operations.md,354
4082,FR-4082,Inventory,Serial Tracking,UI,requirements/inventory/FR-4082-serial-tracking-ui.md,387
4083,FR-4083,Inventory,Serial Tracking,BACKEND,requirements/inventory/FR-4083-serial-tracking-backend.md,370
4084,FR-4084,Inventory,Serial Tracking,API,requirements/inventory/FR-4084-serial-tracking-api.md,371
4085,FR-4085,Inventory,Serial Tracking,SECURITY,requirements/inventory/FR-4085-serial-tracking-security.md,376
4086,FR-4086,Inventory,Serial Tracking,TEST,requirements/inventory/FR-4086-serial-tracking-test.md,364
4087,FR-4087,Inventory,Serial Tracking,EVENT,requirements/inventory/FR-4087-serial-tracking-event.md,365
4088,FR-4088,Inventory,Serial Tracking,OPERATIONS,requirements/inventory/FR-4088-serial-tracking-operations.md,357
4089,FR-4089,Inventory,Warranty,UI,requirements/inventory/FR-4089-warranty-ui.md,383
4090,FR-4090,Inventory,Warranty,BACKEND,requirements/inventory/FR-4090-warranty-backend.md,367
4091,FR-4091,Inventory,Warranty,API,requirements/inventory/FR-4091-warranty-api.md,368
4092,FR-4092,Inventory,Warranty,SECURITY,requirements/inventory/FR-4092-warranty-security.md,373
4093,FR-4093,Inventory,Warranty,TEST,requirements/inventory/FR-4093-warranty-test.md,361
4094,FR-4094,Inventory,Warranty,EVENT,requirements/inventory/FR-4094-warranty-event.md,362
4095,FR-4095,Inventory,Warranty,OPERATIONS,requirements/inventory/FR-4095-warranty-operations.md,354
4096,FR-4096,Inventory,Stock Transfer,UI,requirements/inventory/FR-4096-stock-transfer-ui.md,387
4097,FR-4097,Inventory,Stock Transfer,BACKEND,requirements/inventory/FR-4097-stock-transfer-backend.md,370
4098,FR-4098,Inventory,Stock Transfer,API,requirements/inventory/FR-4098-stock-transfer-api.md,371
4099,FR-4099,Inventory,Stock Transfer,SECURITY,requirements/inventory/FR-4099-stock-transfer-security.md,376
4100,FR-4100,Inventory,Stock Transfer,TEST,requirements/inventory/FR-4100-stock-transfer-test.md,364
4101,FR-4101,Inventory,Stock Transfer,EVENT,requirements/inventory/FR-4101-stock-transfer-event.md,365
4102,FR-4102,Inventory,Stock Transfer,OPERATIONS,requirements/inventory/FR-4102-stock-transfer-operations.md,357
4103,FR-4103,Inventory,Technician Stock,UI,requirements/inventory/FR-4103-technician-stock-ui.md,387
4104,FR-4104,Inventory,Technician Stock,BACKEND,requirements/inventory/FR-4104-technician-stock-backend.md,370
4105,FR-4105,Inventory,Technician Stock,API,requirements/inventory/FR-4105-technician-stock-api.md,371
4106,FR-4106,Inventory,Technician Stock,SECURITY,requirements/inventory/FR-4106-technician-stock-security.md,376
4107,FR-4107,Inventory,Technician Stock,TEST,requirements/inventory/FR-4107-technician-stock-test.md,364
4108,FR-4108,Inventory,Technician Stock,EVENT,requirements/inventory/FR-4108-technician-stock-event.md,365
4109,FR-4109,Inventory,Technician Stock,OPERATIONS,requirements/inventory/FR-4109-technician-stock-operations.md,357
4110,FR-4110,Inventory,Customer Issued,UI,requirements/inventory/FR-4110-customer-issued-ui.md,387
4111,FR-4111,Inventory,Customer Issued,BACKEND,requirements/inventory/FR-4111-customer-issued-backend.md,370
4112,FR-4112,Inventory,Customer Issued,API,requirements/inventory/FR-4112-customer-issued-api.md,371
4113,FR-4113,Inventory,Customer Issued,SECURITY,requirements/inventory/FR-4113-customer-issued-security.md,376
4114,FR-4114,Inventory,Customer Issued,TEST,requirements/inventory/FR-4114-customer-issued-test.md,364
4115,FR-4115,Inventory,Customer Issued,EVENT,requirements/inventory/FR-4115-customer-issued-event.md,365
4116,FR-4116,Inventory,Customer Issued,OPERATIONS,requirements/inventory/FR-4116-customer-issued-operations.md,357
4117,FR-4117,Inventory,Returns,UI,requirements/inventory/FR-4117-returns-ui.md,383
4118,FR-4118,Inventory,Returns,BACKEND,requirements/inventory/FR-4118-returns-backend.md,367
4119,FR-4119,Inventory,Returns,API,requirements/inventory/FR-4119-returns-api.md,368
4120,FR-4120,Inventory,Returns,SECURITY,requirements/inventory/FR-4120-returns-security.md,373
4121,FR-4121,Inventory,Returns,TEST,requirements/inventory/FR-4121-returns-test.md,361
4122,FR-4122,Inventory,Returns,EVENT,requirements/inventory/FR-4122-returns-event.md,362
4123,FR-4123,Inventory,Returns,OPERATIONS,requirements/inventory/FR-4123-returns-operations.md,354
4124,FR-4124,Inventory,Repairs,UI,requirements/inventory/FR-4124-repairs-ui.md,383
4125,FR-4125,Inventory,Repairs,BACKEND,requirements/inventory/FR-4125-repairs-backend.md,367
4126,FR-4126,Inventory,Repairs,API,requirements/inventory/FR-4126-repairs-api.md,368
4127,FR-4127,Inventory,Repairs,SECURITY,requirements/inventory/FR-4127-repairs-security.md,373
4128,FR-4128,Inventory,Repairs,TEST,requirements/inventory/FR-4128-repairs-test.md,361
4129,FR-4129,Inventory,Repairs,EVENT,requirements/inventory/FR-4129-repairs-event.md,362
4130,FR-4130,Inventory,Repairs,OPERATIONS,requirements/inventory/FR-4130-repairs-operations.md,354
4131,FR-4131,Inventory,Retired Assets,UI,requirements/inventory/FR-4131-retired-assets-ui.md,387
4132,FR-4132,Inventory,Retired Assets,BACKEND,requirements/inventory/FR-4132-retired-assets-backend.md,370
4133,FR-4133,Inventory,Retired Assets,API,requirements/inventory/FR-4133-retired-assets-api.md,371
4134,FR-4134,Inventory,Retired Assets,SECURITY,requirements/inventory/FR-4134-retired-assets-security.md,376
4135,FR-4135,Inventory,Retired Assets,TEST,requirements/inventory/FR-4135-retired-assets-test.md,364
4136,FR-4136,Inventory,Retired Assets,EVENT,requirements/inventory/FR-4136-retired-assets-event.md,365
4137,FR-4137,Inventory,Retired Assets,OPERATIONS,requirements/inventory/FR-4137-retired-assets-operations.md,357
4138,FR-4138,Inventory,Procurement,UI,requirements/inventory/FR-4138-procurement-ui.md,383
4139,FR-4139,Inventory,Procurement,BACKEND,requirements/inventory/FR-4139-procurement-backend.md,367
4140,FR-4140,Inventory,Procurement,API,requirements/inventory/FR-4140-procurement-api.md,368
4141,FR-4141,Inventory,Procurement,SECURITY,requirements/inventory/FR-4141-procurement-security.md,373
4142,FR-4142,Inventory,Procurement,TEST,requirements/inventory/FR-4142-procurement-test.md,361
4143,FR-4143,Inventory,Procurement,EVENT,requirements/inventory/FR-4143-procurement-event.md,362
4144,FR-4144,Inventory,Procurement,OPERATIONS,requirements/inventory/FR-4144-procurement-operations.md,354
4145,FR-4145,Inventory,Low Stock Alerts,UI,requirements/inventory/FR-4145-low-stock-alerts-ui.md,391
4146,FR-4146,Inventory,Low Stock Alerts,BACKEND,requirements/inventory/FR-4146-low-stock-alerts-backend.md,373
4147,FR-4147,Inventory,Low Stock Alerts,API,requirements/inventory/FR-4147-low-stock-alerts-api.md,374
4148,FR-4148,Inventory,Low Stock Alerts,SECURITY,requirements/inventory/FR-4148-low-stock-alerts-security.md,379
4149,FR-4149,Inventory,Low Stock Alerts,TEST,requirements/inventory/FR-4149-low-stock-alerts-test.md,367
4150,FR-4150,Inventory,Low Stock Alerts,EVENT,requirements/inventory/FR-4150-low-stock-alerts-event.md,368
4151,FR-4151,Inventory,Low Stock Alerts,OPERATIONS,requirements/inventory/FR-4151-low-stock-alerts-operations.md,360
4152,FR-4152,Inventory,Inventory Reports,UI,requirements/inventory/FR-4152-inventory-reports-ui.md,387
4153,FR-4153,Inventory,Inventory Reports,BACKEND,requirements/inventory/FR-4153-inventory-reports-backend.md,370
4154,FR-4154,Inventory,Inventory Reports,API,requirements/inventory/FR-4154-inventory-reports-api.md,371
4155,FR-4155,Inventory,Inventory Reports,SECURITY,requirements/inventory/FR-4155-inventory-reports-security.md,376
4156,FR-4156,Inventory,Inventory Reports,TEST,requirements/inventory/FR-4156-inventory-reports-test.md,364
4157,FR-4157,Inventory,Inventory Reports,EVENT,requirements/inventory/FR-4157-inventory-reports-event.md,365
4158,FR-4158,Inventory,Inventory Reports,OPERATIONS,requirements/inventory/FR-4158-inventory-reports-operations.md,357
4159,FR-4159,Configuration & Automation,Configuration Dashboard,UI,requirements/configuration-automation/FR-4159-configuration-dashboard-ui.md,388
4160,FR-4160,Configuration & Automation,Configuration Dashboard,BACKEND,requirements/configuration-automation/FR-4160-configuration-dashboard-backend.md,370
4161,FR-4161,Configuration & Automation,Configuration Dashboard,API,requirements/configuration-automation/FR-4161-configuration-dashboard-api.md,370
4162,FR-4162,Configuration & Automation,Configuration Dashboard,SECURITY,requirements/configuration-automation/FR-4162-configuration-dashboard-security.md,375
4163,FR-4163,Configuration & Automation,Configuration Dashboard,TEST,requirements/configuration-automation/FR-4163-configuration-dashboard-test.md,363
4164,FR-4164,Configuration & Automation,Configuration Dashboard,EVENT,requirements/configuration-automation/FR-4164-configuration-dashboard-event.md,364
4165,FR-4165,Configuration & Automation,Configuration Dashboard,OPERATIONS,requirements/configuration-automation/FR-4165-configuration-dashboard-operations.md,356
4166,FR-4166,Configuration & Automation,Running Config,UI,requirements/configuration-automation/FR-4166-running-config-ui.md,388
4167,FR-4167,Configuration & Automation,Running Config,BACKEND,requirements/configuration-automation/FR-4167-running-config-backend.md,370
4168,FR-4168,Configuration & Automation,Running Config,API,requirements/configuration-automation/FR-4168-running-config-api.md,370
4169,FR-4169,Configuration & Automation,Running Config,SECURITY,requirements/configuration-automation/FR-4169-running-config-security.md,375
4170,FR-4170,Configuration & Automation,Running Config,TEST,requirements/configuration-automation/FR-4170-running-config-test.md,363
4171,FR-4171,Configuration & Automation,Running Config,EVENT,requirements/configuration-automation/FR-4171-running-config-event.md,364
4172,FR-4172,Configuration & Automation,Running Config,OPERATIONS,requirements/configuration-automation/FR-4172-running-config-operations.md,356
4173,FR-4173,Configuration & Automation,Startup Config,UI,requirements/configuration-automation/FR-4173-startup-config-ui.md,388
4174,FR-4174,Configuration & Automation,Startup Config,BACKEND,requirements/configuration-automation/FR-4174-startup-config-backend.md,370
4175,FR-4175,Configuration & Automation,Startup Config,API,requirements/configuration-automation/FR-4175-startup-config-api.md,370
4176,FR-4176,Configuration & Automation,Startup Config,SECURITY,requirements/configuration-automation/FR-4176-startup-config-security.md,375
4177,FR-4177,Configuration & Automation,Startup Config,TEST,requirements/configuration-automation/FR-4177-startup-config-test.md,363
4178,FR-4178,Configuration & Automation,Startup Config,EVENT,requirements/configuration-automation/FR-4178-startup-config-event.md,364
4179,FR-4179,Configuration & Automation,Startup Config,OPERATIONS,requirements/configuration-automation/FR-4179-startup-config-operations.md,356
4180,FR-4180,Configuration & Automation,Config Backup,UI,requirements/configuration-automation/FR-4180-config-backup-ui.md,388
4181,FR-4181,Configuration & Automation,Config Backup,BACKEND,requirements/configuration-automation/FR-4181-config-backup-backend.md,370
4182,FR-4182,Configuration & Automation,Config Backup,API,requirements/configuration-automation/FR-4182-config-backup-api.md,370
4183,FR-4183,Configuration & Automation,Config Backup,SECURITY,requirements/configuration-automation/FR-4183-config-backup-security.md,375
4184,FR-4184,Configuration & Automation,Config Backup,TEST,requirements/configuration-automation/FR-4184-config-backup-test.md,363
4185,FR-4185,Configuration & Automation,Config Backup,EVENT,requirements/configuration-automation/FR-4185-config-backup-event.md,364
4186,FR-4186,Configuration & Automation,Config Backup,OPERATIONS,requirements/configuration-automation/FR-4186-config-backup-operations.md,356
4187,FR-4187,Configuration & Automation,Scheduled Backup,UI,requirements/configuration-automation/FR-4187-scheduled-backup-ui.md,388
4188,FR-4188,Configuration & Automation,Scheduled Backup,BACKEND,requirements/configuration-automation/FR-4188-scheduled-backup-backend.md,370
4189,FR-4189,Configuration & Automation,Scheduled Backup,API,requirements/configuration-automation/FR-4189-scheduled-backup-api.md,370
4190,FR-4190,Configuration & Automation,Scheduled Backup,SECURITY,requirements/configuration-automation/FR-4190-scheduled-backup-security.md,375
4191,FR-4191,Configuration & Automation,Scheduled Backup,TEST,requirements/configuration-automation/FR-4191-scheduled-backup-test.md,363
4192,FR-4192,Configuration & Automation,Scheduled Backup,EVENT,requirements/configuration-automation/FR-4192-scheduled-backup-event.md,364
4193,FR-4193,Configuration & Automation,Scheduled Backup,OPERATIONS,requirements/configuration-automation/FR-4193-scheduled-backup-operations.md,356
4194,FR-4194,Configuration & Automation,Config Versions,UI,requirements/configuration-automation/FR-4194-config-versions-ui.md,388
4195,FR-4195,Configuration & Automation,Config Versions,BACKEND,requirements/configuration-automation/FR-4195-config-versions-backend.md,370
4196,FR-4196,Configuration & Automation,Config Versions,API,requirements/configuration-automation/FR-4196-config-versions-api.md,370
4197,FR-4197,Configuration & Automation,Config Versions,SECURITY,requirements/configuration-automation/FR-4197-config-versions-security.md,375
4198,FR-4198,Configuration & Automation,Config Versions,TEST,requirements/configuration-automation/FR-4198-config-versions-test.md,363
4199,FR-4199,Configuration & Automation,Config Versions,EVENT,requirements/configuration-automation/FR-4199-config-versions-event.md,364
4200,FR-4200,Configuration & Automation,Config Versions,OPERATIONS,requirements/configuration-automation/FR-4200-config-versions-operations.md,356
4201,FR-4201,Configuration & Automation,Config Diff,UI,requirements/configuration-automation/FR-4201-config-diff-ui.md,388
4202,FR-4202,Configuration & Automation,Config Diff,BACKEND,requirements/configuration-automation/FR-4202-config-diff-backend.md,370
4203,FR-4203,Configuration & Automation,Config Diff,API,requirements/configuration-automation/FR-4203-config-diff-api.md,370
4204,FR-4204,Configuration & Automation,Config Diff,SECURITY,requirements/configuration-automation/FR-4204-config-diff-security.md,375
4205,FR-4205,Configuration & Automation,Config Diff,TEST,requirements/configuration-automation/FR-4205-config-diff-test.md,363
4206,FR-4206,Configuration & Automation,Config Diff,EVENT,requirements/configuration-automation/FR-4206-config-diff-event.md,364
4207,FR-4207,Configuration & Automation,Config Diff,OPERATIONS,requirements/configuration-automation/FR-4207-config-diff-operations.md,356
4208,FR-4208,Configuration & Automation,Configuration Templates,UI,requirements/configuration-automation/FR-4208-configuration-templates-ui.md,388
4209,FR-4209,Configuration & Automation,Configuration Templates,BACKEND,requirements/configuration-automation/FR-4209-configuration-templates-backend.md,370
4210,FR-4210,Configuration & Automation,Configuration Templates,API,requirements/configuration-automation/FR-4210-configuration-templates-api.md,370
4211,FR-4211,Configuration & Automation,Configuration Templates,SECURITY,requirements/configuration-automation/FR-4211-configuration-templates-security.md,375
4212,FR-4212,Configuration & Automation,Configuration Templates,TEST,requirements/configuration-automation/FR-4212-configuration-templates-test.md,363
4213,FR-4213,Configuration & Automation,Configuration Templates,EVENT,requirements/configuration-automation/FR-4213-configuration-templates-event.md,364
4214,FR-4214,Configuration & Automation,Configuration Templates,OPERATIONS,requirements/configuration-automation/FR-4214-configuration-templates-operations.md,356
4215,FR-4215,Configuration & Automation,Proposed Config,UI,requirements/configuration-automation/FR-4215-proposed-config-ui.md,388
4216,FR-4216,Configuration & Automation,Proposed Config,BACKEND,requirements/configuration-automation/FR-4216-proposed-config-backend.md,370
4217,FR-4217,Configuration & Automation,Proposed Config,API,requirements/configuration-automation/FR-4217-proposed-config-api.md,370
4218,FR-4218,Configuration & Automation,Proposed Config,SECURITY,requirements/configuration-automation/FR-4218-proposed-config-security.md,375
4219,FR-4219,Configuration & Automation,Proposed Config,TEST,requirements/configuration-automation/FR-4219-proposed-config-test.md,363
4220,FR-4220,Configuration & Automation,Proposed Config,EVENT,requirements/configuration-automation/FR-4220-proposed-config-event.md,364
4221,FR-4221,Configuration & Automation,Proposed Config,OPERATIONS,requirements/configuration-automation/FR-4221-proposed-config-operations.md,356
4222,FR-4222,Configuration & Automation,Dry Run,UI,requirements/configuration-automation/FR-4222-dry-run-ui.md,388
4223,FR-4223,Configuration & Automation,Dry Run,BACKEND,requirements/configuration-automation/FR-4223-dry-run-backend.md,370
4224,FR-4224,Configuration & Automation,Dry Run,API,requirements/configuration-automation/FR-4224-dry-run-api.md,370
4225,FR-4225,Configuration & Automation,Dry Run,SECURITY,requirements/configuration-automation/FR-4225-dry-run-security.md,375
4226,FR-4226,Configuration & Automation,Dry Run,TEST,requirements/configuration-automation/FR-4226-dry-run-test.md,363
4227,FR-4227,Configuration & Automation,Dry Run,EVENT,requirements/configuration-automation/FR-4227-dry-run-event.md,364
4228,FR-4228,Configuration & Automation,Dry Run,OPERATIONS,requirements/configuration-automation/FR-4228-dry-run-operations.md,356
4229,FR-4229,Configuration & Automation,Validation,UI,requirements/configuration-automation/FR-4229-validation-ui.md,384
4230,FR-4230,Configuration & Automation,Validation,BACKEND,requirements/configuration-automation/FR-4230-validation-backend.md,367
4231,FR-4231,Configuration & Automation,Validation,API,requirements/configuration-automation/FR-4231-validation-api.md,367
4232,FR-4232,Configuration & Automation,Validation,SECURITY,requirements/configuration-automation/FR-4232-validation-security.md,372
4233,FR-4233,Configuration & Automation,Validation,TEST,requirements/configuration-automation/FR-4233-validation-test.md,360
4234,FR-4234,Configuration & Automation,Validation,EVENT,requirements/configuration-automation/FR-4234-validation-event.md,361
4235,FR-4235,Configuration & Automation,Validation,OPERATIONS,requirements/configuration-automation/FR-4235-validation-operations.md,353
4236,FR-4236,Configuration & Automation,Approval,UI,requirements/configuration-automation/FR-4236-approval-ui.md,384
4237,FR-4237,Configuration & Automation,Approval,BACKEND,requirements/configuration-automation/FR-4237-approval-backend.md,367
4238,FR-4238,Configuration & Automation,Approval,API,requirements/configuration-automation/FR-4238-approval-api.md,367
4239,FR-4239,Configuration & Automation,Approval,SECURITY,requirements/configuration-automation/FR-4239-approval-security.md,372
4240,FR-4240,Configuration & Automation,Approval,TEST,requirements/configuration-automation/FR-4240-approval-test.md,360
4241,FR-4241,Configuration & Automation,Approval,EVENT,requirements/configuration-automation/FR-4241-approval-event.md,361
4242,FR-4242,Configuration & Automation,Approval,OPERATIONS,requirements/configuration-automation/FR-4242-approval-operations.md,353
4243,FR-4243,Configuration & Automation,Maintenance Windows,UI,requirements/configuration-automation/FR-4243-maintenance-windows-ui.md,388
4244,FR-4244,Configuration & Automation,Maintenance Windows,BACKEND,requirements/configuration-automation/FR-4244-maintenance-windows-backend.md,370
4245,FR-4245,Configuration & Automation,Maintenance Windows,API,requirements/configuration-automation/FR-4245-maintenance-windows-api.md,370
4246,FR-4246,Configuration & Automation,Maintenance Windows,SECURITY,requirements/configuration-automation/FR-4246-maintenance-windows-security.md,375
4247,FR-4247,Configuration & Automation,Maintenance Windows,TEST,requirements/configuration-automation/FR-4247-maintenance-windows-test.md,363
4248,FR-4248,Configuration & Automation,Maintenance Windows,EVENT,requirements/configuration-automation/FR-4248-maintenance-windows-event.md,364
4249,FR-4249,Configuration & Automation,Maintenance Windows,OPERATIONS,requirements/configuration-automation/FR-4249-maintenance-windows-operations.md,356
4250,FR-4250,Configuration & Automation,Config Push,UI,requirements/configuration-automation/FR-4250-config-push-ui.md,388
4251,FR-4251,Configuration & Automation,Config Push,BACKEND,requirements/configuration-automation/FR-4251-config-push-backend.md,370
4252,FR-4252,Configuration & Automation,Config Push,API,requirements/configuration-automation/FR-4252-config-push-api.md,370
4253,FR-4253,Configuration & Automation,Config Push,SECURITY,requirements/configuration-automation/FR-4253-config-push-security.md,375
4254,FR-4254,Configuration & Automation,Config Push,TEST,requirements/configuration-automation/FR-4254-config-push-test.md,363
4255,FR-4255,Configuration & Automation,Config Push,EVENT,requirements/configuration-automation/FR-4255-config-push-event.md,364
4256,FR-4256,Configuration & Automation,Config Push,OPERATIONS,requirements/configuration-automation/FR-4256-config-push-operations.md,356
4257,FR-4257,Configuration & Automation,Read-back Verification,UI,requirements/configuration-automation/FR-4257-read-back-verification-ui.md,388
4258,FR-4258,Configuration & Automation,Read-back Verification,BACKEND,requirements/configuration-automation/FR-4258-read-back-verification-backend.md,370
4259,FR-4259,Configuration & Automation,Read-back Verification,API,requirements/configuration-automation/FR-4259-read-back-verification-api.md,370
4260,FR-4260,Configuration & Automation,Read-back Verification,SECURITY,requirements/configuration-automation/FR-4260-read-back-verification-security.md,375
4261,FR-4261,Configuration & Automation,Read-back Verification,TEST,requirements/configuration-automation/FR-4261-read-back-verification-test.md,363
4262,FR-4262,Configuration & Automation,Read-back Verification,EVENT,requirements/configuration-automation/FR-4262-read-back-verification-event.md,364
4263,FR-4263,Configuration & Automation,Read-back Verification,OPERATIONS,requirements/configuration-automation/FR-4263-read-back-verification-operations.md,356
4264,FR-4264,Configuration & Automation,Rollback,UI,requirements/configuration-automation/FR-4264-rollback-ui.md,384
4265,FR-4265,Configuration & Automation,Rollback,BACKEND,requirements/configuration-automation/FR-4265-rollback-backend.md,367
4266,FR-4266,Configuration & Automation,Rollback,API,requirements/configuration-automation/FR-4266-rollback-api.md,367
4267,FR-4267,Configuration & Automation,Rollback,SECURITY,requirements/configuration-automation/FR-4267-rollback-security.md,372
4268,FR-4268,Configuration & Automation,Rollback,TEST,requirements/configuration-automation/FR-4268-rollback-test.md,360
4269,FR-4269,Configuration & Automation,Rollback,EVENT,requirements/configuration-automation/FR-4269-rollback-event.md,361
4270,FR-4270,Configuration & Automation,Rollback,OPERATIONS,requirements/configuration-automation/FR-4270-rollback-operations.md,353
4271,FR-4271,Configuration & Automation,Automation Workflows,UI,requirements/configuration-automation/FR-4271-automation-workflows-ui.md,388
4272,FR-4272,Configuration & Automation,Automation Workflows,BACKEND,requirements/configuration-automation/FR-4272-automation-workflows-backend.md,370
4273,FR-4273,Configuration & Automation,Automation Workflows,API,requirements/configuration-automation/FR-4273-automation-workflows-api.md,370
4274,FR-4274,Configuration & Automation,Automation Workflows,SECURITY,requirements/configuration-automation/FR-4274-automation-workflows-security.md,375
4275,FR-4275,Configuration & Automation,Automation Workflows,TEST,requirements/configuration-automation/FR-4275-automation-workflows-test.md,363
4276,FR-4276,Configuration & Automation,Automation Workflows,EVENT,requirements/configuration-automation/FR-4276-automation-workflows-event.md,364
4277,FR-4277,Configuration & Automation,Automation Workflows,OPERATIONS,requirements/configuration-automation/FR-4277-automation-workflows-operations.md,356
4278,FR-4278,Configuration & Automation,Triggers,UI,requirements/configuration-automation/FR-4278-triggers-ui.md,384
4279,FR-4279,Configuration & Automation,Triggers,BACKEND,requirements/configuration-automation/FR-4279-triggers-backend.md,367
4280,FR-4280,Configuration & Automation,Triggers,API,requirements/configuration-automation/FR-4280-triggers-api.md,367
4281,FR-4281,Configuration & Automation,Triggers,SECURITY,requirements/configuration-automation/FR-4281-triggers-security.md,372
4282,FR-4282,Configuration & Automation,Triggers,TEST,requirements/configuration-automation/FR-4282-triggers-test.md,360
4283,FR-4283,Configuration & Automation,Triggers,EVENT,requirements/configuration-automation/FR-4283-triggers-event.md,361
4284,FR-4284,Configuration & Automation,Triggers,OPERATIONS,requirements/configuration-automation/FR-4284-triggers-operations.md,353
4285,FR-4285,Configuration & Automation,Scheduled Jobs,UI,requirements/configuration-automation/FR-4285-scheduled-jobs-ui.md,388
4286,FR-4286,Configuration & Automation,Scheduled Jobs,BACKEND,requirements/configuration-automation/FR-4286-scheduled-jobs-backend.md,370
4287,FR-4287,Configuration & Automation,Scheduled Jobs,API,requirements/configuration-automation/FR-4287-scheduled-jobs-api.md,370
4288,FR-4288,Configuration & Automation,Scheduled Jobs,SECURITY,requirements/configuration-automation/FR-4288-scheduled-jobs-security.md,375
4289,FR-4289,Configuration & Automation,Scheduled Jobs,TEST,requirements/configuration-automation/FR-4289-scheduled-jobs-test.md,363
4290,FR-4290,Configuration & Automation,Scheduled Jobs,EVENT,requirements/configuration-automation/FR-4290-scheduled-jobs-event.md,364
4291,FR-4291,Configuration & Automation,Scheduled Jobs,OPERATIONS,requirements/configuration-automation/FR-4291-scheduled-jobs-operations.md,356
4292,FR-4292,Configuration & Automation,Event Actions,UI,requirements/configuration-automation/FR-4292-event-actions-ui.md,388
4293,FR-4293,Configuration & Automation,Event Actions,BACKEND,requirements/configuration-automation/FR-4293-event-actions-backend.md,370
4294,FR-4294,Configuration & Automation,Event Actions,API,requirements/configuration-automation/FR-4294-event-actions-api.md,370
4295,FR-4295,Configuration & Automation,Event Actions,SECURITY,requirements/configuration-automation/FR-4295-event-actions-security.md,375
4296,FR-4296,Configuration & Automation,Event Actions,TEST,requirements/configuration-automation/FR-4296-event-actions-test.md,363
4297,FR-4297,Configuration & Automation,Event Actions,EVENT,requirements/configuration-automation/FR-4297-event-actions-event.md,364
4298,FR-4298,Configuration & Automation,Event Actions,OPERATIONS,requirements/configuration-automation/FR-4298-event-actions-operations.md,356
4299,FR-4299,Configuration & Automation,Approval Policies,UI,requirements/configuration-automation/FR-4299-approval-policies-ui.md,388
4300,FR-4300,Configuration & Automation,Approval Policies,BACKEND,requirements/configuration-automation/FR-4300-approval-policies-backend.md,370
4301,FR-4301,Configuration & Automation,Approval Policies,API,requirements/configuration-automation/FR-4301-approval-policies-api.md,370
4302,FR-4302,Configuration & Automation,Approval Policies,SECURITY,requirements/configuration-automation/FR-4302-approval-policies-security.md,375
4303,FR-4303,Configuration & Automation,Approval Policies,TEST,requirements/configuration-automation/FR-4303-approval-policies-test.md,363
4304,FR-4304,Configuration & Automation,Approval Policies,EVENT,requirements/configuration-automation/FR-4304-approval-policies-event.md,364
4305,FR-4305,Configuration & Automation,Approval Policies,OPERATIONS,requirements/configuration-automation/FR-4305-approval-policies-operations.md,356
4306,FR-4306,Configuration & Automation,Validation Rules,UI,requirements/configuration-automation/FR-4306-validation-rules-ui.md,388
4307,FR-4307,Configuration & Automation,Validation Rules,BACKEND,requirements/configuration-automation/FR-4307-validation-rules-backend.md,370
4308,FR-4308,Configuration & Automation,Validation Rules,API,requirements/configuration-automation/FR-4308-validation-rules-api.md,370
4309,FR-4309,Configuration & Automation,Validation Rules,SECURITY,requirements/configuration-automation/FR-4309-validation-rules-security.md,375
4310,FR-4310,Configuration & Automation,Validation Rules,TEST,requirements/configuration-automation/FR-4310-validation-rules-test.md,363
4311,FR-4311,Configuration & Automation,Validation Rules,EVENT,requirements/configuration-automation/FR-4311-validation-rules-event.md,364
4312,FR-4312,Configuration & Automation,Validation Rules,OPERATIONS,requirements/configuration-automation/FR-4312-validation-rules-operations.md,356
4313,FR-4313,Configuration & Automation,Automation History,UI,requirements/configuration-automation/FR-4313-automation-history-ui.md,388
4314,FR-4314,Configuration & Automation,Automation History,BACKEND,requirements/configuration-automation/FR-4314-automation-history-backend.md,370
4315,FR-4315,Configuration & Automation,Automation History,API,requirements/configuration-automation/FR-4315-automation-history-api.md,370
4316,FR-4316,Configuration & Automation,Automation History,SECURITY,requirements/configuration-automation/FR-4316-automation-history-security.md,375
4317,FR-4317,Configuration & Automation,Automation History,TEST,requirements/configuration-automation/FR-4317-automation-history-test.md,363
4318,FR-4318,Configuration & Automation,Automation History,EVENT,requirements/configuration-automation/FR-4318-automation-history-event.md,364
4319,FR-4319,Configuration & Automation,Automation History,OPERATIONS,requirements/configuration-automation/FR-4319-automation-history-operations.md,356
4320,FR-4320,Configuration & Automation,Job Queue,UI,requirements/configuration-automation/FR-4320-job-queue-ui.md,388
4321,FR-4321,Configuration & Automation,Job Queue,BACKEND,requirements/configuration-automation/FR-4321-job-queue-backend.md,370
4322,FR-4322,Configuration & Automation,Job Queue,API,requirements/configuration-automation/FR-4322-job-queue-api.md,370
4323,FR-4323,Configuration & Automation,Job Queue,SECURITY,requirements/configuration-automation/FR-4323-job-queue-security.md,375
4324,FR-4324,Configuration & Automation,Job Queue,TEST,requirements/configuration-automation/FR-4324-job-queue-test.md,363
4325,FR-4325,Configuration & Automation,Job Queue,EVENT,requirements/configuration-automation/FR-4325-job-queue-event.md,364
4326,FR-4326,Configuration & Automation,Job Queue,OPERATIONS,requirements/configuration-automation/FR-4326-job-queue-operations.md,356
4327,FR-4327,Configuration & Automation,Failed Jobs,UI,requirements/configuration-automation/FR-4327-failed-jobs-ui.md,388
4328,FR-4328,Configuration & Automation,Failed Jobs,BACKEND,requirements/configuration-automation/FR-4328-failed-jobs-backend.md,370
4329,FR-4329,Configuration & Automation,Failed Jobs,API,requirements/configuration-automation/FR-4329-failed-jobs-api.md,370
4330,FR-4330,Configuration & Automation,Failed Jobs,SECURITY,requirements/configuration-automation/FR-4330-failed-jobs-security.md,375
4331,FR-4331,Configuration & Automation,Failed Jobs,TEST,requirements/configuration-automation/FR-4331-failed-jobs-test.md,363
4332,FR-4332,Configuration & Automation,Failed Jobs,EVENT,requirements/configuration-automation/FR-4332-failed-jobs-event.md,364
4333,FR-4333,Configuration & Automation,Failed Jobs,OPERATIONS,requirements/configuration-automation/FR-4333-failed-jobs-operations.md,356
4334,FR-4334,Configuration & Automation,Retry Policies,UI,requirements/configuration-automation/FR-4334-retry-policies-ui.md,388
4335,FR-4335,Configuration & Automation,Retry Policies,BACKEND,requirements/configuration-automation/FR-4335-retry-policies-backend.md,370
4336,FR-4336,Configuration & Automation,Retry Policies,API,requirements/configuration-automation/FR-4336-retry-policies-api.md,370
4337,FR-4337,Configuration & Automation,Retry Policies,SECURITY,requirements/configuration-automation/FR-4337-retry-policies-security.md,375
4338,FR-4338,Configuration & Automation,Retry Policies,TEST,requirements/configuration-automation/FR-4338-retry-policies-test.md,363
4339,FR-4339,Configuration & Automation,Retry Policies,EVENT,requirements/configuration-automation/FR-4339-retry-policies-event.md,364
4340,FR-4340,Configuration & Automation,Retry Policies,OPERATIONS,requirements/configuration-automation/FR-4340-retry-policies-operations.md,356
4341,FR-4341,Configuration & Automation,Idempotency,UI,requirements/configuration-automation/FR-4341-idempotency-ui.md,384
4342,FR-4342,Configuration & Automation,Idempotency,BACKEND,requirements/configuration-automation/FR-4342-idempotency-backend.md,367
4343,FR-4343,Configuration & Automation,Idempotency,API,requirements/configuration-automation/FR-4343-idempotency-api.md,367
4344,FR-4344,Configuration & Automation,Idempotency,SECURITY,requirements/configuration-automation/FR-4344-idempotency-security.md,372
4345,FR-4345,Configuration & Automation,Idempotency,TEST,requirements/configuration-automation/FR-4345-idempotency-test.md,360
4346,FR-4346,Configuration & Automation,Idempotency,EVENT,requirements/configuration-automation/FR-4346-idempotency-event.md,361
4347,FR-4347,Configuration & Automation,Idempotency,OPERATIONS,requirements/configuration-automation/FR-4347-idempotency-operations.md,353
4348,FR-4348,Configuration & Automation,Change Set,UI,requirements/configuration-automation/FR-4348-change-set-ui.md,388
4349,FR-4349,Configuration & Automation,Change Set,BACKEND,requirements/configuration-automation/FR-4349-change-set-backend.md,370
4350,FR-4350,Configuration & Automation,Change Set,API,requirements/configuration-automation/FR-4350-change-set-api.md,370
4351,FR-4351,Configuration & Automation,Change Set,SECURITY,requirements/configuration-automation/FR-4351-change-set-security.md,375
4352,FR-4352,Configuration & Automation,Change Set,TEST,requirements/configuration-automation/FR-4352-change-set-test.md,363
4353,FR-4353,Configuration & Automation,Change Set,EVENT,requirements/configuration-automation/FR-4353-change-set-event.md,364
4354,FR-4354,Configuration & Automation,Change Set,OPERATIONS,requirements/configuration-automation/FR-4354-change-set-operations.md,356
4355,FR-4355,Configuration & Automation,Topology Revision,UI,requirements/configuration-automation/FR-4355-topology-revision-ui.md,388
4356,FR-4356,Configuration & Automation,Topology Revision,BACKEND,requirements/configuration-automation/FR-4356-topology-revision-backend.md,370
4357,FR-4357,Configuration & Automation,Topology Revision,API,requirements/configuration-automation/FR-4357-topology-revision-api.md,370
4358,FR-4358,Configuration & Automation,Topology Revision,SECURITY,requirements/configuration-automation/FR-4358-topology-revision-security.md,375
4359,FR-4359,Configuration & Automation,Topology Revision,TEST,requirements/configuration-automation/FR-4359-topology-revision-test.md,363
4360,FR-4360,Configuration & Automation,Topology Revision,EVENT,requirements/configuration-automation/FR-4360-topology-revision-event.md,364
4361,FR-4361,Configuration & Automation,Topology Revision,OPERATIONS,requirements/configuration-automation/FR-4361-topology-revision-operations.md,356
4362,FR-4362,Configuration & Automation,Audit Trail,UI,requirements/configuration-automation/FR-4362-audit-trail-ui.md,388
4363,FR-4363,Configuration & Automation,Audit Trail,BACKEND,requirements/configuration-automation/FR-4363-audit-trail-backend.md,370
4364,FR-4364,Configuration & Automation,Audit Trail,API,requirements/configuration-automation/FR-4364-audit-trail-api.md,370
4365,FR-4365,Configuration & Automation,Audit Trail,SECURITY,requirements/configuration-automation/FR-4365-audit-trail-security.md,375
4366,FR-4366,Configuration & Automation,Audit Trail,TEST,requirements/configuration-automation/FR-4366-audit-trail-test.md,363
4367,FR-4367,Configuration & Automation,Audit Trail,EVENT,requirements/configuration-automation/FR-4367-audit-trail-event.md,364
4368,FR-4368,Configuration & Automation,Audit Trail,OPERATIONS,requirements/configuration-automation/FR-4368-audit-trail-operations.md,356
4369,FR-4369,IPAM & Addressing,IPAM Dashboard,UI,requirements/ipam-addressing/FR-4369-ipam-dashboard-ui.md,389
4370,FR-4370,IPAM & Addressing,IPAM Dashboard,BACKEND,requirements/ipam-addressing/FR-4370-ipam-dashboard-backend.md,370
4371,FR-4371,IPAM & Addressing,IPAM Dashboard,API,requirements/ipam-addressing/FR-4371-ipam-dashboard-api.md,371
4372,FR-4372,IPAM & Addressing,IPAM Dashboard,SECURITY,requirements/ipam-addressing/FR-4372-ipam-dashboard-security.md,376
4373,FR-4373,IPAM & Addressing,IPAM Dashboard,TEST,requirements/ipam-addressing/FR-4373-ipam-dashboard-test.md,364
4374,FR-4374,IPAM & Addressing,IPAM Dashboard,EVENT,requirements/ipam-addressing/FR-4374-ipam-dashboard-event.md,365
4375,FR-4375,IPAM & Addressing,IPAM Dashboard,OPERATIONS,requirements/ipam-addressing/FR-4375-ipam-dashboard-operations.md,357
4376,FR-4376,IPAM & Addressing,IPv4 Networks,UI,requirements/ipam-addressing/FR-4376-ipv4-networks-ui.md,389
4377,FR-4377,IPAM & Addressing,IPv4 Networks,BACKEND,requirements/ipam-addressing/FR-4377-ipv4-networks-backend.md,370
4378,FR-4378,IPAM & Addressing,IPv4 Networks,API,requirements/ipam-addressing/FR-4378-ipv4-networks-api.md,371
4379,FR-4379,IPAM & Addressing,IPv4 Networks,SECURITY,requirements/ipam-addressing/FR-4379-ipv4-networks-security.md,376
4380,FR-4380,IPAM & Addressing,IPv4 Networks,TEST,requirements/ipam-addressing/FR-4380-ipv4-networks-test.md,364
4381,FR-4381,IPAM & Addressing,IPv4 Networks,EVENT,requirements/ipam-addressing/FR-4381-ipv4-networks-event.md,365
4382,FR-4382,IPAM & Addressing,IPv4 Networks,OPERATIONS,requirements/ipam-addressing/FR-4382-ipv4-networks-operations.md,357
4383,FR-4383,IPAM & Addressing,IPv6 Networks,UI,requirements/ipam-addressing/FR-4383-ipv6-networks-ui.md,389
4384,FR-4384,IPAM & Addressing,IPv6 Networks,BACKEND,requirements/ipam-addressing/FR-4384-ipv6-networks-backend.md,370
4385,FR-4385,IPAM & Addressing,IPv6 Networks,API,requirements/ipam-addressing/FR-4385-ipv6-networks-api.md,371
4386,FR-4386,IPAM & Addressing,IPv6 Networks,SECURITY,requirements/ipam-addressing/FR-4386-ipv6-networks-security.md,376
4387,FR-4387,IPAM & Addressing,IPv6 Networks,TEST,requirements/ipam-addressing/FR-4387-ipv6-networks-test.md,364
4388,FR-4388,IPAM & Addressing,IPv6 Networks,EVENT,requirements/ipam-addressing/FR-4388-ipv6-networks-event.md,365
4389,FR-4389,IPAM & Addressing,IPv6 Networks,OPERATIONS,requirements/ipam-addressing/FR-4389-ipv6-networks-operations.md,357
4390,FR-4390,IPAM & Addressing,Subnets,UI,requirements/ipam-addressing/FR-4390-subnets-ui.md,385
4391,FR-4391,IPAM & Addressing,Subnets,BACKEND,requirements/ipam-addressing/FR-4391-subnets-backend.md,367
4392,FR-4392,IPAM & Addressing,Subnets,API,requirements/ipam-addressing/FR-4392-subnets-api.md,368
4393,FR-4393,IPAM & Addressing,Subnets,SECURITY,requirements/ipam-addressing/FR-4393-subnets-security.md,373
4394,FR-4394,IPAM & Addressing,Subnets,TEST,requirements/ipam-addressing/FR-4394-subnets-test.md,361
4395,FR-4395,IPAM & Addressing,Subnets,EVENT,requirements/ipam-addressing/FR-4395-subnets-event.md,362
4396,FR-4396,IPAM & Addressing,Subnets,OPERATIONS,requirements/ipam-addressing/FR-4396-subnets-operations.md,354
4397,FR-4397,IPAM & Addressing,Prefixes,UI,requirements/ipam-addressing/FR-4397-prefixes-ui.md,385
4398,FR-4398,IPAM & Addressing,Prefixes,BACKEND,requirements/ipam-addressing/FR-4398-prefixes-backend.md,367
4399,FR-4399,IPAM & Addressing,Prefixes,API,requirements/ipam-addressing/FR-4399-prefixes-api.md,368
4400,FR-4400,IPAM & Addressing,Prefixes,SECURITY,requirements/ipam-addressing/FR-4400-prefixes-security.md,373
4401,FR-4401,IPAM & Addressing,Prefixes,TEST,requirements/ipam-addressing/FR-4401-prefixes-test.md,361
4402,FR-4402,IPAM & Addressing,Prefixes,EVENT,requirements/ipam-addressing/FR-4402-prefixes-event.md,362
4403,FR-4403,IPAM & Addressing,Prefixes,OPERATIONS,requirements/ipam-addressing/FR-4403-prefixes-operations.md,354
4404,FR-4404,IPAM & Addressing,IP Pools,UI,requirements/ipam-addressing/FR-4404-ip-pools-ui.md,389
4405,FR-4405,IPAM & Addressing,IP Pools,BACKEND,requirements/ipam-addressing/FR-4405-ip-pools-backend.md,370
4406,FR-4406,IPAM & Addressing,IP Pools,API,requirements/ipam-addressing/FR-4406-ip-pools-api.md,371
4407,FR-4407,IPAM & Addressing,IP Pools,SECURITY,requirements/ipam-addressing/FR-4407-ip-pools-security.md,376
4408,FR-4408,IPAM & Addressing,IP Pools,TEST,requirements/ipam-addressing/FR-4408-ip-pools-test.md,364
4409,FR-4409,IPAM & Addressing,IP Pools,EVENT,requirements/ipam-addressing/FR-4409-ip-pools-event.md,365
4410,FR-4410,IPAM & Addressing,IP Pools,OPERATIONS,requirements/ipam-addressing/FR-4410-ip-pools-operations.md,357
4411,FR-4411,IPAM & Addressing,Public IPs,UI,requirements/ipam-addressing/FR-4411-public-ips-ui.md,389
4412,FR-4412,IPAM & Addressing,Public IPs,BACKEND,requirements/ipam-addressing/FR-4412-public-ips-backend.md,370
4413,FR-4413,IPAM & Addressing,Public IPs,API,requirements/ipam-addressing/FR-4413-public-ips-api.md,371
4414,FR-4414,IPAM & Addressing,Public IPs,SECURITY,requirements/ipam-addressing/FR-4414-public-ips-security.md,376
4415,FR-4415,IPAM & Addressing,Public IPs,TEST,requirements/ipam-addressing/FR-4415-public-ips-test.md,364
4416,FR-4416,IPAM & Addressing,Public IPs,EVENT,requirements/ipam-addressing/FR-4416-public-ips-event.md,365
4417,FR-4417,IPAM & Addressing,Public IPs,OPERATIONS,requirements/ipam-addressing/FR-4417-public-ips-operations.md,357
4418,FR-4418,IPAM & Addressing,Private IPs,UI,requirements/ipam-addressing/FR-4418-private-ips-ui.md,389
4419,FR-4419,IPAM & Addressing,Private IPs,BACKEND,requirements/ipam-addressing/FR-4419-private-ips-backend.md,370
4420,FR-4420,IPAM & Addressing,Private IPs,API,requirements/ipam-addressing/FR-4420-private-ips-api.md,371
4421,FR-4421,IPAM & Addressing,Private IPs,SECURITY,requirements/ipam-addressing/FR-4421-private-ips-security.md,376
4422,FR-4422,IPAM & Addressing,Private IPs,TEST,requirements/ipam-addressing/FR-4422-private-ips-test.md,364
4423,FR-4423,IPAM & Addressing,Private IPs,EVENT,requirements/ipam-addressing/FR-4423-private-ips-event.md,365
4424,FR-4424,IPAM & Addressing,Private IPs,OPERATIONS,requirements/ipam-addressing/FR-4424-private-ips-operations.md,357
4425,FR-4425,IPAM & Addressing,Static Assignments,UI,requirements/ipam-addressing/FR-4425-static-assignments-ui.md,389
4426,FR-4426,IPAM & Addressing,Static Assignments,BACKEND,requirements/ipam-addressing/FR-4426-static-assignments-backend.md,370
4427,FR-4427,IPAM & Addressing,Static Assignments,API,requirements/ipam-addressing/FR-4427-static-assignments-api.md,371
4428,FR-4428,IPAM & Addressing,Static Assignments,SECURITY,requirements/ipam-addressing/FR-4428-static-assignments-security.md,376
4429,FR-4429,IPAM & Addressing,Static Assignments,TEST,requirements/ipam-addressing/FR-4429-static-assignments-test.md,364
4430,FR-4430,IPAM & Addressing,Static Assignments,EVENT,requirements/ipam-addressing/FR-4430-static-assignments-event.md,365
4431,FR-4431,IPAM & Addressing,Static Assignments,OPERATIONS,requirements/ipam-addressing/FR-4431-static-assignments-operations.md,357
4432,FR-4432,IPAM & Addressing,Dynamic Assignments,UI,requirements/ipam-addressing/FR-4432-dynamic-assignments-ui.md,389
4433,FR-4433,IPAM & Addressing,Dynamic Assignments,BACKEND,requirements/ipam-addressing/FR-4433-dynamic-assignments-backend.md,370
4434,FR-4434,IPAM & Addressing,Dynamic Assignments,API,requirements/ipam-addressing/FR-4434-dynamic-assignments-api.md,371
4435,FR-4435,IPAM & Addressing,Dynamic Assignments,SECURITY,requirements/ipam-addressing/FR-4435-dynamic-assignments-security.md,376
4436,FR-4436,IPAM & Addressing,Dynamic Assignments,TEST,requirements/ipam-addressing/FR-4436-dynamic-assignments-test.md,364
4437,FR-4437,IPAM & Addressing,Dynamic Assignments,EVENT,requirements/ipam-addressing/FR-4437-dynamic-assignments-event.md,365
4438,FR-4438,IPAM & Addressing,Dynamic Assignments,OPERATIONS,requirements/ipam-addressing/FR-4438-dynamic-assignments-operations.md,357
4439,FR-4439,IPAM & Addressing,Reserved IPs,UI,requirements/ipam-addressing/FR-4439-reserved-ips-ui.md,389
4440,FR-4440,IPAM & Addressing,Reserved IPs,BACKEND,requirements/ipam-addressing/FR-4440-reserved-ips-backend.md,370
4441,FR-4441,IPAM & Addressing,Reserved IPs,API,requirements/ipam-addressing/FR-4441-reserved-ips-api.md,371
4442,FR-4442,IPAM & Addressing,Reserved IPs,SECURITY,requirements/ipam-addressing/FR-4442-reserved-ips-security.md,376
4443,FR-4443,IPAM & Addressing,Reserved IPs,TEST,requirements/ipam-addressing/FR-4443-reserved-ips-test.md,364
4444,FR-4444,IPAM & Addressing,Reserved IPs,EVENT,requirements/ipam-addressing/FR-4444-reserved-ips-event.md,365
4445,FR-4445,IPAM & Addressing,Reserved IPs,OPERATIONS,requirements/ipam-addressing/FR-4445-reserved-ips-operations.md,357
4446,FR-4446,IPAM & Addressing,Customer IPs,UI,requirements/ipam-addressing/FR-4446-customer-ips-ui.md,389
4447,FR-4447,IPAM & Addressing,Customer IPs,BACKEND,requirements/ipam-addressing/FR-4447-customer-ips-backend.md,370
4448,FR-4448,IPAM & Addressing,Customer IPs,API,requirements/ipam-addressing/FR-4448-customer-ips-api.md,371
4449,FR-4449,IPAM & Addressing,Customer IPs,SECURITY,requirements/ipam-addressing/FR-4449-customer-ips-security.md,376
4450,FR-4450,IPAM & Addressing,Customer IPs,TEST,requirements/ipam-addressing/FR-4450-customer-ips-test.md,364
4451,FR-4451,IPAM & Addressing,Customer IPs,EVENT,requirements/ipam-addressing/FR-4451-customer-ips-event.md,365
4452,FR-4452,IPAM & Addressing,Customer IPs,OPERATIONS,requirements/ipam-addressing/FR-4452-customer-ips-operations.md,357
4453,FR-4453,IPAM & Addressing,Management IPs,UI,requirements/ipam-addressing/FR-4453-management-ips-ui.md,389
4454,FR-4454,IPAM & Addressing,Management IPs,BACKEND,requirements/ipam-addressing/FR-4454-management-ips-backend.md,370
4455,FR-4455,IPAM & Addressing,Management IPs,API,requirements/ipam-addressing/FR-4455-management-ips-api.md,371
4456,FR-4456,IPAM & Addressing,Management IPs,SECURITY,requirements/ipam-addressing/FR-4456-management-ips-security.md,376
4457,FR-4457,IPAM & Addressing,Management IPs,TEST,requirements/ipam-addressing/FR-4457-management-ips-test.md,364
4458,FR-4458,IPAM & Addressing,Management IPs,EVENT,requirements/ipam-addressing/FR-4458-management-ips-event.md,365
4459,FR-4459,IPAM & Addressing,Management IPs,OPERATIONS,requirements/ipam-addressing/FR-4459-management-ips-operations.md,357
4460,FR-4460,IPAM & Addressing,NAS IPs,UI,requirements/ipam-addressing/FR-4460-nas-ips-ui.md,389
4461,FR-4461,IPAM & Addressing,NAS IPs,BACKEND,requirements/ipam-addressing/FR-4461-nas-ips-backend.md,370
4462,FR-4462,IPAM & Addressing,NAS IPs,API,requirements/ipam-addressing/FR-4462-nas-ips-api.md,371
4463,FR-4463,IPAM & Addressing,NAS IPs,SECURITY,requirements/ipam-addressing/FR-4463-nas-ips-security.md,376
4464,FR-4464,IPAM & Addressing,NAS IPs,TEST,requirements/ipam-addressing/FR-4464-nas-ips-test.md,364
4465,FR-4465,IPAM & Addressing,NAS IPs,EVENT,requirements/ipam-addressing/FR-4465-nas-ips-event.md,365
4466,FR-4466,IPAM & Addressing,NAS IPs,OPERATIONS,requirements/ipam-addressing/FR-4466-nas-ips-operations.md,357
4467,FR-4467,IPAM & Addressing,Gateways,UI,requirements/ipam-addressing/FR-4467-gateways-ui.md,385
4468,FR-4468,IPAM & Addressing,Gateways,BACKEND,requirements/ipam-addressing/FR-4468-gateways-backend.md,367
4469,FR-4469,IPAM & Addressing,Gateways,API,requirements/ipam-addressing/FR-4469-gateways-api.md,368
4470,FR-4470,IPAM & Addressing,Gateways,SECURITY,requirements/ipam-addressing/FR-4470-gateways-security.md,373
4471,FR-4471,IPAM & Addressing,Gateways,TEST,requirements/ipam-addressing/FR-4471-gateways-test.md,361
4472,FR-4472,IPAM & Addressing,Gateways,EVENT,requirements/ipam-addressing/FR-4472-gateways-event.md,362
4473,FR-4473,IPAM & Addressing,Gateways,OPERATIONS,requirements/ipam-addressing/FR-4473-gateways-operations.md,354
4474,FR-4474,IPAM & Addressing,VRFs,UI,requirements/ipam-addressing/FR-4474-vrfs-ui.md,385
4475,FR-4475,IPAM & Addressing,VRFs,BACKEND,requirements/ipam-addressing/FR-4475-vrfs-backend.md,367
4476,FR-4476,IPAM & Addressing,VRFs,API,requirements/ipam-addressing/FR-4476-vrfs-api.md,368
4477,FR-4477,IPAM & Addressing,VRFs,SECURITY,requirements/ipam-addressing/FR-4477-vrfs-security.md,373
4478,FR-4478,IPAM & Addressing,VRFs,TEST,requirements/ipam-addressing/FR-4478-vrfs-test.md,361
4479,FR-4479,IPAM & Addressing,VRFs,EVENT,requirements/ipam-addressing/FR-4479-vrfs-event.md,362
4480,FR-4480,IPAM & Addressing,VRFs,OPERATIONS,requirements/ipam-addressing/FR-4480-vrfs-operations.md,354
4481,FR-4481,IPAM & Addressing,VLAN Registry,UI,requirements/ipam-addressing/FR-4481-vlan-registry-ui.md,389
4482,FR-4482,IPAM & Addressing,VLAN Registry,BACKEND,requirements/ipam-addressing/FR-4482-vlan-registry-backend.md,370
4483,FR-4483,IPAM & Addressing,VLAN Registry,API,requirements/ipam-addressing/FR-4483-vlan-registry-api.md,371
4484,FR-4484,IPAM & Addressing,VLAN Registry,SECURITY,requirements/ipam-addressing/FR-4484-vlan-registry-security.md,376
4485,FR-4485,IPAM & Addressing,VLAN Registry,TEST,requirements/ipam-addressing/FR-4485-vlan-registry-test.md,364
4486,FR-4486,IPAM & Addressing,VLAN Registry,EVENT,requirements/ipam-addressing/FR-4486-vlan-registry-event.md,365
4487,FR-4487,IPAM & Addressing,VLAN Registry,OPERATIONS,requirements/ipam-addressing/FR-4487-vlan-registry-operations.md,357
4488,FR-4488,IPAM & Addressing,Address Conflicts,UI,requirements/ipam-addressing/FR-4488-address-conflicts-ui.md,389
4489,FR-4489,IPAM & Addressing,Address Conflicts,BACKEND,requirements/ipam-addressing/FR-4489-address-conflicts-backend.md,370
4490,FR-4490,IPAM & Addressing,Address Conflicts,API,requirements/ipam-addressing/FR-4490-address-conflicts-api.md,371
4491,FR-4491,IPAM & Addressing,Address Conflicts,SECURITY,requirements/ipam-addressing/FR-4491-address-conflicts-security.md,376
4492,FR-4492,IPAM & Addressing,Address Conflicts,TEST,requirements/ipam-addressing/FR-4492-address-conflicts-test.md,364
4493,FR-4493,IPAM & Addressing,Address Conflicts,EVENT,requirements/ipam-addressing/FR-4493-address-conflicts-event.md,365
4494,FR-4494,IPAM & Addressing,Address Conflicts,OPERATIONS,requirements/ipam-addressing/FR-4494-address-conflicts-operations.md,357
4495,FR-4495,IPAM & Addressing,Pool Exhaustion,UI,requirements/ipam-addressing/FR-4495-pool-exhaustion-ui.md,389
4496,FR-4496,IPAM & Addressing,Pool Exhaustion,BACKEND,requirements/ipam-addressing/FR-4496-pool-exhaustion-backend.md,370
4497,FR-4497,IPAM & Addressing,Pool Exhaustion,API,requirements/ipam-addressing/FR-4497-pool-exhaustion-api.md,371
4498,FR-4498,IPAM & Addressing,Pool Exhaustion,SECURITY,requirements/ipam-addressing/FR-4498-pool-exhaustion-security.md,376
4499,FR-4499,IPAM & Addressing,Pool Exhaustion,TEST,requirements/ipam-addressing/FR-4499-pool-exhaustion-test.md,364
4500,FR-4500,IPAM & Addressing,Pool Exhaustion,EVENT,requirements/ipam-addressing/FR-4500-pool-exhaustion-event.md,365
4501,FR-4501,IPAM & Addressing,Pool Exhaustion,OPERATIONS,requirements/ipam-addressing/FR-4501-pool-exhaustion-operations.md,357
4502,FR-4502,IPAM & Addressing,IP History,UI,requirements/ipam-addressing/FR-4502-ip-history-ui.md,389
4503,FR-4503,IPAM & Addressing,IP History,BACKEND,requirements/ipam-addressing/FR-4503-ip-history-backend.md,370
4504,FR-4504,IPAM & Addressing,IP History,API,requirements/ipam-addressing/FR-4504-ip-history-api.md,371
4505,FR-4505,IPAM & Addressing,IP History,SECURITY,requirements/ipam-addressing/FR-4505-ip-history-security.md,376
4506,FR-4506,IPAM & Addressing,IP History,TEST,requirements/ipam-addressing/FR-4506-ip-history-test.md,364
4507,FR-4507,IPAM & Addressing,IP History,EVENT,requirements/ipam-addressing/FR-4507-ip-history-event.md,365
4508,FR-4508,IPAM & Addressing,IP History,OPERATIONS,requirements/ipam-addressing/FR-4508-ip-history-operations.md,357
4509,FR-4509,IPAM & Addressing,IP Reports,UI,requirements/ipam-addressing/FR-4509-ip-reports-ui.md,389
4510,FR-4510,IPAM & Addressing,IP Reports,BACKEND,requirements/ipam-addressing/FR-4510-ip-reports-backend.md,370
4511,FR-4511,IPAM & Addressing,IP Reports,API,requirements/ipam-addressing/FR-4511-ip-reports-api.md,371
4512,FR-4512,IPAM & Addressing,IP Reports,SECURITY,requirements/ipam-addressing/FR-4512-ip-reports-security.md,376
4513,FR-4513,IPAM & Addressing,IP Reports,TEST,requirements/ipam-addressing/FR-4513-ip-reports-test.md,364
4514,FR-4514,IPAM & Addressing,IP Reports,EVENT,requirements/ipam-addressing/FR-4514-ip-reports-event.md,365
4515,FR-4515,IPAM & Addressing,IP Reports,OPERATIONS,requirements/ipam-addressing/FR-4515-ip-reports-operations.md,357
4516,FR-4516,Reports & Analytics,Report Center,UI,requirements/reports-analytics/FR-4516-report-center-ui.md,391
4517,FR-4517,Reports & Analytics,Report Center,BACKEND,requirements/reports-analytics/FR-4517-report-center-backend.md,374
4518,FR-4518,Reports & Analytics,Report Center,API,requirements/reports-analytics/FR-4518-report-center-api.md,372
4519,FR-4519,Reports & Analytics,Report Center,SECURITY,requirements/reports-analytics/FR-4519-report-center-security.md,377
4520,FR-4520,Reports & Analytics,Report Center,TEST,requirements/reports-analytics/FR-4520-report-center-test.md,365
4521,FR-4521,Reports & Analytics,Report Center,EVENT,requirements/reports-analytics/FR-4521-report-center-event.md,366
4522,FR-4522,Reports & Analytics,Report Center,OPERATIONS,requirements/reports-analytics/FR-4522-report-center-operations.md,358
4523,FR-4523,Reports & Analytics,Financial Reports,UI,requirements/reports-analytics/FR-4523-financial-reports-ui.md,391
4524,FR-4524,Reports & Analytics,Financial Reports,BACKEND,requirements/reports-analytics/FR-4524-financial-reports-backend.md,374
4525,FR-4525,Reports & Analytics,Financial Reports,API,requirements/reports-analytics/FR-4525-financial-reports-api.md,372
4526,FR-4526,Reports & Analytics,Financial Reports,SECURITY,requirements/reports-analytics/FR-4526-financial-reports-security.md,377
4527,FR-4527,Reports & Analytics,Financial Reports,TEST,requirements/reports-analytics/FR-4527-financial-reports-test.md,365
4528,FR-4528,Reports & Analytics,Financial Reports,EVENT,requirements/reports-analytics/FR-4528-financial-reports-event.md,366
4529,FR-4529,Reports & Analytics,Financial Reports,OPERATIONS,requirements/reports-analytics/FR-4529-financial-reports-operations.md,358
4530,FR-4530,Reports & Analytics,Customer Reports,UI,requirements/reports-analytics/FR-4530-customer-reports-ui.md,391
4531,FR-4531,Reports & Analytics,Customer Reports,BACKEND,requirements/reports-analytics/FR-4531-customer-reports-backend.md,374
4532,FR-4532,Reports & Analytics,Customer Reports,API,requirements/reports-analytics/FR-4532-customer-reports-api.md,372
4533,FR-4533,Reports & Analytics,Customer Reports,SECURITY,requirements/reports-analytics/FR-4533-customer-reports-security.md,377
4534,FR-4534,Reports & Analytics,Customer Reports,TEST,requirements/reports-analytics/FR-4534-customer-reports-test.md,365
4535,FR-4535,Reports & Analytics,Customer Reports,EVENT,requirements/reports-analytics/FR-4535-customer-reports-event.md,366
4536,FR-4536,Reports & Analytics,Customer Reports,OPERATIONS,requirements/reports-analytics/FR-4536-customer-reports-operations.md,358
4537,FR-4537,Reports & Analytics,RADIUS Reports,UI,requirements/reports-analytics/FR-4537-radius-reports-ui.md,391
4538,FR-4538,Reports & Analytics,RADIUS Reports,BACKEND,requirements/reports-analytics/FR-4538-radius-reports-backend.md,374
4539,FR-4539,Reports & Analytics,RADIUS Reports,API,requirements/reports-analytics/FR-4539-radius-reports-api.md,372
4540,FR-4540,Reports & Analytics,RADIUS Reports,SECURITY,requirements/reports-analytics/FR-4540-radius-reports-security.md,377
4541,FR-4541,Reports & Analytics,RADIUS Reports,TEST,requirements/reports-analytics/FR-4541-radius-reports-test.md,365
4542,FR-4542,Reports & Analytics,RADIUS Reports,EVENT,requirements/reports-analytics/FR-4542-radius-reports-event.md,366
4543,FR-4543,Reports & Analytics,RADIUS Reports,OPERATIONS,requirements/reports-analytics/FR-4543-radius-reports-operations.md,358
4544,FR-4544,Reports & Analytics,PPPoE Reports,UI,requirements/reports-analytics/FR-4544-pppoe-reports-ui.md,391
4545,FR-4545,Reports & Analytics,PPPoE Reports,BACKEND,requirements/reports-analytics/FR-4545-pppoe-reports-backend.md,374
4546,FR-4546,Reports & Analytics,PPPoE Reports,API,requirements/reports-analytics/FR-4546-pppoe-reports-api.md,372
4547,FR-4547,Reports & Analytics,PPPoE Reports,SECURITY,requirements/reports-analytics/FR-4547-pppoe-reports-security.md,377
4548,FR-4548,Reports & Analytics,PPPoE Reports,TEST,requirements/reports-analytics/FR-4548-pppoe-reports-test.md,365
4549,FR-4549,Reports & Analytics,PPPoE Reports,EVENT,requirements/reports-analytics/FR-4549-pppoe-reports-event.md,366
4550,FR-4550,Reports & Analytics,PPPoE Reports,OPERATIONS,requirements/reports-analytics/FR-4550-pppoe-reports-operations.md,358
4551,FR-4551,Reports & Analytics,HotSpot Reports,UI,requirements/reports-analytics/FR-4551-hotspot-reports-ui.md,391
4552,FR-4552,Reports & Analytics,HotSpot Reports,BACKEND,requirements/reports-analytics/FR-4552-hotspot-reports-backend.md,374
4553,FR-4553,Reports & Analytics,HotSpot Reports,API,requirements/reports-analytics/FR-4553-hotspot-reports-api.md,372
4554,FR-4554,Reports & Analytics,HotSpot Reports,SECURITY,requirements/reports-analytics/FR-4554-hotspot-reports-security.md,377
4555,FR-4555,Reports & Analytics,HotSpot Reports,TEST,requirements/reports-analytics/FR-4555-hotspot-reports-test.md,365
4556,FR-4556,Reports & Analytics,HotSpot Reports,EVENT,requirements/reports-analytics/FR-4556-hotspot-reports-event.md,366
4557,FR-4557,Reports & Analytics,HotSpot Reports,OPERATIONS,requirements/reports-analytics/FR-4557-hotspot-reports-operations.md,358
4558,FR-4558,Reports & Analytics,Traffic Reports,UI,requirements/reports-analytics/FR-4558-traffic-reports-ui.md,391
4559,FR-4559,Reports & Analytics,Traffic Reports,BACKEND,requirements/reports-analytics/FR-4559-traffic-reports-backend.md,374
4560,FR-4560,Reports & Analytics,Traffic Reports,API,requirements/reports-analytics/FR-4560-traffic-reports-api.md,372
4561,FR-4561,Reports & Analytics,Traffic Reports,SECURITY,requirements/reports-analytics/FR-4561-traffic-reports-security.md,377
4562,FR-4562,Reports & Analytics,Traffic Reports,TEST,requirements/reports-analytics/FR-4562-traffic-reports-test.md,365
4563,FR-4563,Reports & Analytics,Traffic Reports,EVENT,requirements/reports-analytics/FR-4563-traffic-reports-event.md,366
4564,FR-4564,Reports & Analytics,Traffic Reports,OPERATIONS,requirements/reports-analytics/FR-4564-traffic-reports-operations.md,358
4565,FR-4565,Reports & Analytics,NMS Reports,UI,requirements/reports-analytics/FR-4565-nms-reports-ui.md,391
4566,FR-4566,Reports & Analytics,NMS Reports,BACKEND,requirements/reports-analytics/FR-4566-nms-reports-backend.md,374
4567,FR-4567,Reports & Analytics,NMS Reports,API,requirements/reports-analytics/FR-4567-nms-reports-api.md,372
4568,FR-4568,Reports & Analytics,NMS Reports,SECURITY,requirements/reports-analytics/FR-4568-nms-reports-security.md,377
4569,FR-4569,Reports & Analytics,NMS Reports,TEST,requirements/reports-analytics/FR-4569-nms-reports-test.md,365
4570,FR-4570,Reports & Analytics,NMS Reports,EVENT,requirements/reports-analytics/FR-4570-nms-reports-event.md,366
4571,FR-4571,Reports & Analytics,NMS Reports,OPERATIONS,requirements/reports-analytics/FR-4571-nms-reports-operations.md,358
4572,FR-4572,Reports & Analytics,OLT Reports,UI,requirements/reports-analytics/FR-4572-olt-reports-ui.md,391
4573,FR-4573,Reports & Analytics,OLT Reports,BACKEND,requirements/reports-analytics/FR-4573-olt-reports-backend.md,374
4574,FR-4574,Reports & Analytics,OLT Reports,API,requirements/reports-analytics/FR-4574-olt-reports-api.md,372
4575,FR-4575,Reports & Analytics,OLT Reports,SECURITY,requirements/reports-analytics/FR-4575-olt-reports-security.md,377
4576,FR-4576,Reports & Analytics,OLT Reports,TEST,requirements/reports-analytics/FR-4576-olt-reports-test.md,365
4577,FR-4577,Reports & Analytics,OLT Reports,EVENT,requirements/reports-analytics/FR-4577-olt-reports-event.md,366
4578,FR-4578,Reports & Analytics,OLT Reports,OPERATIONS,requirements/reports-analytics/FR-4578-olt-reports-operations.md,358
4579,FR-4579,Reports & Analytics,ONU Reports,UI,requirements/reports-analytics/FR-4579-onu-reports-ui.md,391
4580,FR-4580,Reports & Analytics,ONU Reports,BACKEND,requirements/reports-analytics/FR-4580-onu-reports-backend.md,374
4581,FR-4581,Reports & Analytics,ONU Reports,API,requirements/reports-analytics/FR-4581-onu-reports-api.md,372
4582,FR-4582,Reports & Analytics,ONU Reports,SECURITY,requirements/reports-analytics/FR-4582-onu-reports-security.md,377
4583,FR-4583,Reports & Analytics,ONU Reports,TEST,requirements/reports-analytics/FR-4583-onu-reports-test.md,365
4584,FR-4584,Reports & Analytics,ONU Reports,EVENT,requirements/reports-analytics/FR-4584-onu-reports-event.md,366
4585,FR-4585,Reports & Analytics,ONU Reports,OPERATIONS,requirements/reports-analytics/FR-4585-onu-reports-operations.md,358
4586,FR-4586,Reports & Analytics,Optical Reports,UI,requirements/reports-analytics/FR-4586-optical-reports-ui.md,391
4587,FR-4587,Reports & Analytics,Optical Reports,BACKEND,requirements/reports-analytics/FR-4587-optical-reports-backend.md,374
4588,FR-4588,Reports & Analytics,Optical Reports,API,requirements/reports-analytics/FR-4588-optical-reports-api.md,372
4589,FR-4589,Reports & Analytics,Optical Reports,SECURITY,requirements/reports-analytics/FR-4589-optical-reports-security.md,377
4590,FR-4590,Reports & Analytics,Optical Reports,TEST,requirements/reports-analytics/FR-4590-optical-reports-test.md,365
4591,FR-4591,Reports & Analytics,Optical Reports,EVENT,requirements/reports-analytics/FR-4591-optical-reports-event.md,366
4592,FR-4592,Reports & Analytics,Optical Reports,OPERATIONS,requirements/reports-analytics/FR-4592-optical-reports-operations.md,358
4593,FR-4593,Reports & Analytics,Fiber Reports,UI,requirements/reports-analytics/FR-4593-fiber-reports-ui.md,391
4594,FR-4594,Reports & Analytics,Fiber Reports,BACKEND,requirements/reports-analytics/FR-4594-fiber-reports-backend.md,374
4595,FR-4595,Reports & Analytics,Fiber Reports,API,requirements/reports-analytics/FR-4595-fiber-reports-api.md,372
4596,FR-4596,Reports & Analytics,Fiber Reports,SECURITY,requirements/reports-analytics/FR-4596-fiber-reports-security.md,377
4597,FR-4597,Reports & Analytics,Fiber Reports,TEST,requirements/reports-analytics/FR-4597-fiber-reports-test.md,365
4598,FR-4598,Reports & Analytics,Fiber Reports,EVENT,requirements/reports-analytics/FR-4598-fiber-reports-event.md,366
4599,FR-4599,Reports & Analytics,Fiber Reports,OPERATIONS,requirements/reports-analytics/FR-4599-fiber-reports-operations.md,358
4600,FR-4600,Reports & Analytics,Inventory Reports,UI,requirements/reports-analytics/FR-4600-inventory-reports-ui.md,391
4601,FR-4601,Reports & Analytics,Inventory Reports,BACKEND,requirements/reports-analytics/FR-4601-inventory-reports-backend.md,374
4602,FR-4602,Reports & Analytics,Inventory Reports,API,requirements/reports-analytics/FR-4602-inventory-reports-api.md,372
4603,FR-4603,Reports & Analytics,Inventory Reports,SECURITY,requirements/reports-analytics/FR-4603-inventory-reports-security.md,377
4604,FR-4604,Reports & Analytics,Inventory Reports,TEST,requirements/reports-analytics/FR-4604-inventory-reports-test.md,365
4605,FR-4605,Reports & Analytics,Inventory Reports,EVENT,requirements/reports-analytics/FR-4605-inventory-reports-event.md,366
4606,FR-4606,Reports & Analytics,Inventory Reports,OPERATIONS,requirements/reports-analytics/FR-4606-inventory-reports-operations.md,358
4607,FR-4607,Reports & Analytics,Work Order Reports,UI,requirements/reports-analytics/FR-4607-work-order-reports-ui.md,395
4608,FR-4608,Reports & Analytics,Work Order Reports,BACKEND,requirements/reports-analytics/FR-4608-work-order-reports-backend.md,377
4609,FR-4609,Reports & Analytics,Work Order Reports,API,requirements/reports-analytics/FR-4609-work-order-reports-api.md,375
4610,FR-4610,Reports & Analytics,Work Order Reports,SECURITY,requirements/reports-analytics/FR-4610-work-order-reports-security.md,380
4611,FR-4611,Reports & Analytics,Work Order Reports,TEST,requirements/reports-analytics/FR-4611-work-order-reports-test.md,368
4612,FR-4612,Reports & Analytics,Work Order Reports,EVENT,requirements/reports-analytics/FR-4612-work-order-reports-event.md,369
4613,FR-4613,Reports & Analytics,Work Order Reports,OPERATIONS,requirements/reports-analytics/FR-4613-work-order-reports-operations.md,361
4614,FR-4614,Reports & Analytics,Ticket Reports,UI,requirements/reports-analytics/FR-4614-ticket-reports-ui.md,391
4615,FR-4615,Reports & Analytics,Ticket Reports,BACKEND,requirements/reports-analytics/FR-4615-ticket-reports-backend.md,374
4616,FR-4616,Reports & Analytics,Ticket Reports,API,requirements/reports-analytics/FR-4616-ticket-reports-api.md,372
4617,FR-4617,Reports & Analytics,Ticket Reports,SECURITY,requirements/reports-analytics/FR-4617-ticket-reports-security.md,377
4618,FR-4618,Reports & Analytics,Ticket Reports,TEST,requirements/reports-analytics/FR-4618-ticket-reports-test.md,365
4619,FR-4619,Reports & Analytics,Ticket Reports,EVENT,requirements/reports-analytics/FR-4619-ticket-reports-event.md,366
4620,FR-4620,Reports & Analytics,Ticket Reports,OPERATIONS,requirements/reports-analytics/FR-4620-ticket-reports-operations.md,358
4621,FR-4621,Reports & Analytics,SLA Reports,UI,requirements/reports-analytics/FR-4621-sla-reports-ui.md,391
4622,FR-4622,Reports & Analytics,SLA Reports,BACKEND,requirements/reports-analytics/FR-4622-sla-reports-backend.md,374
4623,FR-4623,Reports & Analytics,SLA Reports,API,requirements/reports-analytics/FR-4623-sla-reports-api.md,372
4624,FR-4624,Reports & Analytics,SLA Reports,SECURITY,requirements/reports-analytics/FR-4624-sla-reports-security.md,377
4625,FR-4625,Reports & Analytics,SLA Reports,TEST,requirements/reports-analytics/FR-4625-sla-reports-test.md,365
4626,FR-4626,Reports & Analytics,SLA Reports,EVENT,requirements/reports-analytics/FR-4626-sla-reports-event.md,366
4627,FR-4627,Reports & Analytics,SLA Reports,OPERATIONS,requirements/reports-analytics/FR-4627-sla-reports-operations.md,358
4628,FR-4628,Reports & Analytics,Utilization Reports,UI,requirements/reports-analytics/FR-4628-utilization-reports-ui.md,391
4629,FR-4629,Reports & Analytics,Utilization Reports,BACKEND,requirements/reports-analytics/FR-4629-utilization-reports-backend.md,374
4630,FR-4630,Reports & Analytics,Utilization Reports,API,requirements/reports-analytics/FR-4630-utilization-reports-api.md,372
4631,FR-4631,Reports & Analytics,Utilization Reports,SECURITY,requirements/reports-analytics/FR-4631-utilization-reports-security.md,377
4632,FR-4632,Reports & Analytics,Utilization Reports,TEST,requirements/reports-analytics/FR-4632-utilization-reports-test.md,365
4633,FR-4633,Reports & Analytics,Utilization Reports,EVENT,requirements/reports-analytics/FR-4633-utilization-reports-event.md,366
4634,FR-4634,Reports & Analytics,Utilization Reports,OPERATIONS,requirements/reports-analytics/FR-4634-utilization-reports-operations.md,358
4635,FR-4635,Reports & Analytics,Capacity Reports,UI,requirements/reports-analytics/FR-4635-capacity-reports-ui.md,391
4636,FR-4636,Reports & Analytics,Capacity Reports,BACKEND,requirements/reports-analytics/FR-4636-capacity-reports-backend.md,374
4637,FR-4637,Reports & Analytics,Capacity Reports,API,requirements/reports-analytics/FR-4637-capacity-reports-api.md,372
4638,FR-4638,Reports & Analytics,Capacity Reports,SECURITY,requirements/reports-analytics/FR-4638-capacity-reports-security.md,377
4639,FR-4639,Reports & Analytics,Capacity Reports,TEST,requirements/reports-analytics/FR-4639-capacity-reports-test.md,365
4640,FR-4640,Reports & Analytics,Capacity Reports,EVENT,requirements/reports-analytics/FR-4640-capacity-reports-event.md,366
4641,FR-4641,Reports & Analytics,Capacity Reports,OPERATIONS,requirements/reports-analytics/FR-4641-capacity-reports-operations.md,358
4642,FR-4642,Reports & Analytics,Audit Reports,UI,requirements/reports-analytics/FR-4642-audit-reports-ui.md,391
4643,FR-4643,Reports & Analytics,Audit Reports,BACKEND,requirements/reports-analytics/FR-4643-audit-reports-backend.md,374
4644,FR-4644,Reports & Analytics,Audit Reports,API,requirements/reports-analytics/FR-4644-audit-reports-api.md,372
4645,FR-4645,Reports & Analytics,Audit Reports,SECURITY,requirements/reports-analytics/FR-4645-audit-reports-security.md,377
4646,FR-4646,Reports & Analytics,Audit Reports,TEST,requirements/reports-analytics/FR-4646-audit-reports-test.md,365
4647,FR-4647,Reports & Analytics,Audit Reports,EVENT,requirements/reports-analytics/FR-4647-audit-reports-event.md,366
4648,FR-4648,Reports & Analytics,Audit Reports,OPERATIONS,requirements/reports-analytics/FR-4648-audit-reports-operations.md,358
4649,FR-4649,Reports & Analytics,Scheduled Reports,UI,requirements/reports-analytics/FR-4649-scheduled-reports-ui.md,391
4650,FR-4650,Reports & Analytics,Scheduled Reports,BACKEND,requirements/reports-analytics/FR-4650-scheduled-reports-backend.md,374
4651,FR-4651,Reports & Analytics,Scheduled Reports,API,requirements/reports-analytics/FR-4651-scheduled-reports-api.md,372
4652,FR-4652,Reports & Analytics,Scheduled Reports,SECURITY,requirements/reports-analytics/FR-4652-scheduled-reports-security.md,377
4653,FR-4653,Reports & Analytics,Scheduled Reports,TEST,requirements/reports-analytics/FR-4653-scheduled-reports-test.md,365
4654,FR-4654,Reports & Analytics,Scheduled Reports,EVENT,requirements/reports-analytics/FR-4654-scheduled-reports-event.md,366
4655,FR-4655,Reports & Analytics,Scheduled Reports,OPERATIONS,requirements/reports-analytics/FR-4655-scheduled-reports-operations.md,358
4656,FR-4656,Reports & Analytics,Report Export,UI,requirements/reports-analytics/FR-4656-report-export-ui.md,391
4657,FR-4657,Reports & Analytics,Report Export,BACKEND,requirements/reports-analytics/FR-4657-report-export-backend.md,374
4658,FR-4658,Reports & Analytics,Report Export,API,requirements/reports-analytics/FR-4658-report-export-api.md,372
4659,FR-4659,Reports & Analytics,Report Export,SECURITY,requirements/reports-analytics/FR-4659-report-export-security.md,377
4660,FR-4660,Reports & Analytics,Report Export,TEST,requirements/reports-analytics/FR-4660-report-export-test.md,365
4661,FR-4661,Reports & Analytics,Report Export,EVENT,requirements/reports-analytics/FR-4661-report-export-event.md,366
4662,FR-4662,Reports & Analytics,Report Export,OPERATIONS,requirements/reports-analytics/FR-4662-report-export-operations.md,358
4663,FR-4663,Reports & Analytics,Custom Reports,UI,requirements/reports-analytics/FR-4663-custom-reports-ui.md,391
4664,FR-4664,Reports & Analytics,Custom Reports,BACKEND,requirements/reports-analytics/FR-4664-custom-reports-backend.md,374
4665,FR-4665,Reports & Analytics,Custom Reports,API,requirements/reports-analytics/FR-4665-custom-reports-api.md,372
4666,FR-4666,Reports & Analytics,Custom Reports,SECURITY,requirements/reports-analytics/FR-4666-custom-reports-security.md,377
4667,FR-4667,Reports & Analytics,Custom Reports,TEST,requirements/reports-analytics/FR-4667-custom-reports-test.md,365
4668,FR-4668,Reports & Analytics,Custom Reports,EVENT,requirements/reports-analytics/FR-4668-custom-reports-event.md,366
4669,FR-4669,Reports & Analytics,Custom Reports,OPERATIONS,requirements/reports-analytics/FR-4669-custom-reports-operations.md,358
4670,FR-4670,Customer Portal,Customer Dashboard,UI,requirements/customer-portal/FR-4670-customer-dashboard-ui.md,384
4671,FR-4671,Customer Portal,Customer Dashboard,BACKEND,requirements/customer-portal/FR-4671-customer-dashboard-backend.md,367
4672,FR-4672,Customer Portal,Customer Dashboard,API,requirements/customer-portal/FR-4672-customer-dashboard-api.md,369
4673,FR-4673,Customer Portal,Customer Dashboard,SECURITY,requirements/customer-portal/FR-4673-customer-dashboard-security.md,374
4674,FR-4674,Customer Portal,Customer Dashboard,TEST,requirements/customer-portal/FR-4674-customer-dashboard-test.md,362
4675,FR-4675,Customer Portal,Customer Dashboard,EVENT,requirements/customer-portal/FR-4675-customer-dashboard-event.md,363
4676,FR-4676,Customer Portal,Customer Dashboard,OPERATIONS,requirements/customer-portal/FR-4676-customer-dashboard-operations.md,355
4677,FR-4677,Customer Portal,My Internet,UI,requirements/customer-portal/FR-4677-my-internet-ui.md,384
4678,FR-4678,Customer Portal,My Internet,BACKEND,requirements/customer-portal/FR-4678-my-internet-backend.md,367
4679,FR-4679,Customer Portal,My Internet,API,requirements/customer-portal/FR-4679-my-internet-api.md,369
4680,FR-4680,Customer Portal,My Internet,SECURITY,requirements/customer-portal/FR-4680-my-internet-security.md,374
4681,FR-4681,Customer Portal,My Internet,TEST,requirements/customer-portal/FR-4681-my-internet-test.md,362
4682,FR-4682,Customer Portal,My Internet,EVENT,requirements/customer-portal/FR-4682-my-internet-event.md,363
4683,FR-4683,Customer Portal,My Internet,OPERATIONS,requirements/customer-portal/FR-4683-my-internet-operations.md,355
4684,FR-4684,Customer Portal,My Package,UI,requirements/customer-portal/FR-4684-my-package-ui.md,384
4685,FR-4685,Customer Portal,My Package,BACKEND,requirements/customer-portal/FR-4685-my-package-backend.md,367
4686,FR-4686,Customer Portal,My Package,API,requirements/customer-portal/FR-4686-my-package-api.md,369
4687,FR-4687,Customer Portal,My Package,SECURITY,requirements/customer-portal/FR-4687-my-package-security.md,374
4688,FR-4688,Customer Portal,My Package,TEST,requirements/customer-portal/FR-4688-my-package-test.md,362
4689,FR-4689,Customer Portal,My Package,EVENT,requirements/customer-portal/FR-4689-my-package-event.md,363
4690,FR-4690,Customer Portal,My Package,OPERATIONS,requirements/customer-portal/FR-4690-my-package-operations.md,355
4691,FR-4691,Customer Portal,Usage,UI,requirements/customer-portal/FR-4691-usage-ui.md,380
4692,FR-4692,Customer Portal,Usage,BACKEND,requirements/customer-portal/FR-4692-usage-backend.md,364
4693,FR-4693,Customer Portal,Usage,API,requirements/customer-portal/FR-4693-usage-api.md,366
4694,FR-4694,Customer Portal,Usage,SECURITY,requirements/customer-portal/FR-4694-usage-security.md,371
4695,FR-4695,Customer Portal,Usage,TEST,requirements/customer-portal/FR-4695-usage-test.md,359
4696,FR-4696,Customer Portal,Usage,EVENT,requirements/customer-portal/FR-4696-usage-event.md,360
4697,FR-4697,Customer Portal,Usage,OPERATIONS,requirements/customer-portal/FR-4697-usage-operations.md,352
4698,FR-4698,Customer Portal,Invoices,UI,requirements/customer-portal/FR-4698-invoices-ui.md,380
4699,FR-4699,Customer Portal,Invoices,BACKEND,requirements/customer-portal/FR-4699-invoices-backend.md,364
4700,FR-4700,Customer Portal,Invoices,API,requirements/customer-portal/FR-4700-invoices-api.md,366
4701,FR-4701,Customer Portal,Invoices,SECURITY,requirements/customer-portal/FR-4701-invoices-security.md,371
4702,FR-4702,Customer Portal,Invoices,TEST,requirements/customer-portal/FR-4702-invoices-test.md,359
4703,FR-4703,Customer Portal,Invoices,EVENT,requirements/customer-portal/FR-4703-invoices-event.md,360
4704,FR-4704,Customer Portal,Invoices,OPERATIONS,requirements/customer-portal/FR-4704-invoices-operations.md,352
4705,FR-4705,Customer Portal,Payments,UI,requirements/customer-portal/FR-4705-payments-ui.md,380
4706,FR-4706,Customer Portal,Payments,BACKEND,requirements/customer-portal/FR-4706-payments-backend.md,364
4707,FR-4707,Customer Portal,Payments,API,requirements/customer-portal/FR-4707-payments-api.md,366
4708,FR-4708,Customer Portal,Payments,SECURITY,requirements/customer-portal/FR-4708-payments-security.md,371
4709,FR-4709,Customer Portal,Payments,TEST,requirements/customer-portal/FR-4709-payments-test.md,359
4710,FR-4710,Customer Portal,Payments,EVENT,requirements/customer-portal/FR-4710-payments-event.md,360
4711,FR-4711,Customer Portal,Payments,OPERATIONS,requirements/customer-portal/FR-4711-payments-operations.md,352
4712,FR-4712,Customer Portal,Wallet,UI,requirements/customer-portal/FR-4712-wallet-ui.md,380
4713,FR-4713,Customer Portal,Wallet,BACKEND,requirements/customer-portal/FR-4713-wallet-backend.md,364
4714,FR-4714,Customer Portal,Wallet,API,requirements/customer-portal/FR-4714-wallet-api.md,366
4715,FR-4715,Customer Portal,Wallet,SECURITY,requirements/customer-portal/FR-4715-wallet-security.md,371
4716,FR-4716,Customer Portal,Wallet,TEST,requirements/customer-portal/FR-4716-wallet-test.md,359
4717,FR-4717,Customer Portal,Wallet,EVENT,requirements/customer-portal/FR-4717-wallet-event.md,360
4718,FR-4718,Customer Portal,Wallet,OPERATIONS,requirements/customer-portal/FR-4718-wallet-operations.md,352
4719,FR-4719,Customer Portal,Upgrade Package,UI,requirements/customer-portal/FR-4719-upgrade-package-ui.md,384
4720,FR-4720,Customer Portal,Upgrade Package,BACKEND,requirements/customer-portal/FR-4720-upgrade-package-backend.md,367
4721,FR-4721,Customer Portal,Upgrade Package,API,requirements/customer-portal/FR-4721-upgrade-package-api.md,369
4722,FR-4722,Customer Portal,Upgrade Package,SECURITY,requirements/customer-portal/FR-4722-upgrade-package-security.md,374
4723,FR-4723,Customer Portal,Upgrade Package,TEST,requirements/customer-portal/FR-4723-upgrade-package-test.md,362
4724,FR-4724,Customer Portal,Upgrade Package,EVENT,requirements/customer-portal/FR-4724-upgrade-package-event.md,363
4725,FR-4725,Customer Portal,Upgrade Package,OPERATIONS,requirements/customer-portal/FR-4725-upgrade-package-operations.md,355
4726,FR-4726,Customer Portal,Connection Status,UI,requirements/customer-portal/FR-4726-connection-status-ui.md,384
4727,FR-4727,Customer Portal,Connection Status,BACKEND,requirements/customer-portal/FR-4727-connection-status-backend.md,367
4728,FR-4728,Customer Portal,Connection Status,API,requirements/customer-portal/FR-4728-connection-status-api.md,369
4729,FR-4729,Customer Portal,Connection Status,SECURITY,requirements/customer-portal/FR-4729-connection-status-security.md,374
4730,FR-4730,Customer Portal,Connection Status,TEST,requirements/customer-portal/FR-4730-connection-status-test.md,362
4731,FR-4731,Customer Portal,Connection Status,EVENT,requirements/customer-portal/FR-4731-connection-status-event.md,363
4732,FR-4732,Customer Portal,Connection Status,OPERATIONS,requirements/customer-portal/FR-4732-connection-status-operations.md,355
4733,FR-4733,Customer Portal,Outages,UI,requirements/customer-portal/FR-4733-outages-ui.md,380
4734,FR-4734,Customer Portal,Outages,BACKEND,requirements/customer-portal/FR-4734-outages-backend.md,364
4735,FR-4735,Customer Portal,Outages,API,requirements/customer-portal/FR-4735-outages-api.md,366
4736,FR-4736,Customer Portal,Outages,SECURITY,requirements/customer-portal/FR-4736-outages-security.md,371
4737,FR-4737,Customer Portal,Outages,TEST,requirements/customer-portal/FR-4737-outages-test.md,359
4738,FR-4738,Customer Portal,Outages,EVENT,requirements/customer-portal/FR-4738-outages-event.md,360
4739,FR-4739,Customer Portal,Outages,OPERATIONS,requirements/customer-portal/FR-4739-outages-operations.md,352
4740,FR-4740,Customer Portal,Tickets,UI,requirements/customer-portal/FR-4740-tickets-ui.md,380
4741,FR-4741,Customer Portal,Tickets,BACKEND,requirements/customer-portal/FR-4741-tickets-backend.md,364
4742,FR-4742,Customer Portal,Tickets,API,requirements/customer-portal/FR-4742-tickets-api.md,366
4743,FR-4743,Customer Portal,Tickets,SECURITY,requirements/customer-portal/FR-4743-tickets-security.md,371
4744,FR-4744,Customer Portal,Tickets,TEST,requirements/customer-portal/FR-4744-tickets-test.md,359
4745,FR-4745,Customer Portal,Tickets,EVENT,requirements/customer-portal/FR-4745-tickets-event.md,360
4746,FR-4746,Customer Portal,Tickets,OPERATIONS,requirements/customer-portal/FR-4746-tickets-operations.md,352
4747,FR-4747,Customer Portal,Notifications,UI,requirements/customer-portal/FR-4747-notifications-ui.md,380
4748,FR-4748,Customer Portal,Notifications,BACKEND,requirements/customer-portal/FR-4748-notifications-backend.md,364
4749,FR-4749,Customer Portal,Notifications,API,requirements/customer-portal/FR-4749-notifications-api.md,366
4750,FR-4750,Customer Portal,Notifications,SECURITY,requirements/customer-portal/FR-4750-notifications-security.md,371
4751,FR-4751,Customer Portal,Notifications,TEST,requirements/customer-portal/FR-4751-notifications-test.md,359
4752,FR-4752,Customer Portal,Notifications,EVENT,requirements/customer-portal/FR-4752-notifications-event.md,360
4753,FR-4753,Customer Portal,Notifications,OPERATIONS,requirements/customer-portal/FR-4753-notifications-operations.md,352
4754,FR-4754,Customer Portal,Devices,UI,requirements/customer-portal/FR-4754-devices-ui.md,380
4755,FR-4755,Customer Portal,Devices,BACKEND,requirements/customer-portal/FR-4755-devices-backend.md,364
4756,FR-4756,Customer Portal,Devices,API,requirements/customer-portal/FR-4756-devices-api.md,366
4757,FR-4757,Customer Portal,Devices,SECURITY,requirements/customer-portal/FR-4757-devices-security.md,371
4758,FR-4758,Customer Portal,Devices,TEST,requirements/customer-portal/FR-4758-devices-test.md,359
4759,FR-4759,Customer Portal,Devices,EVENT,requirements/customer-portal/FR-4759-devices-event.md,360
4760,FR-4760,Customer Portal,Devices,OPERATIONS,requirements/customer-portal/FR-4760-devices-operations.md,352
4761,FR-4761,Customer Portal,Wi-Fi Settings,UI,requirements/customer-portal/FR-4761-wi-fi-settings-ui.md,384
4762,FR-4762,Customer Portal,Wi-Fi Settings,BACKEND,requirements/customer-portal/FR-4762-wi-fi-settings-backend.md,367
4763,FR-4763,Customer Portal,Wi-Fi Settings,API,requirements/customer-portal/FR-4763-wi-fi-settings-api.md,369
4764,FR-4764,Customer Portal,Wi-Fi Settings,SECURITY,requirements/customer-portal/FR-4764-wi-fi-settings-security.md,374
4765,FR-4765,Customer Portal,Wi-Fi Settings,TEST,requirements/customer-portal/FR-4765-wi-fi-settings-test.md,362
4766,FR-4766,Customer Portal,Wi-Fi Settings,EVENT,requirements/customer-portal/FR-4766-wi-fi-settings-event.md,363
4767,FR-4767,Customer Portal,Wi-Fi Settings,OPERATIONS,requirements/customer-portal/FR-4767-wi-fi-settings-operations.md,355
4768,FR-4768,Customer Portal,ONU Reboot,UI,requirements/customer-portal/FR-4768-onu-reboot-ui.md,384
4769,FR-4769,Customer Portal,ONU Reboot,BACKEND,requirements/customer-portal/FR-4769-onu-reboot-backend.md,367
4770,FR-4770,Customer Portal,ONU Reboot,API,requirements/customer-portal/FR-4770-onu-reboot-api.md,369
4771,FR-4771,Customer Portal,ONU Reboot,SECURITY,requirements/customer-portal/FR-4771-onu-reboot-security.md,374
4772,FR-4772,Customer Portal,ONU Reboot,TEST,requirements/customer-portal/FR-4772-onu-reboot-test.md,362
4773,FR-4773,Customer Portal,ONU Reboot,EVENT,requirements/customer-portal/FR-4773-onu-reboot-event.md,363
4774,FR-4774,Customer Portal,ONU Reboot,OPERATIONS,requirements/customer-portal/FR-4774-onu-reboot-operations.md,355
4775,FR-4775,Customer Portal,Profile,UI,requirements/customer-portal/FR-4775-profile-ui.md,380
4776,FR-4776,Customer Portal,Profile,BACKEND,requirements/customer-portal/FR-4776-profile-backend.md,364
4777,FR-4777,Customer Portal,Profile,API,requirements/customer-portal/FR-4777-profile-api.md,366
4778,FR-4778,Customer Portal,Profile,SECURITY,requirements/customer-portal/FR-4778-profile-security.md,371
4779,FR-4779,Customer Portal,Profile,TEST,requirements/customer-portal/FR-4779-profile-test.md,359
4780,FR-4780,Customer Portal,Profile,EVENT,requirements/customer-portal/FR-4780-profile-event.md,360
4781,FR-4781,Customer Portal,Profile,OPERATIONS,requirements/customer-portal/FR-4781-profile-operations.md,352
4782,FR-4782,Customer Portal,Documents,UI,requirements/customer-portal/FR-4782-documents-ui.md,380
4783,FR-4783,Customer Portal,Documents,BACKEND,requirements/customer-portal/FR-4783-documents-backend.md,364
4784,FR-4784,Customer Portal,Documents,API,requirements/customer-portal/FR-4784-documents-api.md,366
4785,FR-4785,Customer Portal,Documents,SECURITY,requirements/customer-portal/FR-4785-documents-security.md,371
4786,FR-4786,Customer Portal,Documents,TEST,requirements/customer-portal/FR-4786-documents-test.md,359
4787,FR-4787,Customer Portal,Documents,EVENT,requirements/customer-portal/FR-4787-documents-event.md,360
4788,FR-4788,Customer Portal,Documents,OPERATIONS,requirements/customer-portal/FR-4788-documents-operations.md,352
4789,FR-4789,Customer Portal,Support,UI,requirements/customer-portal/FR-4789-support-ui.md,380
4790,FR-4790,Customer Portal,Support,BACKEND,requirements/customer-portal/FR-4790-support-backend.md,364
4791,FR-4791,Customer Portal,Support,API,requirements/customer-portal/FR-4791-support-api.md,366
4792,FR-4792,Customer Portal,Support,SECURITY,requirements/customer-portal/FR-4792-support-security.md,371
4793,FR-4793,Customer Portal,Support,TEST,requirements/customer-portal/FR-4793-support-test.md,359
4794,FR-4794,Customer Portal,Support,EVENT,requirements/customer-portal/FR-4794-support-event.md,360
4795,FR-4795,Customer Portal,Support,OPERATIONS,requirements/customer-portal/FR-4795-support-operations.md,352
4796,FR-4796,Customer Portal,Payment History,UI,requirements/customer-portal/FR-4796-payment-history-ui.md,384
4797,FR-4797,Customer Portal,Payment History,BACKEND,requirements/customer-portal/FR-4797-payment-history-backend.md,367
4798,FR-4798,Customer Portal,Payment History,API,requirements/customer-portal/FR-4798-payment-history-api.md,369
4799,FR-4799,Customer Portal,Payment History,SECURITY,requirements/customer-portal/FR-4799-payment-history-security.md,374
4800,FR-4800,Customer Portal,Payment History,TEST,requirements/customer-portal/FR-4800-payment-history-test.md,362
4801,FR-4801,Customer Portal,Payment History,EVENT,requirements/customer-portal/FR-4801-payment-history-event.md,363
4802,FR-4802,Customer Portal,Payment History,OPERATIONS,requirements/customer-portal/FR-4802-payment-history-operations.md,355
4803,FR-4803,Field PWA,Field Dashboard,UI,requirements/field-pwa/FR-4803-field-dashboard-ui.md,386
4804,FR-4804,Field PWA,Field Dashboard,BACKEND,requirements/field-pwa/FR-4804-field-dashboard-backend.md,371
4805,FR-4805,Field PWA,Field Dashboard,API,requirements/field-pwa/FR-4805-field-dashboard-api.md,370
4806,FR-4806,Field PWA,Field Dashboard,SECURITY,requirements/field-pwa/FR-4806-field-dashboard-security.md,375
4807,FR-4807,Field PWA,Field Dashboard,TEST,requirements/field-pwa/FR-4807-field-dashboard-test.md,363
4808,FR-4808,Field PWA,Field Dashboard,EVENT,requirements/field-pwa/FR-4808-field-dashboard-event.md,364
4809,FR-4809,Field PWA,Field Dashboard,OPERATIONS,requirements/field-pwa/FR-4809-field-dashboard-operations.md,356
4810,FR-4810,Field PWA,Assigned Work,UI,requirements/field-pwa/FR-4810-assigned-work-ui.md,386
4811,FR-4811,Field PWA,Assigned Work,BACKEND,requirements/field-pwa/FR-4811-assigned-work-backend.md,371
4812,FR-4812,Field PWA,Assigned Work,API,requirements/field-pwa/FR-4812-assigned-work-api.md,370
4813,FR-4813,Field PWA,Assigned Work,SECURITY,requirements/field-pwa/FR-4813-assigned-work-security.md,375
4814,FR-4814,Field PWA,Assigned Work,TEST,requirements/field-pwa/FR-4814-assigned-work-test.md,363
4815,FR-4815,Field PWA,Assigned Work,EVENT,requirements/field-pwa/FR-4815-assigned-work-event.md,364
4816,FR-4816,Field PWA,Assigned Work,OPERATIONS,requirements/field-pwa/FR-4816-assigned-work-operations.md,356
4817,FR-4817,Field PWA,Offline Packages,UI,requirements/field-pwa/FR-4817-offline-packages-ui.md,386
4818,FR-4818,Field PWA,Offline Packages,BACKEND,requirements/field-pwa/FR-4818-offline-packages-backend.md,371
4819,FR-4819,Field PWA,Offline Packages,API,requirements/field-pwa/FR-4819-offline-packages-api.md,370
4820,FR-4820,Field PWA,Offline Packages,SECURITY,requirements/field-pwa/FR-4820-offline-packages-security.md,375
4821,FR-4821,Field PWA,Offline Packages,TEST,requirements/field-pwa/FR-4821-offline-packages-test.md,363
4822,FR-4822,Field PWA,Offline Packages,EVENT,requirements/field-pwa/FR-4822-offline-packages-event.md,364
4823,FR-4823,Field PWA,Offline Packages,OPERATIONS,requirements/field-pwa/FR-4823-offline-packages-operations.md,356
4824,FR-4824,Field PWA,Map,UI,requirements/field-pwa/FR-4824-map-ui.md,382
4825,FR-4825,Field PWA,Map,BACKEND,requirements/field-pwa/FR-4825-map-backend.md,368
4826,FR-4826,Field PWA,Map,API,requirements/field-pwa/FR-4826-map-api.md,367
4827,FR-4827,Field PWA,Map,SECURITY,requirements/field-pwa/FR-4827-map-security.md,372
4828,FR-4828,Field PWA,Map,TEST,requirements/field-pwa/FR-4828-map-test.md,360
4829,FR-4829,Field PWA,Map,EVENT,requirements/field-pwa/FR-4829-map-event.md,361
4830,FR-4830,Field PWA,Map,OPERATIONS,requirements/field-pwa/FR-4830-map-operations.md,353
4831,FR-4831,Field PWA,Asset Lookup,UI,requirements/field-pwa/FR-4831-asset-lookup-ui.md,386
4832,FR-4832,Field PWA,Asset Lookup,BACKEND,requirements/field-pwa/FR-4832-asset-lookup-backend.md,371
4833,FR-4833,Field PWA,Asset Lookup,API,requirements/field-pwa/FR-4833-asset-lookup-api.md,370
4834,FR-4834,Field PWA,Asset Lookup,SECURITY,requirements/field-pwa/FR-4834-asset-lookup-security.md,375
4835,FR-4835,Field PWA,Asset Lookup,TEST,requirements/field-pwa/FR-4835-asset-lookup-test.md,363
4836,FR-4836,Field PWA,Asset Lookup,EVENT,requirements/field-pwa/FR-4836-asset-lookup-event.md,364
4837,FR-4837,Field PWA,Asset Lookup,OPERATIONS,requirements/field-pwa/FR-4837-asset-lookup-operations.md,356
4838,FR-4838,Field PWA,QR Scanner,UI,requirements/field-pwa/FR-4838-qr-scanner-ui.md,386
4839,FR-4839,Field PWA,QR Scanner,BACKEND,requirements/field-pwa/FR-4839-qr-scanner-backend.md,371
4840,FR-4840,Field PWA,QR Scanner,API,requirements/field-pwa/FR-4840-qr-scanner-api.md,370
4841,FR-4841,Field PWA,QR Scanner,SECURITY,requirements/field-pwa/FR-4841-qr-scanner-security.md,375
4842,FR-4842,Field PWA,QR Scanner,TEST,requirements/field-pwa/FR-4842-qr-scanner-test.md,363
4843,FR-4843,Field PWA,QR Scanner,EVENT,requirements/field-pwa/FR-4843-qr-scanner-event.md,364
4844,FR-4844,Field PWA,QR Scanner,OPERATIONS,requirements/field-pwa/FR-4844-qr-scanner-operations.md,356
4845,FR-4845,Field PWA,GPS Capture,UI,requirements/field-pwa/FR-4845-gps-capture-ui.md,386
4846,FR-4846,Field PWA,GPS Capture,BACKEND,requirements/field-pwa/FR-4846-gps-capture-backend.md,371
4847,FR-4847,Field PWA,GPS Capture,API,requirements/field-pwa/FR-4847-gps-capture-api.md,370
4848,FR-4848,Field PWA,GPS Capture,SECURITY,requirements/field-pwa/FR-4848-gps-capture-security.md,375
4849,FR-4849,Field PWA,GPS Capture,TEST,requirements/field-pwa/FR-4849-gps-capture-test.md,363
4850,FR-4850,Field PWA,GPS Capture,EVENT,requirements/field-pwa/FR-4850-gps-capture-event.md,364
4851,FR-4851,Field PWA,GPS Capture,OPERATIONS,requirements/field-pwa/FR-4851-gps-capture-operations.md,356
4852,FR-4852,Field PWA,Closure Lookup,UI,requirements/field-pwa/FR-4852-closure-lookup-ui.md,386
4853,FR-4853,Field PWA,Closure Lookup,BACKEND,requirements/field-pwa/FR-4853-closure-lookup-backend.md,371
4854,FR-4854,Field PWA,Closure Lookup,API,requirements/field-pwa/FR-4854-closure-lookup-api.md,370
4855,FR-4855,Field PWA,Closure Lookup,SECURITY,requirements/field-pwa/FR-4855-closure-lookup-security.md,375
4856,FR-4856,Field PWA,Closure Lookup,TEST,requirements/field-pwa/FR-4856-closure-lookup-test.md,363
4857,FR-4857,Field PWA,Closure Lookup,EVENT,requirements/field-pwa/FR-4857-closure-lookup-event.md,364
4858,FR-4858,Field PWA,Closure Lookup,OPERATIONS,requirements/field-pwa/FR-4858-closure-lookup-operations.md,356
4859,FR-4859,Field PWA,Splice Schedule,UI,requirements/field-pwa/FR-4859-splice-schedule-ui.md,386
4860,FR-4860,Field PWA,Splice Schedule,BACKEND,requirements/field-pwa/FR-4860-splice-schedule-backend.md,371
4861,FR-4861,Field PWA,Splice Schedule,API,requirements/field-pwa/FR-4861-splice-schedule-api.md,370
4862,FR-4862,Field PWA,Splice Schedule,SECURITY,requirements/field-pwa/FR-4862-splice-schedule-security.md,375
4863,FR-4863,Field PWA,Splice Schedule,TEST,requirements/field-pwa/FR-4863-splice-schedule-test.md,363
4864,FR-4864,Field PWA,Splice Schedule,EVENT,requirements/field-pwa/FR-4864-splice-schedule-event.md,364
4865,FR-4865,Field PWA,Splice Schedule,OPERATIONS,requirements/field-pwa/FR-4865-splice-schedule-operations.md,356
4866,FR-4866,Field PWA,Photo Capture,UI,requirements/field-pwa/FR-4866-photo-capture-ui.md,386
4867,FR-4867,Field PWA,Photo Capture,BACKEND,requirements/field-pwa/FR-4867-photo-capture-backend.md,371
4868,FR-4868,Field PWA,Photo Capture,API,requirements/field-pwa/FR-4868-photo-capture-api.md,370
4869,FR-4869,Field PWA,Photo Capture,SECURITY,requirements/field-pwa/FR-4869-photo-capture-security.md,375
4870,FR-4870,Field PWA,Photo Capture,TEST,requirements/field-pwa/FR-4870-photo-capture-test.md,363
4871,FR-4871,Field PWA,Photo Capture,EVENT,requirements/field-pwa/FR-4871-photo-capture-event.md,364
4872,FR-4872,Field PWA,Photo Capture,OPERATIONS,requirements/field-pwa/FR-4872-photo-capture-operations.md,356
4873,FR-4873,Field PWA,Measurement Entry,UI,requirements/field-pwa/FR-4873-measurement-entry-ui.md,386
4874,FR-4874,Field PWA,Measurement Entry,BACKEND,requirements/field-pwa/FR-4874-measurement-entry-backend.md,371
4875,FR-4875,Field PWA,Measurement Entry,API,requirements/field-pwa/FR-4875-measurement-entry-api.md,370
4876,FR-4876,Field PWA,Measurement Entry,SECURITY,requirements/field-pwa/FR-4876-measurement-entry-security.md,375
4877,FR-4877,Field PWA,Measurement Entry,TEST,requirements/field-pwa/FR-4877-measurement-entry-test.md,363
4878,FR-4878,Field PWA,Measurement Entry,EVENT,requirements/field-pwa/FR-4878-measurement-entry-event.md,364
4879,FR-4879,Field PWA,Measurement Entry,OPERATIONS,requirements/field-pwa/FR-4879-measurement-entry-operations.md,356
4880,FR-4880,Field PWA,OTDR Entry,UI,requirements/field-pwa/FR-4880-otdr-entry-ui.md,386
4881,FR-4881,Field PWA,OTDR Entry,BACKEND,requirements/field-pwa/FR-4881-otdr-entry-backend.md,371
4882,FR-4882,Field PWA,OTDR Entry,API,requirements/field-pwa/FR-4882-otdr-entry-api.md,370
4883,FR-4883,Field PWA,OTDR Entry,SECURITY,requirements/field-pwa/FR-4883-otdr-entry-security.md,375
4884,FR-4884,Field PWA,OTDR Entry,TEST,requirements/field-pwa/FR-4884-otdr-entry-test.md,363
4885,FR-4885,Field PWA,OTDR Entry,EVENT,requirements/field-pwa/FR-4885-otdr-entry-event.md,364
4886,FR-4886,Field PWA,OTDR Entry,OPERATIONS,requirements/field-pwa/FR-4886-otdr-entry-operations.md,356
4887,FR-4887,Field PWA,Proposed Changes,UI,requirements/field-pwa/FR-4887-proposed-changes-ui.md,386
4888,FR-4888,Field PWA,Proposed Changes,BACKEND,requirements/field-pwa/FR-4888-proposed-changes-backend.md,371
4889,FR-4889,Field PWA,Proposed Changes,API,requirements/field-pwa/FR-4889-proposed-changes-api.md,370
4890,FR-4890,Field PWA,Proposed Changes,SECURITY,requirements/field-pwa/FR-4890-proposed-changes-security.md,375
4891,FR-4891,Field PWA,Proposed Changes,TEST,requirements/field-pwa/FR-4891-proposed-changes-test.md,363
4892,FR-4892,Field PWA,Proposed Changes,EVENT,requirements/field-pwa/FR-4892-proposed-changes-event.md,364
4893,FR-4893,Field PWA,Proposed Changes,OPERATIONS,requirements/field-pwa/FR-4893-proposed-changes-operations.md,356
4894,FR-4894,Field PWA,Offline Queue,UI,requirements/field-pwa/FR-4894-offline-queue-ui.md,386
4895,FR-4895,Field PWA,Offline Queue,BACKEND,requirements/field-pwa/FR-4895-offline-queue-backend.md,371
4896,FR-4896,Field PWA,Offline Queue,API,requirements/field-pwa/FR-4896-offline-queue-api.md,370
4897,FR-4897,Field PWA,Offline Queue,SECURITY,requirements/field-pwa/FR-4897-offline-queue-security.md,375
4898,FR-4898,Field PWA,Offline Queue,TEST,requirements/field-pwa/FR-4898-offline-queue-test.md,363
4899,FR-4899,Field PWA,Offline Queue,EVENT,requirements/field-pwa/FR-4899-offline-queue-event.md,364
4900,FR-4900,Field PWA,Offline Queue,OPERATIONS,requirements/field-pwa/FR-4900-offline-queue-operations.md,356
4901,FR-4901,Field PWA,Sync Conflicts,UI,requirements/field-pwa/FR-4901-sync-conflicts-ui.md,386
4902,FR-4902,Field PWA,Sync Conflicts,BACKEND,requirements/field-pwa/FR-4902-sync-conflicts-backend.md,371
4903,FR-4903,Field PWA,Sync Conflicts,API,requirements/field-pwa/FR-4903-sync-conflicts-api.md,370
4904,FR-4904,Field PWA,Sync Conflicts,SECURITY,requirements/field-pwa/FR-4904-sync-conflicts-security.md,375
4905,FR-4905,Field PWA,Sync Conflicts,TEST,requirements/field-pwa/FR-4905-sync-conflicts-test.md,363
4906,FR-4906,Field PWA,Sync Conflicts,EVENT,requirements/field-pwa/FR-4906-sync-conflicts-event.md,364
4907,FR-4907,Field PWA,Sync Conflicts,OPERATIONS,requirements/field-pwa/FR-4907-sync-conflicts-operations.md,356
4908,FR-4908,Field PWA,Material Usage,UI,requirements/field-pwa/FR-4908-material-usage-ui.md,386
4909,FR-4909,Field PWA,Material Usage,BACKEND,requirements/field-pwa/FR-4909-material-usage-backend.md,371
4910,FR-4910,Field PWA,Material Usage,API,requirements/field-pwa/FR-4910-material-usage-api.md,370
4911,FR-4911,Field PWA,Material Usage,SECURITY,requirements/field-pwa/FR-4911-material-usage-security.md,375
4912,FR-4912,Field PWA,Material Usage,TEST,requirements/field-pwa/FR-4912-material-usage-test.md,363
4913,FR-4913,Field PWA,Material Usage,EVENT,requirements/field-pwa/FR-4913-material-usage-event.md,364
4914,FR-4914,Field PWA,Material Usage,OPERATIONS,requirements/field-pwa/FR-4914-material-usage-operations.md,356
4915,FR-4915,Field PWA,Checklist,UI,requirements/field-pwa/FR-4915-checklist-ui.md,382
4916,FR-4916,Field PWA,Checklist,BACKEND,requirements/field-pwa/FR-4916-checklist-backend.md,368
4917,FR-4917,Field PWA,Checklist,API,requirements/field-pwa/FR-4917-checklist-api.md,367
4918,FR-4918,Field PWA,Checklist,SECURITY,requirements/field-pwa/FR-4918-checklist-security.md,372
4919,FR-4919,Field PWA,Checklist,TEST,requirements/field-pwa/FR-4919-checklist-test.md,360
4920,FR-4920,Field PWA,Checklist,EVENT,requirements/field-pwa/FR-4920-checklist-event.md,361
4921,FR-4921,Field PWA,Checklist,OPERATIONS,requirements/field-pwa/FR-4921-checklist-operations.md,353
4922,FR-4922,Field PWA,Technician Notes,UI,requirements/field-pwa/FR-4922-technician-notes-ui.md,386
4923,FR-4923,Field PWA,Technician Notes,BACKEND,requirements/field-pwa/FR-4923-technician-notes-backend.md,371
4924,FR-4924,Field PWA,Technician Notes,API,requirements/field-pwa/FR-4924-technician-notes-api.md,370
4925,FR-4925,Field PWA,Technician Notes,SECURITY,requirements/field-pwa/FR-4925-technician-notes-security.md,375
4926,FR-4926,Field PWA,Technician Notes,TEST,requirements/field-pwa/FR-4926-technician-notes-test.md,363
4927,FR-4927,Field PWA,Technician Notes,EVENT,requirements/field-pwa/FR-4927-technician-notes-event.md,364
4928,FR-4928,Field PWA,Technician Notes,OPERATIONS,requirements/field-pwa/FR-4928-technician-notes-operations.md,356
4929,FR-4929,Field PWA,Completion Submission,UI,requirements/field-pwa/FR-4929-completion-submission-ui.md,386
4930,FR-4930,Field PWA,Completion Submission,BACKEND,requirements/field-pwa/FR-4930-completion-submission-backend.md,371
4931,FR-4931,Field PWA,Completion Submission,API,requirements/field-pwa/FR-4931-completion-submission-api.md,370
4932,FR-4932,Field PWA,Completion Submission,SECURITY,requirements/field-pwa/FR-4932-completion-submission-security.md,375
4933,FR-4933,Field PWA,Completion Submission,TEST,requirements/field-pwa/FR-4933-completion-submission-test.md,363
4934,FR-4934,Field PWA,Completion Submission,EVENT,requirements/field-pwa/FR-4934-completion-submission-event.md,364
4935,FR-4935,Field PWA,Completion Submission,OPERATIONS,requirements/field-pwa/FR-4935-completion-submission-operations.md,356
4936,FR-4936,Field PWA,Last Sync,UI,requirements/field-pwa/FR-4936-last-sync-ui.md,386
4937,FR-4937,Field PWA,Last Sync,BACKEND,requirements/field-pwa/FR-4937-last-sync-backend.md,371
4938,FR-4938,Field PWA,Last Sync,API,requirements/field-pwa/FR-4938-last-sync-api.md,370
4939,FR-4939,Field PWA,Last Sync,SECURITY,requirements/field-pwa/FR-4939-last-sync-security.md,375
4940,FR-4940,Field PWA,Last Sync,TEST,requirements/field-pwa/FR-4940-last-sync-test.md,363
4941,FR-4941,Field PWA,Last Sync,EVENT,requirements/field-pwa/FR-4941-last-sync-event.md,364
4942,FR-4942,Field PWA,Last Sync,OPERATIONS,requirements/field-pwa/FR-4942-last-sync-operations.md,356
4943,FR-4943,Field PWA,Cache Expiry,UI,requirements/field-pwa/FR-4943-cache-expiry-ui.md,386
4944,FR-4944,Field PWA,Cache Expiry,BACKEND,requirements/field-pwa/FR-4944-cache-expiry-backend.md,371
4945,FR-4945,Field PWA,Cache Expiry,API,requirements/field-pwa/FR-4945-cache-expiry-api.md,370
4946,FR-4946,Field PWA,Cache Expiry,SECURITY,requirements/field-pwa/FR-4946-cache-expiry-security.md,375
4947,FR-4947,Field PWA,Cache Expiry,TEST,requirements/field-pwa/FR-4947-cache-expiry-test.md,363
4948,FR-4948,Field PWA,Cache Expiry,EVENT,requirements/field-pwa/FR-4948-cache-expiry-event.md,364
4949,FR-4949,Field PWA,Cache Expiry,OPERATIONS,requirements/field-pwa/FR-4949-cache-expiry-operations.md,356
4950,FR-4950,Administration & Security,Tenant Settings,UI,requirements/administration-security/FR-4950-tenant-settings-ui.md,391
4951,FR-4951,Administration & Security,Tenant Settings,BACKEND,requirements/administration-security/FR-4951-tenant-settings-backend.md,371
4952,FR-4952,Administration & Security,Tenant Settings,API,requirements/administration-security/FR-4952-tenant-settings-api.md,372
4953,FR-4953,Administration & Security,Tenant Settings,SECURITY,requirements/administration-security/FR-4953-tenant-settings-security.md,377
4954,FR-4954,Administration & Security,Tenant Settings,TEST,requirements/administration-security/FR-4954-tenant-settings-test.md,365
4955,FR-4955,Administration & Security,Tenant Settings,EVENT,requirements/administration-security/FR-4955-tenant-settings-event.md,366
4956,FR-4956,Administration & Security,Tenant Settings,OPERATIONS,requirements/administration-security/FR-4956-tenant-settings-operations.md,358
4957,FR-4957,Administration & Security,Branding,UI,requirements/administration-security/FR-4957-branding-ui.md,387
4958,FR-4958,Administration & Security,Branding,BACKEND,requirements/administration-security/FR-4958-branding-backend.md,368
4959,FR-4959,Administration & Security,Branding,API,requirements/administration-security/FR-4959-branding-api.md,369
4960,FR-4960,Administration & Security,Branding,SECURITY,requirements/administration-security/FR-4960-branding-security.md,374
4961,FR-4961,Administration & Security,Branding,TEST,requirements/administration-security/FR-4961-branding-test.md,362
4962,FR-4962,Administration & Security,Branding,EVENT,requirements/administration-security/FR-4962-branding-event.md,363
4963,FR-4963,Administration & Security,Branding,OPERATIONS,requirements/administration-security/FR-4963-branding-operations.md,355
4964,FR-4964,Administration & Security,Domains,UI,requirements/administration-security/FR-4964-domains-ui.md,387
4965,FR-4965,Administration & Security,Domains,BACKEND,requirements/administration-security/FR-4965-domains-backend.md,368
4966,FR-4966,Administration & Security,Domains,API,requirements/administration-security/FR-4966-domains-api.md,369
4967,FR-4967,Administration & Security,Domains,SECURITY,requirements/administration-security/FR-4967-domains-security.md,374
4968,FR-4968,Administration & Security,Domains,TEST,requirements/administration-security/FR-4968-domains-test.md,362
4969,FR-4969,Administration & Security,Domains,EVENT,requirements/administration-security/FR-4969-domains-event.md,363
4970,FR-4970,Administration & Security,Domains,OPERATIONS,requirements/administration-security/FR-4970-domains-operations.md,355
4971,FR-4971,Administration & Security,Timezone,UI,requirements/administration-security/FR-4971-timezone-ui.md,387
4972,FR-4972,Administration & Security,Timezone,BACKEND,requirements/administration-security/FR-4972-timezone-backend.md,368
4973,FR-4973,Administration & Security,Timezone,API,requirements/administration-security/FR-4973-timezone-api.md,369
4974,FR-4974,Administration & Security,Timezone,SECURITY,requirements/administration-security/FR-4974-timezone-security.md,374
4975,FR-4975,Administration & Security,Timezone,TEST,requirements/administration-security/FR-4975-timezone-test.md,362
4976,FR-4976,Administration & Security,Timezone,EVENT,requirements/administration-security/FR-4976-timezone-event.md,363
4977,FR-4977,Administration & Security,Timezone,OPERATIONS,requirements/administration-security/FR-4977-timezone-operations.md,355
4978,FR-4978,Administration & Security,Currency,UI,requirements/administration-security/FR-4978-currency-ui.md,387
4979,FR-4979,Administration & Security,Currency,BACKEND,requirements/administration-security/FR-4979-currency-backend.md,368
4980,FR-4980,Administration & Security,Currency,API,requirements/administration-security/FR-4980-currency-api.md,369
4981,FR-4981,Administration & Security,Currency,SECURITY,requirements/administration-security/FR-4981-currency-security.md,374
4982,FR-4982,Administration & Security,Currency,TEST,requirements/administration-security/FR-4982-currency-test.md,362
4983,FR-4983,Administration & Security,Currency,EVENT,requirements/administration-security/FR-4983-currency-event.md,363
4984,FR-4984,Administration & Security,Currency,OPERATIONS,requirements/administration-security/FR-4984-currency-operations.md,355
4985,FR-4985,Administration & Security,Localization,UI,requirements/administration-security/FR-4985-localization-ui.md,387
4986,FR-4986,Administration & Security,Localization,BACKEND,requirements/administration-security/FR-4986-localization-backend.md,368
4987,FR-4987,Administration & Security,Localization,API,requirements/administration-security/FR-4987-localization-api.md,369
4988,FR-4988,Administration & Security,Localization,SECURITY,requirements/administration-security/FR-4988-localization-security.md,374
4989,FR-4989,Administration & Security,Localization,TEST,requirements/administration-security/FR-4989-localization-test.md,362
4990,FR-4990,Administration & Security,Localization,EVENT,requirements/administration-security/FR-4990-localization-event.md,363
4991,FR-4991,Administration & Security,Localization,OPERATIONS,requirements/administration-security/FR-4991-localization-operations.md,355
4992,FR-4992,Administration & Security,Staff,UI,requirements/administration-security/FR-4992-staff-ui.md,387
4993,FR-4993,Administration & Security,Staff,BACKEND,requirements/administration-security/FR-4993-staff-backend.md,368
4994,FR-4994,Administration & Security,Staff,API,requirements/administration-security/FR-4994-staff-api.md,369
4995,FR-4995,Administration & Security,Staff,SECURITY,requirements/administration-security/FR-4995-staff-security.md,374
4996,FR-4996,Administration & Security,Staff,TEST,requirements/administration-security/FR-4996-staff-test.md,362
4997,FR-4997,Administration & Security,Staff,EVENT,requirements/administration-security/FR-4997-staff-event.md,363
4998,FR-4998,Administration & Security,Staff,OPERATIONS,requirements/administration-security/FR-4998-staff-operations.md,355
4999,FR-4999,Administration & Security,Teams,UI,requirements/administration-security/FR-4999-teams-ui.md,387
5000,FR-5000,Administration & Security,Teams,BACKEND,requirements/administration-security/FR-5000-teams-backend.md,368
5001,FR-5001,Administration & Security,Teams,API,requirements/administration-security/FR-5001-teams-api.md,369
5002,FR-5002,Administration & Security,Teams,SECURITY,requirements/administration-security/FR-5002-teams-security.md,374
5003,FR-5003,Administration & Security,Teams,TEST,requirements/administration-security/FR-5003-teams-test.md,362
5004,FR-5004,Administration & Security,Teams,EVENT,requirements/administration-security/FR-5004-teams-event.md,363
5005,FR-5005,Administration & Security,Teams,OPERATIONS,requirements/administration-security/FR-5005-teams-operations.md,355
5006,FR-5006,Administration & Security,Regions,UI,requirements/administration-security/FR-5006-regions-ui.md,387
5007,FR-5007,Administration & Security,Regions,BACKEND,requirements/administration-security/FR-5007-regions-backend.md,368
5008,FR-5008,Administration & Security,Regions,API,requirements/administration-security/FR-5008-regions-api.md,369
5009,FR-5009,Administration & Security,Regions,SECURITY,requirements/administration-security/FR-5009-regions-security.md,374
5010,FR-5010,Administration & Security,Regions,TEST,requirements/administration-security/FR-5010-regions-test.md,362
5011,FR-5011,Administration & Security,Regions,EVENT,requirements/administration-security/FR-5011-regions-event.md,363
5012,FR-5012,Administration & Security,Regions,OPERATIONS,requirements/administration-security/FR-5012-regions-operations.md,355
5013,FR-5013,Administration & Security,Roles,UI,requirements/administration-security/FR-5013-roles-ui.md,387
5014,FR-5014,Administration & Security,Roles,BACKEND,requirements/administration-security/FR-5014-roles-backend.md,368
5015,FR-5015,Administration & Security,Roles,API,requirements/administration-security/FR-5015-roles-api.md,369
5016,FR-5016,Administration & Security,Roles,SECURITY,requirements/administration-security/FR-5016-roles-security.md,374
5017,FR-5017,Administration & Security,Roles,TEST,requirements/administration-security/FR-5017-roles-test.md,362
5018,FR-5018,Administration & Security,Roles,EVENT,requirements/administration-security/FR-5018-roles-event.md,363
5019,FR-5019,Administration & Security,Roles,OPERATIONS,requirements/administration-security/FR-5019-roles-operations.md,355
5020,FR-5020,Administration & Security,Permissions,UI,requirements/administration-security/FR-5020-permissions-ui.md,387
5021,FR-5021,Administration & Security,Permissions,BACKEND,requirements/administration-security/FR-5021-permissions-backend.md,368
5022,FR-5022,Administration & Security,Permissions,API,requirements/administration-security/FR-5022-permissions-api.md,369
5023,FR-5023,Administration & Security,Permissions,SECURITY,requirements/administration-security/FR-5023-permissions-security.md,374
5024,FR-5024,Administration & Security,Permissions,TEST,requirements/administration-security/FR-5024-permissions-test.md,362
5025,FR-5025,Administration & Security,Permissions,EVENT,requirements/administration-security/FR-5025-permissions-event.md,363
5026,FR-5026,Administration & Security,Permissions,OPERATIONS,requirements/administration-security/FR-5026-permissions-operations.md,355
5027,FR-5027,Administration & Security,MFA,UI,requirements/administration-security/FR-5027-mfa-ui.md,387
5028,FR-5028,Administration & Security,MFA,BACKEND,requirements/administration-security/FR-5028-mfa-backend.md,368
5029,FR-5029,Administration & Security,MFA,API,requirements/administration-security/FR-5029-mfa-api.md,369
5030,FR-5030,Administration & Security,MFA,SECURITY,requirements/administration-security/FR-5030-mfa-security.md,374
5031,FR-5031,Administration & Security,MFA,TEST,requirements/administration-security/FR-5031-mfa-test.md,362
5032,FR-5032,Administration & Security,MFA,EVENT,requirements/administration-security/FR-5032-mfa-event.md,363
5033,FR-5033,Administration & Security,MFA,OPERATIONS,requirements/administration-security/FR-5033-mfa-operations.md,355
5034,FR-5034,Administration & Security,Session Policy,UI,requirements/administration-security/FR-5034-session-policy-ui.md,391
5035,FR-5035,Administration & Security,Session Policy,BACKEND,requirements/administration-security/FR-5035-session-policy-backend.md,371
5036,FR-5036,Administration & Security,Session Policy,API,requirements/administration-security/FR-5036-session-policy-api.md,372
5037,FR-5037,Administration & Security,Session Policy,SECURITY,requirements/administration-security/FR-5037-session-policy-security.md,377
5038,FR-5038,Administration & Security,Session Policy,TEST,requirements/administration-security/FR-5038-session-policy-test.md,365
5039,FR-5039,Administration & Security,Session Policy,EVENT,requirements/administration-security/FR-5039-session-policy-event.md,366
5040,FR-5040,Administration & Security,Session Policy,OPERATIONS,requirements/administration-security/FR-5040-session-policy-operations.md,358
5041,FR-5041,Administration & Security,Password Policy,UI,requirements/administration-security/FR-5041-password-policy-ui.md,391
5042,FR-5042,Administration & Security,Password Policy,BACKEND,requirements/administration-security/FR-5042-password-policy-backend.md,371
5043,FR-5043,Administration & Security,Password Policy,API,requirements/administration-security/FR-5043-password-policy-api.md,372
5044,FR-5044,Administration & Security,Password Policy,SECURITY,requirements/administration-security/FR-5044-password-policy-security.md,377
5045,FR-5045,Administration & Security,Password Policy,TEST,requirements/administration-security/FR-5045-password-policy-test.md,365
5046,FR-5046,Administration & Security,Password Policy,EVENT,requirements/administration-security/FR-5046-password-policy-event.md,366
5047,FR-5047,Administration & Security,Password Policy,OPERATIONS,requirements/administration-security/FR-5047-password-policy-operations.md,358
5048,FR-5048,Administration & Security,IP Allowlist,UI,requirements/administration-security/FR-5048-ip-allowlist-ui.md,391
5049,FR-5049,Administration & Security,IP Allowlist,BACKEND,requirements/administration-security/FR-5049-ip-allowlist-backend.md,371
5050,FR-5050,Administration & Security,IP Allowlist,API,requirements/administration-security/FR-5050-ip-allowlist-api.md,372
5051,FR-5051,Administration & Security,IP Allowlist,SECURITY,requirements/administration-security/FR-5051-ip-allowlist-security.md,377
5052,FR-5052,Administration & Security,IP Allowlist,TEST,requirements/administration-security/FR-5052-ip-allowlist-test.md,365
5053,FR-5053,Administration & Security,IP Allowlist,EVENT,requirements/administration-security/FR-5053-ip-allowlist-event.md,366
5054,FR-5054,Administration & Security,IP Allowlist,OPERATIONS,requirements/administration-security/FR-5054-ip-allowlist-operations.md,358
5055,FR-5055,Administration & Security,API Keys,UI,requirements/administration-security/FR-5055-api-keys-ui.md,391
5056,FR-5056,Administration & Security,API Keys,BACKEND,requirements/administration-security/FR-5056-api-keys-backend.md,371
5057,FR-5057,Administration & Security,API Keys,API,requirements/administration-security/FR-5057-api-keys-api.md,372
5058,FR-5058,Administration & Security,API Keys,SECURITY,requirements/administration-security/FR-5058-api-keys-security.md,377
5059,FR-5059,Administration & Security,API Keys,TEST,requirements/administration-security/FR-5059-api-keys-test.md,365
5060,FR-5060,Administration & Security,API Keys,EVENT,requirements/administration-security/FR-5060-api-keys-event.md,366
5061,FR-5061,Administration & Security,API Keys,OPERATIONS,requirements/administration-security/FR-5061-api-keys-operations.md,358
5062,FR-5062,Administration & Security,Webhooks,UI,requirements/administration-security/FR-5062-webhooks-ui.md,387
5063,FR-5063,Administration & Security,Webhooks,BACKEND,requirements/administration-security/FR-5063-webhooks-backend.md,368
5064,FR-5064,Administration & Security,Webhooks,API,requirements/administration-security/FR-5064-webhooks-api.md,369
5065,FR-5065,Administration & Security,Webhooks,SECURITY,requirements/administration-security/FR-5065-webhooks-security.md,374
5066,FR-5066,Administration & Security,Webhooks,TEST,requirements/administration-security/FR-5066-webhooks-test.md,362
5067,FR-5067,Administration & Security,Webhooks,EVENT,requirements/administration-security/FR-5067-webhooks-event.md,363
5068,FR-5068,Administration & Security,Webhooks,OPERATIONS,requirements/administration-security/FR-5068-webhooks-operations.md,355
5069,FR-5069,Administration & Security,Secret Management,UI,requirements/administration-security/FR-5069-secret-management-ui.md,391
5070,FR-5070,Administration & Security,Secret Management,BACKEND,requirements/administration-security/FR-5070-secret-management-backend.md,371
5071,FR-5071,Administration & Security,Secret Management,API,requirements/administration-security/FR-5071-secret-management-api.md,372
5072,FR-5072,Administration & Security,Secret Management,SECURITY,requirements/administration-security/FR-5072-secret-management-security.md,377
5073,FR-5073,Administration & Security,Secret Management,TEST,requirements/administration-security/FR-5073-secret-management-test.md,365
5074,FR-5074,Administration & Security,Secret Management,EVENT,requirements/administration-security/FR-5074-secret-management-event.md,366
5075,FR-5075,Administration & Security,Secret Management,OPERATIONS,requirements/administration-security/FR-5075-secret-management-operations.md,358
5076,FR-5076,Administration & Security,Attachment Security,UI,requirements/administration-security/FR-5076-attachment-security-ui.md,391
5077,FR-5077,Administration & Security,Attachment Security,BACKEND,requirements/administration-security/FR-5077-attachment-security-backend.md,371
5078,FR-5078,Administration & Security,Attachment Security,API,requirements/administration-security/FR-5078-attachment-security-api.md,372
5079,FR-5079,Administration & Security,Attachment Security,SECURITY,requirements/administration-security/FR-5079-attachment-security-security.md,377
5080,FR-5080,Administration & Security,Attachment Security,TEST,requirements/administration-security/FR-5080-attachment-security-test.md,365
5081,FR-5081,Administration & Security,Attachment Security,EVENT,requirements/administration-security/FR-5081-attachment-security-event.md,366
5082,FR-5082,Administration & Security,Attachment Security,OPERATIONS,requirements/administration-security/FR-5082-attachment-security-operations.md,358
5083,FR-5083,Administration & Security,Audit,UI,requirements/administration-security/FR-5083-audit-ui.md,387
5084,FR-5084,Administration & Security,Audit,BACKEND,requirements/administration-security/FR-5084-audit-backend.md,368
5085,FR-5085,Administration & Security,Audit,API,requirements/administration-security/FR-5085-audit-api.md,369
5086,FR-5086,Administration & Security,Audit,SECURITY,requirements/administration-security/FR-5086-audit-security.md,374
5087,FR-5087,Administration & Security,Audit,TEST,requirements/administration-security/FR-5087-audit-test.md,362
5088,FR-5088,Administration & Security,Audit,EVENT,requirements/administration-security/FR-5088-audit-event.md,363
5089,FR-5089,Administration & Security,Audit,OPERATIONS,requirements/administration-security/FR-5089-audit-operations.md,355
5090,FR-5090,Administration & Security,Export Audit,UI,requirements/administration-security/FR-5090-export-audit-ui.md,391
5091,FR-5091,Administration & Security,Export Audit,BACKEND,requirements/administration-security/FR-5091-export-audit-backend.md,371
5092,FR-5092,Administration & Security,Export Audit,API,requirements/administration-security/FR-5092-export-audit-api.md,372
5093,FR-5093,Administration & Security,Export Audit,SECURITY,requirements/administration-security/FR-5093-export-audit-security.md,377
5094,FR-5094,Administration & Security,Export Audit,TEST,requirements/administration-security/FR-5094-export-audit-test.md,365
5095,FR-5095,Administration & Security,Export Audit,EVENT,requirements/administration-security/FR-5095-export-audit-event.md,366
5096,FR-5096,Administration & Security,Export Audit,OPERATIONS,requirements/administration-security/FR-5096-export-audit-operations.md,358
5097,FR-5097,Administration & Security,Login Audit,UI,requirements/administration-security/FR-5097-login-audit-ui.md,391
5098,FR-5098,Administration & Security,Login Audit,BACKEND,requirements/administration-security/FR-5098-login-audit-backend.md,371
5099,FR-5099,Administration & Security,Login Audit,API,requirements/administration-security/FR-5099-login-audit-api.md,372
5100,FR-5100,Administration & Security,Login Audit,SECURITY,requirements/administration-security/FR-5100-login-audit-security.md,377
5101,FR-5101,Administration & Security,Login Audit,TEST,requirements/administration-security/FR-5101-login-audit-test.md,365
5102,FR-5102,Administration & Security,Login Audit,EVENT,requirements/administration-security/FR-5102-login-audit-event.md,366
5103,FR-5103,Administration & Security,Login Audit,OPERATIONS,requirements/administration-security/FR-5103-login-audit-operations.md,358
5104,FR-5104,Administration & Security,Device Action Audit,UI,requirements/administration-security/FR-5104-device-action-audit-ui.md,395
5105,FR-5105,Administration & Security,Device Action Audit,BACKEND,requirements/administration-security/FR-5105-device-action-audit-backend.md,374
5106,FR-5106,Administration & Security,Device Action Audit,API,requirements/administration-security/FR-5106-device-action-audit-api.md,375
5107,FR-5107,Administration & Security,Device Action Audit,SECURITY,requirements/administration-security/FR-5107-device-action-audit-security.md,380
5108,FR-5108,Administration & Security,Device Action Audit,TEST,requirements/administration-security/FR-5108-device-action-audit-test.md,368
5109,FR-5109,Administration & Security,Device Action Audit,EVENT,requirements/administration-security/FR-5109-device-action-audit-event.md,369
5110,FR-5110,Administration & Security,Device Action Audit,OPERATIONS,requirements/administration-security/FR-5110-device-action-audit-operations.md,361
5111,FR-5111,Administration & Security,Retention,UI,requirements/administration-security/FR-5111-retention-ui.md,387
5112,FR-5112,Administration & Security,Retention,BACKEND,requirements/administration-security/FR-5112-retention-backend.md,368
5113,FR-5113,Administration & Security,Retention,API,requirements/administration-security/FR-5113-retention-api.md,369
5114,FR-5114,Administration & Security,Retention,SECURITY,requirements/administration-security/FR-5114-retention-security.md,374
5115,FR-5115,Administration & Security,Retention,TEST,requirements/administration-security/FR-5115-retention-test.md,362
5116,FR-5116,Administration & Security,Retention,EVENT,requirements/administration-security/FR-5116-retention-event.md,363
5117,FR-5117,Administration & Security,Retention,OPERATIONS,requirements/administration-security/FR-5117-retention-operations.md,355
5118,FR-5118,Administration & Security,Backups,UI,requirements/administration-security/FR-5118-backups-ui.md,387
5119,FR-5119,Administration & Security,Backups,BACKEND,requirements/administration-security/FR-5119-backups-backend.md,368
5120,FR-5120,Administration & Security,Backups,API,requirements/administration-security/FR-5120-backups-api.md,369
5121,FR-5121,Administration & Security,Backups,SECURITY,requirements/administration-security/FR-5121-backups-security.md,374
5122,FR-5122,Administration & Security,Backups,TEST,requirements/administration-security/FR-5122-backups-test.md,362
5123,FR-5123,Administration & Security,Backups,EVENT,requirements/administration-security/FR-5123-backups-event.md,363
5124,FR-5124,Administration & Security,Backups,OPERATIONS,requirements/administration-security/FR-5124-backups-operations.md,355
5125,FR-5125,Administration & Security,Restore Tests,UI,requirements/administration-security/FR-5125-restore-tests-ui.md,391
5126,FR-5126,Administration & Security,Restore Tests,BACKEND,requirements/administration-security/FR-5126-restore-tests-backend.md,371
5127,FR-5127,Administration & Security,Restore Tests,API,requirements/administration-security/FR-5127-restore-tests-api.md,372
5128,FR-5128,Administration & Security,Restore Tests,SECURITY,requirements/administration-security/FR-5128-restore-tests-security.md,377
5129,FR-5129,Administration & Security,Restore Tests,TEST,requirements/administration-security/FR-5129-restore-tests-test.md,365
5130,FR-5130,Administration & Security,Restore Tests,EVENT,requirements/administration-security/FR-5130-restore-tests-event.md,366
5131,FR-5131,Administration & Security,Restore Tests,OPERATIONS,requirements/administration-security/FR-5131-restore-tests-operations.md,358
5132,FR-5132,Administration & Security,Data Privacy,UI,requirements/administration-security/FR-5132-data-privacy-ui.md,391
5133,FR-5133,Administration & Security,Data Privacy,BACKEND,requirements/administration-security/FR-5133-data-privacy-backend.md,371
5134,FR-5134,Administration & Security,Data Privacy,API,requirements/administration-security/FR-5134-data-privacy-api.md,372
5135,FR-5135,Administration & Security,Data Privacy,SECURITY,requirements/administration-security/FR-5135-data-privacy-security.md,377
5136,FR-5136,Administration & Security,Data Privacy,TEST,requirements/administration-security/FR-5136-data-privacy-test.md,365
5137,FR-5137,Administration & Security,Data Privacy,EVENT,requirements/administration-security/FR-5137-data-privacy-event.md,366
5138,FR-5138,Administration & Security,Data Privacy,OPERATIONS,requirements/administration-security/FR-5138-data-privacy-operations.md,358
5139,FR-5139,Administration & Security,Rate Limits,UI,requirements/administration-security/FR-5139-rate-limits-ui.md,391
5140,FR-5140,Administration & Security,Rate Limits,BACKEND,requirements/administration-security/FR-5140-rate-limits-backend.md,371
5141,FR-5141,Administration & Security,Rate Limits,API,requirements/administration-security/FR-5141-rate-limits-api.md,372
5142,FR-5142,Administration & Security,Rate Limits,SECURITY,requirements/administration-security/FR-5142-rate-limits-security.md,377
5143,FR-5143,Administration & Security,Rate Limits,TEST,requirements/administration-security/FR-5143-rate-limits-test.md,365
5144,FR-5144,Administration & Security,Rate Limits,EVENT,requirements/administration-security/FR-5144-rate-limits-event.md,366
5145,FR-5145,Administration & Security,Rate Limits,OPERATIONS,requirements/administration-security/FR-5145-rate-limits-operations.md,358
5146,FR-5146,APIs & Integrations,API Authentication,UI,requirements/apis-integrations/FR-5146-api-authentication-ui.md,395
5147,FR-5147,APIs & Integrations,API Authentication,BACKEND,requirements/apis-integrations/FR-5147-api-authentication-backend.md,376
5148,FR-5148,APIs & Integrations,API Authentication,API,requirements/apis-integrations/FR-5148-api-authentication-api.md,374
5149,FR-5149,APIs & Integrations,API Authentication,SECURITY,requirements/apis-integrations/FR-5149-api-authentication-security.md,379
5150,FR-5150,APIs & Integrations,API Authentication,TEST,requirements/apis-integrations/FR-5150-api-authentication-test.md,367
5151,FR-5151,APIs & Integrations,API Authentication,EVENT,requirements/apis-integrations/FR-5151-api-authentication-event.md,368
5152,FR-5152,APIs & Integrations,API Authentication,OPERATIONS,requirements/apis-integrations/FR-5152-api-authentication-operations.md,360
5153,FR-5153,APIs & Integrations,API Versioning,UI,requirements/apis-integrations/FR-5153-api-versioning-ui.md,395
5154,FR-5154,APIs & Integrations,API Versioning,BACKEND,requirements/apis-integrations/FR-5154-api-versioning-backend.md,376
5155,FR-5155,APIs & Integrations,API Versioning,API,requirements/apis-integrations/FR-5155-api-versioning-api.md,374
5156,FR-5156,APIs & Integrations,API Versioning,SECURITY,requirements/apis-integrations/FR-5156-api-versioning-security.md,379
5157,FR-5157,APIs & Integrations,API Versioning,TEST,requirements/apis-integrations/FR-5157-api-versioning-test.md,367
5158,FR-5158,APIs & Integrations,API Versioning,EVENT,requirements/apis-integrations/FR-5158-api-versioning-event.md,368
5159,FR-5159,APIs & Integrations,API Versioning,OPERATIONS,requirements/apis-integrations/FR-5159-api-versioning-operations.md,360
5160,FR-5160,APIs & Integrations,Pagination,UI,requirements/apis-integrations/FR-5160-pagination-ui.md,391
5161,FR-5161,APIs & Integrations,Pagination,BACKEND,requirements/apis-integrations/FR-5161-pagination-backend.md,373
5162,FR-5162,APIs & Integrations,Pagination,API,requirements/apis-integrations/FR-5162-pagination-api.md,371
5163,FR-5163,APIs & Integrations,Pagination,SECURITY,requirements/apis-integrations/FR-5163-pagination-security.md,376
5164,FR-5164,APIs & Integrations,Pagination,TEST,requirements/apis-integrations/FR-5164-pagination-test.md,364
5165,FR-5165,APIs & Integrations,Pagination,EVENT,requirements/apis-integrations/FR-5165-pagination-event.md,365
5166,FR-5166,APIs & Integrations,Pagination,OPERATIONS,requirements/apis-integrations/FR-5166-pagination-operations.md,357
5167,FR-5167,APIs & Integrations,Filtering,UI,requirements/apis-integrations/FR-5167-filtering-ui.md,391
5168,FR-5168,APIs & Integrations,Filtering,BACKEND,requirements/apis-integrations/FR-5168-filtering-backend.md,373
5169,FR-5169,APIs & Integrations,Filtering,API,requirements/apis-integrations/FR-5169-filtering-api.md,371
5170,FR-5170,APIs & Integrations,Filtering,SECURITY,requirements/apis-integrations/FR-5170-filtering-security.md,376
5171,FR-5171,APIs & Integrations,Filtering,TEST,requirements/apis-integrations/FR-5171-filtering-test.md,364
5172,FR-5172,APIs & Integrations,Filtering,EVENT,requirements/apis-integrations/FR-5172-filtering-event.md,365
5173,FR-5173,APIs & Integrations,Filtering,OPERATIONS,requirements/apis-integrations/FR-5173-filtering-operations.md,357
5174,FR-5174,APIs & Integrations,Idempotency,UI,requirements/apis-integrations/FR-5174-idempotency-ui.md,391
5175,FR-5175,APIs & Integrations,Idempotency,BACKEND,requirements/apis-integrations/FR-5175-idempotency-backend.md,373
5176,FR-5176,APIs & Integrations,Idempotency,API,requirements/apis-integrations/FR-5176-idempotency-api.md,371
5177,FR-5177,APIs & Integrations,Idempotency,SECURITY,requirements/apis-integrations/FR-5177-idempotency-security.md,376
5178,FR-5178,APIs & Integrations,Idempotency,TEST,requirements/apis-integrations/FR-5178-idempotency-test.md,364
5179,FR-5179,APIs & Integrations,Idempotency,EVENT,requirements/apis-integrations/FR-5179-idempotency-event.md,365
5180,FR-5180,APIs & Integrations,Idempotency,OPERATIONS,requirements/apis-integrations/FR-5180-idempotency-operations.md,357
5181,FR-5181,APIs & Integrations,Error Model,UI,requirements/apis-integrations/FR-5181-error-model-ui.md,395
5182,FR-5182,APIs & Integrations,Error Model,BACKEND,requirements/apis-integrations/FR-5182-error-model-backend.md,376
5183,FR-5183,APIs & Integrations,Error Model,API,requirements/apis-integrations/FR-5183-error-model-api.md,374
5184,FR-5184,APIs & Integrations,Error Model,SECURITY,requirements/apis-integrations/FR-5184-error-model-security.md,379
5185,FR-5185,APIs & Integrations,Error Model,TEST,requirements/apis-integrations/FR-5185-error-model-test.md,367
5186,FR-5186,APIs & Integrations,Error Model,EVENT,requirements/apis-integrations/FR-5186-error-model-event.md,368
5187,FR-5187,APIs & Integrations,Error Model,OPERATIONS,requirements/apis-integrations/FR-5187-error-model-operations.md,360
5188,FR-5188,APIs & Integrations,Webhooks,UI,requirements/apis-integrations/FR-5188-webhooks-ui.md,391
5189,FR-5189,APIs & Integrations,Webhooks,BACKEND,requirements/apis-integrations/FR-5189-webhooks-backend.md,373
5190,FR-5190,APIs & Integrations,Webhooks,API,requirements/apis-integrations/FR-5190-webhooks-api.md,371
5191,FR-5191,APIs & Integrations,Webhooks,SECURITY,requirements/apis-integrations/FR-5191-webhooks-security.md,376
5192,FR-5192,APIs & Integrations,Webhooks,TEST,requirements/apis-integrations/FR-5192-webhooks-test.md,364
5193,FR-5193,APIs & Integrations,Webhooks,EVENT,requirements/apis-integrations/FR-5193-webhooks-event.md,365
5194,FR-5194,APIs & Integrations,Webhooks,OPERATIONS,requirements/apis-integrations/FR-5194-webhooks-operations.md,357
5195,FR-5195,APIs & Integrations,Payment Gateway Adapter,UI,requirements/apis-integrations/FR-5195-payment-gateway-adapter-ui.md,399
5196,FR-5196,APIs & Integrations,Payment Gateway Adapter,BACKEND,requirements/apis-integrations/FR-5196-payment-gateway-adapter-backend.md,379
5197,FR-5197,APIs & Integrations,Payment Gateway Adapter,API,requirements/apis-integrations/FR-5197-payment-gateway-adapter-api.md,377
5198,FR-5198,APIs & Integrations,Payment Gateway Adapter,SECURITY,requirements/apis-integrations/FR-5198-payment-gateway-adapter-security.md,382
5199,FR-5199,APIs & Integrations,Payment Gateway Adapter,TEST,requirements/apis-integrations/FR-5199-payment-gateway-adapter-test.md,370
5200,FR-5200,APIs & Integrations,Payment Gateway Adapter,EVENT,requirements/apis-integrations/FR-5200-payment-gateway-adapter-event.md,371
5201,FR-5201,APIs & Integrations,Payment Gateway Adapter,OPERATIONS,requirements/apis-integrations/FR-5201-payment-gateway-adapter-operations.md,363
5202,FR-5202,APIs & Integrations,SMS Adapter,UI,requirements/apis-integrations/FR-5202-sms-adapter-ui.md,395
5203,FR-5203,APIs & Integrations,SMS Adapter,BACKEND,requirements/apis-integrations/FR-5203-sms-adapter-backend.md,376
5204,FR-5204,APIs & Integrations,SMS Adapter,API,requirements/apis-integrations/FR-5204-sms-adapter-api.md,374
5205,FR-5205,APIs & Integrations,SMS Adapter,SECURITY,requirements/apis-integrations/FR-5205-sms-adapter-security.md,379
5206,FR-5206,APIs & Integrations,SMS Adapter,TEST,requirements/apis-integrations/FR-5206-sms-adapter-test.md,367
5207,FR-5207,APIs & Integrations,SMS Adapter,EVENT,requirements/apis-integrations/FR-5207-sms-adapter-event.md,368
5208,FR-5208,APIs & Integrations,SMS Adapter,OPERATIONS,requirements/apis-integrations/FR-5208-sms-adapter-operations.md,360
5209,FR-5209,APIs & Integrations,Email Adapter,UI,requirements/apis-integrations/FR-5209-email-adapter-ui.md,395
5210,FR-5210,APIs & Integrations,Email Adapter,BACKEND,requirements/apis-integrations/FR-5210-email-adapter-backend.md,376
5211,FR-5211,APIs & Integrations,Email Adapter,API,requirements/apis-integrations/FR-5211-email-adapter-api.md,374
5212,FR-5212,APIs & Integrations,Email Adapter,SECURITY,requirements/apis-integrations/FR-5212-email-adapter-security.md,379
5213,FR-5213,APIs & Integrations,Email Adapter,TEST,requirements/apis-integrations/FR-5213-email-adapter-test.md,367
5214,FR-5214,APIs & Integrations,Email Adapter,EVENT,requirements/apis-integrations/FR-5214-email-adapter-event.md,368
5215,FR-5215,APIs & Integrations,Email Adapter,OPERATIONS,requirements/apis-integrations/FR-5215-email-adapter-operations.md,360
5216,FR-5216,APIs & Integrations,CRM Adapter,UI,requirements/apis-integrations/FR-5216-crm-adapter-ui.md,395
5217,FR-5217,APIs & Integrations,CRM Adapter,BACKEND,requirements/apis-integrations/FR-5217-crm-adapter-backend.md,376
5218,FR-5218,APIs & Integrations,CRM Adapter,API,requirements/apis-integrations/FR-5218-crm-adapter-api.md,374
5219,FR-5219,APIs & Integrations,CRM Adapter,SECURITY,requirements/apis-integrations/FR-5219-crm-adapter-security.md,379
5220,FR-5220,APIs & Integrations,CRM Adapter,TEST,requirements/apis-integrations/FR-5220-crm-adapter-test.md,367
5221,FR-5221,APIs & Integrations,CRM Adapter,EVENT,requirements/apis-integrations/FR-5221-crm-adapter-event.md,368
5222,FR-5222,APIs & Integrations,CRM Adapter,OPERATIONS,requirements/apis-integrations/FR-5222-crm-adapter-operations.md,360
5223,FR-5223,APIs & Integrations,Accounting Adapter,UI,requirements/apis-integrations/FR-5223-accounting-adapter-ui.md,395
5224,FR-5224,APIs & Integrations,Accounting Adapter,BACKEND,requirements/apis-integrations/FR-5224-accounting-adapter-backend.md,376
5225,FR-5225,APIs & Integrations,Accounting Adapter,API,requirements/apis-integrations/FR-5225-accounting-adapter-api.md,374
5226,FR-5226,APIs & Integrations,Accounting Adapter,SECURITY,requirements/apis-integrations/FR-5226-accounting-adapter-security.md,379
5227,FR-5227,APIs & Integrations,Accounting Adapter,TEST,requirements/apis-integrations/FR-5227-accounting-adapter-test.md,367
5228,FR-5228,APIs & Integrations,Accounting Adapter,EVENT,requirements/apis-integrations/FR-5228-accounting-adapter-event.md,368
5229,FR-5229,APIs & Integrations,Accounting Adapter,OPERATIONS,requirements/apis-integrations/FR-5229-accounting-adapter-operations.md,360
5230,FR-5230,APIs & Integrations,Vendor Device Adapter,UI,requirements/apis-integrations/FR-5230-vendor-device-adapter-ui.md,399
5231,FR-5231,APIs & Integrations,Vendor Device Adapter,BACKEND,requirements/apis-integrations/FR-5231-vendor-device-adapter-backend.md,379
5232,FR-5232,APIs & Integrations,Vendor Device Adapter,API,requirements/apis-integrations/FR-5232-vendor-device-adapter-api.md,377
5233,FR-5233,APIs & Integrations,Vendor Device Adapter,SECURITY,requirements/apis-integrations/FR-5233-vendor-device-adapter-security.md,382
5234,FR-5234,APIs & Integrations,Vendor Device Adapter,TEST,requirements/apis-integrations/FR-5234-vendor-device-adapter-test.md,370
5235,FR-5235,APIs & Integrations,Vendor Device Adapter,EVENT,requirements/apis-integrations/FR-5235-vendor-device-adapter-event.md,371
5236,FR-5236,APIs & Integrations,Vendor Device Adapter,OPERATIONS,requirements/apis-integrations/FR-5236-vendor-device-adapter-operations.md,363
5237,FR-5237,APIs & Integrations,OLT Adapter,UI,requirements/apis-integrations/FR-5237-olt-adapter-ui.md,395
5238,FR-5238,APIs & Integrations,OLT Adapter,BACKEND,requirements/apis-integrations/FR-5238-olt-adapter-backend.md,376
5239,FR-5239,APIs & Integrations,OLT Adapter,API,requirements/apis-integrations/FR-5239-olt-adapter-api.md,374
5240,FR-5240,APIs & Integrations,OLT Adapter,SECURITY,requirements/apis-integrations/FR-5240-olt-adapter-security.md,379
5241,FR-5241,APIs & Integrations,OLT Adapter,TEST,requirements/apis-integrations/FR-5241-olt-adapter-test.md,367
5242,FR-5242,APIs & Integrations,OLT Adapter,EVENT,requirements/apis-integrations/FR-5242-olt-adapter-event.md,368
5243,FR-5243,APIs & Integrations,OLT Adapter,OPERATIONS,requirements/apis-integrations/FR-5243-olt-adapter-operations.md,360
5244,FR-5244,APIs & Integrations,Router Adapter,UI,requirements/apis-integrations/FR-5244-router-adapter-ui.md,395
5245,FR-5245,APIs & Integrations,Router Adapter,BACKEND,requirements/apis-integrations/FR-5245-router-adapter-backend.md,376
5246,FR-5246,APIs & Integrations,Router Adapter,API,requirements/apis-integrations/FR-5246-router-adapter-api.md,374
5247,FR-5247,APIs & Integrations,Router Adapter,SECURITY,requirements/apis-integrations/FR-5247-router-adapter-security.md,379
5248,FR-5248,APIs & Integrations,Router Adapter,TEST,requirements/apis-integrations/FR-5248-router-adapter-test.md,367
5249,FR-5249,APIs & Integrations,Router Adapter,EVENT,requirements/apis-integrations/FR-5249-router-adapter-event.md,368
5250,FR-5250,APIs & Integrations,Router Adapter,OPERATIONS,requirements/apis-integrations/FR-5250-router-adapter-operations.md,360
5251,FR-5251,APIs & Integrations,Switch Adapter,UI,requirements/apis-integrations/FR-5251-switch-adapter-ui.md,395
5252,FR-5252,APIs & Integrations,Switch Adapter,BACKEND,requirements/apis-integrations/FR-5252-switch-adapter-backend.md,376
5253,FR-5253,APIs & Integrations,Switch Adapter,API,requirements/apis-integrations/FR-5253-switch-adapter-api.md,374
5254,FR-5254,APIs & Integrations,Switch Adapter,SECURITY,requirements/apis-integrations/FR-5254-switch-adapter-security.md,379
5255,FR-5255,APIs & Integrations,Switch Adapter,TEST,requirements/apis-integrations/FR-5255-switch-adapter-test.md,367
5256,FR-5256,APIs & Integrations,Switch Adapter,EVENT,requirements/apis-integrations/FR-5256-switch-adapter-event.md,368
5257,FR-5257,APIs & Integrations,Switch Adapter,OPERATIONS,requirements/apis-integrations/FR-5257-switch-adapter-operations.md,360
5258,FR-5258,APIs & Integrations,Object Storage Adapter,UI,requirements/apis-integrations/FR-5258-object-storage-adapter-ui.md,399
5259,FR-5259,APIs & Integrations,Object Storage Adapter,BACKEND,requirements/apis-integrations/FR-5259-object-storage-adapter-backend.md,379
5260,FR-5260,APIs & Integrations,Object Storage Adapter,API,requirements/apis-integrations/FR-5260-object-storage-adapter-api.md,377
5261,FR-5261,APIs & Integrations,Object Storage Adapter,SECURITY,requirements/apis-integrations/FR-5261-object-storage-adapter-security.md,382
5262,FR-5262,APIs & Integrations,Object Storage Adapter,TEST,requirements/apis-integrations/FR-5262-object-storage-adapter-test.md,370
5263,FR-5263,APIs & Integrations,Object Storage Adapter,EVENT,requirements/apis-integrations/FR-5263-object-storage-adapter-event.md,371
5264,FR-5264,APIs & Integrations,Object Storage Adapter,OPERATIONS,requirements/apis-integrations/FR-5264-object-storage-adapter-operations.md,363
5265,FR-5265,APIs & Integrations,Map Provider Adapter,UI,requirements/apis-integrations/FR-5265-map-provider-adapter-ui.md,399
5266,FR-5266,APIs & Integrations,Map Provider Adapter,BACKEND,requirements/apis-integrations/FR-5266-map-provider-adapter-backend.md,379
5267,FR-5267,APIs & Integrations,Map Provider Adapter,API,requirements/apis-integrations/FR-5267-map-provider-adapter-api.md,377
5268,FR-5268,APIs & Integrations,Map Provider Adapter,SECURITY,requirements/apis-integrations/FR-5268-map-provider-adapter-security.md,382
5269,FR-5269,APIs & Integrations,Map Provider Adapter,TEST,requirements/apis-integrations/FR-5269-map-provider-adapter-test.md,370
5270,FR-5270,APIs & Integrations,Map Provider Adapter,EVENT,requirements/apis-integrations/FR-5270-map-provider-adapter-event.md,371
5271,FR-5271,APIs & Integrations,Map Provider Adapter,OPERATIONS,requirements/apis-integrations/FR-5271-map-provider-adapter-operations.md,363
5272,FR-5272,APIs & Integrations,RADIUS Integration,UI,requirements/apis-integrations/FR-5272-radius-integration-ui.md,395
5273,FR-5273,APIs & Integrations,RADIUS Integration,BACKEND,requirements/apis-integrations/FR-5273-radius-integration-backend.md,376
5274,FR-5274,APIs & Integrations,RADIUS Integration,API,requirements/apis-integrations/FR-5274-radius-integration-api.md,374
5275,FR-5275,APIs & Integrations,RADIUS Integration,SECURITY,requirements/apis-integrations/FR-5275-radius-integration-security.md,379
5276,FR-5276,APIs & Integrations,RADIUS Integration,TEST,requirements/apis-integrations/FR-5276-radius-integration-test.md,367
5277,FR-5277,APIs & Integrations,RADIUS Integration,EVENT,requirements/apis-integrations/FR-5277-radius-integration-event.md,368
5278,FR-5278,APIs & Integrations,RADIUS Integration,OPERATIONS,requirements/apis-integrations/FR-5278-radius-integration-operations.md,360
5279,FR-5279,APIs & Integrations,ACS Integration,UI,requirements/apis-integrations/FR-5279-acs-integration-ui.md,395
5280,FR-5280,APIs & Integrations,ACS Integration,BACKEND,requirements/apis-integrations/FR-5280-acs-integration-backend.md,376
5281,FR-5281,APIs & Integrations,ACS Integration,API,requirements/apis-integrations/FR-5281-acs-integration-api.md,374
5282,FR-5282,APIs & Integrations,ACS Integration,SECURITY,requirements/apis-integrations/FR-5282-acs-integration-security.md,379
5283,FR-5283,APIs & Integrations,ACS Integration,TEST,requirements/apis-integrations/FR-5283-acs-integration-test.md,367
5284,FR-5284,APIs & Integrations,ACS Integration,EVENT,requirements/apis-integrations/FR-5284-acs-integration-event.md,368
5285,FR-5285,APIs & Integrations,ACS Integration,OPERATIONS,requirements/apis-integrations/FR-5285-acs-integration-operations.md,360
5286,FR-5286,APIs & Integrations,USP Integration,UI,requirements/apis-integrations/FR-5286-usp-integration-ui.md,395
5287,FR-5287,APIs & Integrations,USP Integration,BACKEND,requirements/apis-integrations/FR-5287-usp-integration-backend.md,376
5288,FR-5288,APIs & Integrations,USP Integration,API,requirements/apis-integrations/FR-5288-usp-integration-api.md,374
5289,FR-5289,APIs & Integrations,USP Integration,SECURITY,requirements/apis-integrations/FR-5289-usp-integration-security.md,379
5290,FR-5290,APIs & Integrations,USP Integration,TEST,requirements/apis-integrations/FR-5290-usp-integration-test.md,367
5291,FR-5291,APIs & Integrations,USP Integration,EVENT,requirements/apis-integrations/FR-5291-usp-integration-event.md,368
5292,FR-5292,APIs & Integrations,USP Integration,OPERATIONS,requirements/apis-integrations/FR-5292-usp-integration-operations.md,360
5293,FR-5293,APIs & Integrations,Import API,UI,requirements/apis-integrations/FR-5293-import-api-ui.md,395
5294,FR-5294,APIs & Integrations,Import API,BACKEND,requirements/apis-integrations/FR-5294-import-api-backend.md,376
5295,FR-5295,APIs & Integrations,Import API,API,requirements/apis-integrations/FR-5295-import-api-api.md,374
5296,FR-5296,APIs & Integrations,Import API,SECURITY,requirements/apis-integrations/FR-5296-import-api-security.md,379
5297,FR-5297,APIs & Integrations,Import API,TEST,requirements/apis-integrations/FR-5297-import-api-test.md,367
5298,FR-5298,APIs & Integrations,Import API,EVENT,requirements/apis-integrations/FR-5298-import-api-event.md,368
5299,FR-5299,APIs & Integrations,Import API,OPERATIONS,requirements/apis-integrations/FR-5299-import-api-operations.md,360
5300,FR-5300,APIs & Integrations,Export API,UI,requirements/apis-integrations/FR-5300-export-api-ui.md,395
5301,FR-5301,APIs & Integrations,Export API,BACKEND,requirements/apis-integrations/FR-5301-export-api-backend.md,376
5302,FR-5302,APIs & Integrations,Export API,API,requirements/apis-integrations/FR-5302-export-api-api.md,374
5303,FR-5303,APIs & Integrations,Export API,SECURITY,requirements/apis-integrations/FR-5303-export-api-security.md,379
5304,FR-5304,APIs & Integrations,Export API,TEST,requirements/apis-integrations/FR-5304-export-api-test.md,367
5305,FR-5305,APIs & Integrations,Export API,EVENT,requirements/apis-integrations/FR-5305-export-api-event.md,368
5306,FR-5306,APIs & Integrations,Export API,OPERATIONS,requirements/apis-integrations/FR-5306-export-api-operations.md,360
5307,FR-5307,APIs & Integrations,OpenAPI,UI,requirements/apis-integrations/FR-5307-openapi-ui.md,391
5308,FR-5308,APIs & Integrations,OpenAPI,BACKEND,requirements/apis-integrations/FR-5308-openapi-backend.md,373
5309,FR-5309,APIs & Integrations,OpenAPI,API,requirements/apis-integrations/FR-5309-openapi-api.md,371
5310,FR-5310,APIs & Integrations,OpenAPI,SECURITY,requirements/apis-integrations/FR-5310-openapi-security.md,376
5311,FR-5311,APIs & Integrations,OpenAPI,TEST,requirements/apis-integrations/FR-5311-openapi-test.md,364
5312,FR-5312,APIs & Integrations,OpenAPI,EVENT,requirements/apis-integrations/FR-5312-openapi-event.md,365
5313,FR-5313,APIs & Integrations,OpenAPI,OPERATIONS,requirements/apis-integrations/FR-5313-openapi-operations.md,357
5314,FR-5314,APIs & Integrations,SDK Strategy,UI,requirements/apis-integrations/FR-5314-sdk-strategy-ui.md,395
5315,FR-5315,APIs & Integrations,SDK Strategy,BACKEND,requirements/apis-integrations/FR-5315-sdk-strategy-backend.md,376
5316,FR-5316,APIs & Integrations,SDK Strategy,API,requirements/apis-integrations/FR-5316-sdk-strategy-api.md,374
5317,FR-5317,APIs & Integrations,SDK Strategy,SECURITY,requirements/apis-integrations/FR-5317-sdk-strategy-security.md,379
5318,FR-5318,APIs & Integrations,SDK Strategy,TEST,requirements/apis-integrations/FR-5318-sdk-strategy-test.md,367
5319,FR-5319,APIs & Integrations,SDK Strategy,EVENT,requirements/apis-integrations/FR-5319-sdk-strategy-event.md,368
5320,FR-5320,APIs & Integrations,SDK Strategy,OPERATIONS,requirements/apis-integrations/FR-5320-sdk-strategy-operations.md,360
5321,FR-5321,APIs & Integrations,API Audit,UI,requirements/apis-integrations/FR-5321-api-audit-ui.md,395
5322,FR-5322,APIs & Integrations,API Audit,BACKEND,requirements/apis-integrations/FR-5322-api-audit-backend.md,376
5323,FR-5323,APIs & Integrations,API Audit,API,requirements/apis-integrations/FR-5323-api-audit-api.md,374
5324,FR-5324,APIs & Integrations,API Audit,SECURITY,requirements/apis-integrations/FR-5324-api-audit-security.md,379
5325,FR-5325,APIs & Integrations,API Audit,TEST,requirements/apis-integrations/FR-5325-api-audit-test.md,367
5326,FR-5326,APIs & Integrations,API Audit,EVENT,requirements/apis-integrations/FR-5326-api-audit-event.md,368
5327,FR-5327,APIs & Integrations,API Audit,OPERATIONS,requirements/apis-integrations/FR-5327-api-audit-operations.md,360
5328,FR-5328,APIs & Integrations,Integration Health,UI,requirements/apis-integrations/FR-5328-integration-health-ui.md,395
5329,FR-5329,APIs & Integrations,Integration Health,BACKEND,requirements/apis-integrations/FR-5329-integration-health-backend.md,376
5330,FR-5330,APIs & Integrations,Integration Health,API,requirements/apis-integrations/FR-5330-integration-health-api.md,374
5331,FR-5331,APIs & Integrations,Integration Health,SECURITY,requirements/apis-integrations/FR-5331-integration-health-security.md,379
5332,FR-5332,APIs & Integrations,Integration Health,TEST,requirements/apis-integrations/FR-5332-integration-health-test.md,367
5333,FR-5333,APIs & Integrations,Integration Health,EVENT,requirements/apis-integrations/FR-5333-integration-health-event.md,368
5334,FR-5334,APIs & Integrations,Integration Health,OPERATIONS,requirements/apis-integrations/FR-5334-integration-health-operations.md,360
5335,FR-5335,Quality & Operations,Testing Strategy,UI,requirements/quality-operations/FR-5335-testing-strategy-ui.md,393
5336,FR-5336,Quality & Operations,Testing Strategy,BACKEND,requirements/quality-operations/FR-5336-testing-strategy-backend.md,374
5337,FR-5337,Quality & Operations,Testing Strategy,API,requirements/quality-operations/FR-5337-testing-strategy-api.md,373
5338,FR-5338,Quality & Operations,Testing Strategy,SECURITY,requirements/quality-operations/FR-5338-testing-strategy-security.md,378
5339,FR-5339,Quality & Operations,Testing Strategy,TEST,requirements/quality-operations/FR-5339-testing-strategy-test.md,366
5340,FR-5340,Quality & Operations,Testing Strategy,EVENT,requirements/quality-operations/FR-5340-testing-strategy-event.md,367
5341,FR-5341,Quality & Operations,Testing Strategy,OPERATIONS,requirements/quality-operations/FR-5341-testing-strategy-operations.md,359
5342,FR-5342,Quality & Operations,Unit Tests,UI,requirements/quality-operations/FR-5342-unit-tests-ui.md,393
5343,FR-5343,Quality & Operations,Unit Tests,BACKEND,requirements/quality-operations/FR-5343-unit-tests-backend.md,374
5344,FR-5344,Quality & Operations,Unit Tests,API,requirements/quality-operations/FR-5344-unit-tests-api.md,373
5345,FR-5345,Quality & Operations,Unit Tests,SECURITY,requirements/quality-operations/FR-5345-unit-tests-security.md,378
5346,FR-5346,Quality & Operations,Unit Tests,TEST,requirements/quality-operations/FR-5346-unit-tests-test.md,366
5347,FR-5347,Quality & Operations,Unit Tests,EVENT,requirements/quality-operations/FR-5347-unit-tests-event.md,367
5348,FR-5348,Quality & Operations,Unit Tests,OPERATIONS,requirements/quality-operations/FR-5348-unit-tests-operations.md,359
5349,FR-5349,Quality & Operations,Domain Tests,UI,requirements/quality-operations/FR-5349-domain-tests-ui.md,393
5350,FR-5350,Quality & Operations,Domain Tests,BACKEND,requirements/quality-operations/FR-5350-domain-tests-backend.md,374
5351,FR-5351,Quality & Operations,Domain Tests,API,requirements/quality-operations/FR-5351-domain-tests-api.md,373
5352,FR-5352,Quality & Operations,Domain Tests,SECURITY,requirements/quality-operations/FR-5352-domain-tests-security.md,378
5353,FR-5353,Quality & Operations,Domain Tests,TEST,requirements/quality-operations/FR-5353-domain-tests-test.md,366
5354,FR-5354,Quality & Operations,Domain Tests,EVENT,requirements/quality-operations/FR-5354-domain-tests-event.md,367
5355,FR-5355,Quality & Operations,Domain Tests,OPERATIONS,requirements/quality-operations/FR-5355-domain-tests-operations.md,359
5356,FR-5356,Quality & Operations,Transactional Tests,UI,requirements/quality-operations/FR-5356-transactional-tests-ui.md,393
5357,FR-5357,Quality & Operations,Transactional Tests,BACKEND,requirements/quality-operations/FR-5357-transactional-tests-backend.md,374
5358,FR-5358,Quality & Operations,Transactional Tests,API,requirements/quality-operations/FR-5358-transactional-tests-api.md,373
5359,FR-5359,Quality & Operations,Transactional Tests,SECURITY,requirements/quality-operations/FR-5359-transactional-tests-security.md,378
5360,FR-5360,Quality & Operations,Transactional Tests,TEST,requirements/quality-operations/FR-5360-transactional-tests-test.md,366
5361,FR-5361,Quality & Operations,Transactional Tests,EVENT,requirements/quality-operations/FR-5361-transactional-tests-event.md,367
5362,FR-5362,Quality & Operations,Transactional Tests,OPERATIONS,requirements/quality-operations/FR-5362-transactional-tests-operations.md,359
5363,FR-5363,Quality & Operations,API Tests,UI,requirements/quality-operations/FR-5363-api-tests-ui.md,393
5364,FR-5364,Quality & Operations,API Tests,BACKEND,requirements/quality-operations/FR-5364-api-tests-backend.md,374
5365,FR-5365,Quality & Operations,API Tests,API,requirements/quality-operations/FR-5365-api-tests-api.md,373
5366,FR-5366,Quality & Operations,API Tests,SECURITY,requirements/quality-operations/FR-5366-api-tests-security.md,378
5367,FR-5367,Quality & Operations,API Tests,TEST,requirements/quality-operations/FR-5367-api-tests-test.md,366
5368,FR-5368,Quality & Operations,API Tests,EVENT,requirements/quality-operations/FR-5368-api-tests-event.md,367
5369,FR-5369,Quality & Operations,API Tests,OPERATIONS,requirements/quality-operations/FR-5369-api-tests-operations.md,359
5370,FR-5370,Quality & Operations,UI Tests,UI,requirements/quality-operations/FR-5370-ui-tests-ui.md,393
5371,FR-5371,Quality & Operations,UI Tests,BACKEND,requirements/quality-operations/FR-5371-ui-tests-backend.md,374
5372,FR-5372,Quality & Operations,UI Tests,API,requirements/quality-operations/FR-5372-ui-tests-api.md,373
5373,FR-5373,Quality & Operations,UI Tests,SECURITY,requirements/quality-operations/FR-5373-ui-tests-security.md,378
5374,FR-5374,Quality & Operations,UI Tests,TEST,requirements/quality-operations/FR-5374-ui-tests-test.md,366
5375,FR-5375,Quality & Operations,UI Tests,EVENT,requirements/quality-operations/FR-5375-ui-tests-event.md,367
5376,FR-5376,Quality & Operations,UI Tests,OPERATIONS,requirements/quality-operations/FR-5376-ui-tests-operations.md,359
5377,FR-5377,Quality & Operations,Accessibility Tests,UI,requirements/quality-operations/FR-5377-accessibility-tests-ui.md,393
5378,FR-5378,Quality & Operations,Accessibility Tests,BACKEND,requirements/quality-operations/FR-5378-accessibility-tests-backend.md,374
5379,FR-5379,Quality & Operations,Accessibility Tests,API,requirements/quality-operations/FR-5379-accessibility-tests-api.md,373
5380,FR-5380,Quality & Operations,Accessibility Tests,SECURITY,requirements/quality-operations/FR-5380-accessibility-tests-security.md,378
5381,FR-5381,Quality & Operations,Accessibility Tests,TEST,requirements/quality-operations/FR-5381-accessibility-tests-test.md,366
5382,FR-5382,Quality & Operations,Accessibility Tests,EVENT,requirements/quality-operations/FR-5382-accessibility-tests-event.md,367
5383,FR-5383,Quality & Operations,Accessibility Tests,OPERATIONS,requirements/quality-operations/FR-5383-accessibility-tests-operations.md,359
5384,FR-5384,Quality & Operations,Security Tests,UI,requirements/quality-operations/FR-5384-security-tests-ui.md,393
5385,FR-5385,Quality & Operations,Security Tests,BACKEND,requirements/quality-operations/FR-5385-security-tests-backend.md,374
5386,FR-5386,Quality & Operations,Security Tests,API,requirements/quality-operations/FR-5386-security-tests-api.md,373
5387,FR-5387,Quality & Operations,Security Tests,SECURITY,requirements/quality-operations/FR-5387-security-tests-security.md,378
5388,FR-5388,Quality & Operations,Security Tests,TEST,requirements/quality-operations/FR-5388-security-tests-test.md,366
5389,FR-5389,Quality & Operations,Security Tests,EVENT,requirements/quality-operations/FR-5389-security-tests-event.md,367
5390,FR-5390,Quality & Operations,Security Tests,OPERATIONS,requirements/quality-operations/FR-5390-security-tests-operations.md,359
5391,FR-5391,Quality & Operations,Tenant Isolation Tests,UI,requirements/quality-operations/FR-5391-tenant-isolation-tests-ui.md,397
5392,FR-5392,Quality & Operations,Tenant Isolation Tests,BACKEND,requirements/quality-operations/FR-5392-tenant-isolation-tests-backend.md,377
5393,FR-5393,Quality & Operations,Tenant Isolation Tests,API,requirements/quality-operations/FR-5393-tenant-isolation-tests-api.md,376
5394,FR-5394,Quality & Operations,Tenant Isolation Tests,SECURITY,requirements/quality-operations/FR-5394-tenant-isolation-tests-security.md,381
5395,FR-5395,Quality & Operations,Tenant Isolation Tests,TEST,requirements/quality-operations/FR-5395-tenant-isolation-tests-test.md,369
5396,FR-5396,Quality & Operations,Tenant Isolation Tests,EVENT,requirements/quality-operations/FR-5396-tenant-isolation-tests-event.md,370
5397,FR-5397,Quality & Operations,Tenant Isolation Tests,OPERATIONS,requirements/quality-operations/FR-5397-tenant-isolation-tests-operations.md,362
5398,FR-5398,Quality & Operations,Performance Tests,UI,requirements/quality-operations/FR-5398-performance-tests-ui.md,393
5399,FR-5399,Quality & Operations,Performance Tests,BACKEND,requirements/quality-operations/FR-5399-performance-tests-backend.md,374
5400,FR-5400,Quality & Operations,Performance Tests,API,requirements/quality-operations/FR-5400-performance-tests-api.md,373
5401,FR-5401,Quality & Operations,Performance Tests,SECURITY,requirements/quality-operations/FR-5401-performance-tests-security.md,378
5402,FR-5402,Quality & Operations,Performance Tests,TEST,requirements/quality-operations/FR-5402-performance-tests-test.md,366
5403,FR-5403,Quality & Operations,Performance Tests,EVENT,requirements/quality-operations/FR-5403-performance-tests-event.md,367
5404,FR-5404,Quality & Operations,Performance Tests,OPERATIONS,requirements/quality-operations/FR-5404-performance-tests-operations.md,359
5405,FR-5405,Quality & Operations,Load Tests,UI,requirements/quality-operations/FR-5405-load-tests-ui.md,393
5406,FR-5406,Quality & Operations,Load Tests,BACKEND,requirements/quality-operations/FR-5406-load-tests-backend.md,374
5407,FR-5407,Quality & Operations,Load Tests,API,requirements/quality-operations/FR-5407-load-tests-api.md,373
5408,FR-5408,Quality & Operations,Load Tests,SECURITY,requirements/quality-operations/FR-5408-load-tests-security.md,378
5409,FR-5409,Quality & Operations,Load Tests,TEST,requirements/quality-operations/FR-5409-load-tests-test.md,366
5410,FR-5410,Quality & Operations,Load Tests,EVENT,requirements/quality-operations/FR-5410-load-tests-event.md,367
5411,FR-5411,Quality & Operations,Load Tests,OPERATIONS,requirements/quality-operations/FR-5411-load-tests-operations.md,359
5412,FR-5412,Quality & Operations,Chaos Tests,UI,requirements/quality-operations/FR-5412-chaos-tests-ui.md,393
5413,FR-5413,Quality & Operations,Chaos Tests,BACKEND,requirements/quality-operations/FR-5413-chaos-tests-backend.md,374
5414,FR-5414,Quality & Operations,Chaos Tests,API,requirements/quality-operations/FR-5414-chaos-tests-api.md,373
5415,FR-5415,Quality & Operations,Chaos Tests,SECURITY,requirements/quality-operations/FR-5415-chaos-tests-security.md,378
5416,FR-5416,Quality & Operations,Chaos Tests,TEST,requirements/quality-operations/FR-5416-chaos-tests-test.md,366
5417,FR-5417,Quality & Operations,Chaos Tests,EVENT,requirements/quality-operations/FR-5417-chaos-tests-event.md,367
5418,FR-5418,Quality & Operations,Chaos Tests,OPERATIONS,requirements/quality-operations/FR-5418-chaos-tests-operations.md,359
5419,FR-5419,Quality & Operations,Backup Restore Tests,UI,requirements/quality-operations/FR-5419-backup-restore-tests-ui.md,397
5420,FR-5420,Quality & Operations,Backup Restore Tests,BACKEND,requirements/quality-operations/FR-5420-backup-restore-tests-backend.md,377
5421,FR-5421,Quality & Operations,Backup Restore Tests,API,requirements/quality-operations/FR-5421-backup-restore-tests-api.md,376
5422,FR-5422,Quality & Operations,Backup Restore Tests,SECURITY,requirements/quality-operations/FR-5422-backup-restore-tests-security.md,381
5423,FR-5423,Quality & Operations,Backup Restore Tests,TEST,requirements/quality-operations/FR-5423-backup-restore-tests-test.md,369
5424,FR-5424,Quality & Operations,Backup Restore Tests,EVENT,requirements/quality-operations/FR-5424-backup-restore-tests-event.md,370
5425,FR-5425,Quality & Operations,Backup Restore Tests,OPERATIONS,requirements/quality-operations/FR-5425-backup-restore-tests-operations.md,362
5426,FR-5426,Quality & Operations,Upgrade Tests,UI,requirements/quality-operations/FR-5426-upgrade-tests-ui.md,393
5427,FR-5427,Quality & Operations,Upgrade Tests,BACKEND,requirements/quality-operations/FR-5427-upgrade-tests-backend.md,374
5428,FR-5428,Quality & Operations,Upgrade Tests,API,requirements/quality-operations/FR-5428-upgrade-tests-api.md,373
5429,FR-5429,Quality & Operations,Upgrade Tests,SECURITY,requirements/quality-operations/FR-5429-upgrade-tests-security.md,378
5430,FR-5430,Quality & Operations,Upgrade Tests,TEST,requirements/quality-operations/FR-5430-upgrade-tests-test.md,366
5431,FR-5431,Quality & Operations,Upgrade Tests,EVENT,requirements/quality-operations/FR-5431-upgrade-tests-event.md,367
5432,FR-5432,Quality & Operations,Upgrade Tests,OPERATIONS,requirements/quality-operations/FR-5432-upgrade-tests-operations.md,359
5433,FR-5433,Quality & Operations,Driver Contract Tests,UI,requirements/quality-operations/FR-5433-driver-contract-tests-ui.md,397
5434,FR-5434,Quality & Operations,Driver Contract Tests,BACKEND,requirements/quality-operations/FR-5434-driver-contract-tests-backend.md,377
5435,FR-5435,Quality & Operations,Driver Contract Tests,API,requirements/quality-operations/FR-5435-driver-contract-tests-api.md,376
5436,FR-5436,Quality & Operations,Driver Contract Tests,SECURITY,requirements/quality-operations/FR-5436-driver-contract-tests-security.md,381
5437,FR-5437,Quality & Operations,Driver Contract Tests,TEST,requirements/quality-operations/FR-5437-driver-contract-tests-test.md,369
5438,FR-5438,Quality & Operations,Driver Contract Tests,EVENT,requirements/quality-operations/FR-5438-driver-contract-tests-event.md,370
5439,FR-5439,Quality & Operations,Driver Contract Tests,OPERATIONS,requirements/quality-operations/FR-5439-driver-contract-tests-operations.md,362
5440,FR-5440,Quality & Operations,Acceptance Tests,UI,requirements/quality-operations/FR-5440-acceptance-tests-ui.md,393
5441,FR-5441,Quality & Operations,Acceptance Tests,BACKEND,requirements/quality-operations/FR-5441-acceptance-tests-backend.md,374
5442,FR-5442,Quality & Operations,Acceptance Tests,API,requirements/quality-operations/FR-5442-acceptance-tests-api.md,373
5443,FR-5443,Quality & Operations,Acceptance Tests,SECURITY,requirements/quality-operations/FR-5443-acceptance-tests-security.md,378
5444,FR-5444,Quality & Operations,Acceptance Tests,TEST,requirements/quality-operations/FR-5444-acceptance-tests-test.md,366
5445,FR-5445,Quality & Operations,Acceptance Tests,EVENT,requirements/quality-operations/FR-5445-acceptance-tests-event.md,367
5446,FR-5446,Quality & Operations,Acceptance Tests,OPERATIONS,requirements/quality-operations/FR-5446-acceptance-tests-operations.md,359
5447,FR-5447,Quality & Operations,Release Process,UI,requirements/quality-operations/FR-5447-release-process-ui.md,393
5448,FR-5448,Quality & Operations,Release Process,BACKEND,requirements/quality-operations/FR-5448-release-process-backend.md,374
5449,FR-5449,Quality & Operations,Release Process,API,requirements/quality-operations/FR-5449-release-process-api.md,373
5450,FR-5450,Quality & Operations,Release Process,SECURITY,requirements/quality-operations/FR-5450-release-process-security.md,378
5451,FR-5451,Quality & Operations,Release Process,TEST,requirements/quality-operations/FR-5451-release-process-test.md,366
5452,FR-5452,Quality & Operations,Release Process,EVENT,requirements/quality-operations/FR-5452-release-process-event.md,367
5453,FR-5453,Quality & Operations,Release Process,OPERATIONS,requirements/quality-operations/FR-5453-release-process-operations.md,359
5454,FR-5454,Quality & Operations,Feature Flags,UI,requirements/quality-operations/FR-5454-feature-flags-ui.md,393
5455,FR-5455,Quality & Operations,Feature Flags,BACKEND,requirements/quality-operations/FR-5455-feature-flags-backend.md,374
5456,FR-5456,Quality & Operations,Feature Flags,API,requirements/quality-operations/FR-5456-feature-flags-api.md,373
5457,FR-5457,Quality & Operations,Feature Flags,SECURITY,requirements/quality-operations/FR-5457-feature-flags-security.md,378
5458,FR-5458,Quality & Operations,Feature Flags,TEST,requirements/quality-operations/FR-5458-feature-flags-test.md,366
5459,FR-5459,Quality & Operations,Feature Flags,EVENT,requirements/quality-operations/FR-5459-feature-flags-event.md,367
5460,FR-5460,Quality & Operations,Feature Flags,OPERATIONS,requirements/quality-operations/FR-5460-feature-flags-operations.md,359
5461,FR-5461,Quality & Operations,Migration Strategy,UI,requirements/quality-operations/FR-5461-migration-strategy-ui.md,393
5462,FR-5462,Quality & Operations,Migration Strategy,BACKEND,requirements/quality-operations/FR-5462-migration-strategy-backend.md,374
5463,FR-5463,Quality & Operations,Migration Strategy,API,requirements/quality-operations/FR-5463-migration-strategy-api.md,373
5464,FR-5464,Quality & Operations,Migration Strategy,SECURITY,requirements/quality-operations/FR-5464-migration-strategy-security.md,378
5465,FR-5465,Quality & Operations,Migration Strategy,TEST,requirements/quality-operations/FR-5465-migration-strategy-test.md,366
5466,FR-5466,Quality & Operations,Migration Strategy,EVENT,requirements/quality-operations/FR-5466-migration-strategy-event.md,367
5467,FR-5467,Quality & Operations,Migration Strategy,OPERATIONS,requirements/quality-operations/FR-5467-migration-strategy-operations.md,359
5468,FR-5468,Quality & Operations,Deployment,UI,requirements/quality-operations/FR-5468-deployment-ui.md,389
5469,FR-5469,Quality & Operations,Deployment,BACKEND,requirements/quality-operations/FR-5469-deployment-backend.md,371
5470,FR-5470,Quality & Operations,Deployment,API,requirements/quality-operations/FR-5470-deployment-api.md,370
5471,FR-5471,Quality & Operations,Deployment,SECURITY,requirements/quality-operations/FR-5471-deployment-security.md,375
5472,FR-5472,Quality & Operations,Deployment,TEST,requirements/quality-operations/FR-5472-deployment-test.md,363
5473,FR-5473,Quality & Operations,Deployment,EVENT,requirements/quality-operations/FR-5473-deployment-event.md,364
5474,FR-5474,Quality & Operations,Deployment,OPERATIONS,requirements/quality-operations/FR-5474-deployment-operations.md,356
5475,FR-5475,Quality & Operations,High Availability,UI,requirements/quality-operations/FR-5475-high-availability-ui.md,393
5476,FR-5476,Quality & Operations,High Availability,BACKEND,requirements/quality-operations/FR-5476-high-availability-backend.md,374
5477,FR-5477,Quality & Operations,High Availability,API,requirements/quality-operations/FR-5477-high-availability-api.md,373
5478,FR-5478,Quality & Operations,High Availability,SECURITY,requirements/quality-operations/FR-5478-high-availability-security.md,378
5479,FR-5479,Quality & Operations,High Availability,TEST,requirements/quality-operations/FR-5479-high-availability-test.md,366
5480,FR-5480,Quality & Operations,High Availability,EVENT,requirements/quality-operations/FR-5480-high-availability-event.md,367
5481,FR-5481,Quality & Operations,High Availability,OPERATIONS,requirements/quality-operations/FR-5481-high-availability-operations.md,359
5482,FR-5482,Quality & Operations,Disaster Recovery,UI,requirements/quality-operations/FR-5482-disaster-recovery-ui.md,393
5483,FR-5483,Quality & Operations,Disaster Recovery,BACKEND,requirements/quality-operations/FR-5483-disaster-recovery-backend.md,374
5484,FR-5484,Quality & Operations,Disaster Recovery,API,requirements/quality-operations/FR-5484-disaster-recovery-api.md,373
5485,FR-5485,Quality & Operations,Disaster Recovery,SECURITY,requirements/quality-operations/FR-5485-disaster-recovery-security.md,378
5486,FR-5486,Quality & Operations,Disaster Recovery,TEST,requirements/quality-operations/FR-5486-disaster-recovery-test.md,366
5487,FR-5487,Quality & Operations,Disaster Recovery,EVENT,requirements/quality-operations/FR-5487-disaster-recovery-event.md,367
5488,FR-5488,Quality & Operations,Disaster Recovery,OPERATIONS,requirements/quality-operations/FR-5488-disaster-recovery-operations.md,359
5489,FR-5489,Quality & Operations,Observability,UI,requirements/quality-operations/FR-5489-observability-ui.md,389
5490,FR-5490,Quality & Operations,Observability,BACKEND,requirements/quality-operations/FR-5490-observability-backend.md,371
5491,FR-5491,Quality & Operations,Observability,API,requirements/quality-operations/FR-5491-observability-api.md,370
5492,FR-5492,Quality & Operations,Observability,SECURITY,requirements/quality-operations/FR-5492-observability-security.md,375
5493,FR-5493,Quality & Operations,Observability,TEST,requirements/quality-operations/FR-5493-observability-test.md,363
5494,FR-5494,Quality & Operations,Observability,EVENT,requirements/quality-operations/FR-5494-observability-event.md,364
5495,FR-5495,Quality & Operations,Observability,OPERATIONS,requirements/quality-operations/FR-5495-observability-operations.md,356
5496,FR-5496,Quality & Operations,Logging,UI,requirements/quality-operations/FR-5496-logging-ui.md,389
5497,FR-5497,Quality & Operations,Logging,BACKEND,requirements/quality-operations/FR-5497-logging-backend.md,371
5498,FR-5498,Quality & Operations,Logging,API,requirements/quality-operations/FR-5498-logging-api.md,370
5499,FR-5499,Quality & Operations,Logging,SECURITY,requirements/quality-operations/FR-5499-logging-security.md,375
5500,FR-5500,Quality & Operations,Logging,TEST,requirements/quality-operations/FR-5500-logging-test.md,363
5501,FR-5501,Quality & Operations,Logging,EVENT,requirements/quality-operations/FR-5501-logging-event.md,364
5502,FR-5502,Quality & Operations,Logging,OPERATIONS,requirements/quality-operations/FR-5502-logging-operations.md,356
5503,FR-5503,Quality & Operations,Metrics,UI,requirements/quality-operations/FR-5503-metrics-ui.md,389
5504,FR-5504,Quality & Operations,Metrics,BACKEND,requirements/quality-operations/FR-5504-metrics-backend.md,371
5505,FR-5505,Quality & Operations,Metrics,API,requirements/quality-operations/FR-5505-metrics-api.md,370
5506,FR-5506,Quality & Operations,Metrics,SECURITY,requirements/quality-operations/FR-5506-metrics-security.md,375
5507,FR-5507,Quality & Operations,Metrics,TEST,requirements/quality-operations/FR-5507-metrics-test.md,363
5508,FR-5508,Quality & Operations,Metrics,EVENT,requirements/quality-operations/FR-5508-metrics-event.md,364
5509,FR-5509,Quality & Operations,Metrics,OPERATIONS,requirements/quality-operations/FR-5509-metrics-operations.md,356
5510,FR-5510,Quality & Operations,Tracing,UI,requirements/quality-operations/FR-5510-tracing-ui.md,389
5511,FR-5511,Quality & Operations,Tracing,BACKEND,requirements/quality-operations/FR-5511-tracing-backend.md,371
5512,FR-5512,Quality & Operations,Tracing,API,requirements/quality-operations/FR-5512-tracing-api.md,370
5513,FR-5513,Quality & Operations,Tracing,SECURITY,requirements/quality-operations/FR-5513-tracing-security.md,375
5514,FR-5514,Quality & Operations,Tracing,TEST,requirements/quality-operations/FR-5514-tracing-test.md,363
5515,FR-5515,Quality & Operations,Tracing,EVENT,requirements/quality-operations/FR-5515-tracing-event.md,364
5516,FR-5516,Quality & Operations,Tracing,OPERATIONS,requirements/quality-operations/FR-5516-tracing-operations.md,356
5517,FR-5517,Quality & Operations,SLOs,UI,requirements/quality-operations/FR-5517-slos-ui.md,389
5518,FR-5518,Quality & Operations,SLOs,BACKEND,requirements/quality-operations/FR-5518-slos-backend.md,371
5519,FR-5519,Quality & Operations,SLOs,API,requirements/quality-operations/FR-5519-slos-api.md,370
5520,FR-5520,Quality & Operations,SLOs,SECURITY,requirements/quality-operations/FR-5520-slos-security.md,375
5521,FR-5521,Quality & Operations,SLOs,TEST,requirements/quality-operations/FR-5521-slos-test.md,363
5522,FR-5522,Quality & Operations,SLOs,EVENT,requirements/quality-operations/FR-5522-slos-event.md,364
5523,FR-5523,Quality & Operations,SLOs,OPERATIONS,requirements/quality-operations/FR-5523-slos-operations.md,356
5524,FR-5524,Quality & Operations,Runbooks,UI,requirements/quality-operations/FR-5524-runbooks-ui.md,389
5525,FR-5525,Quality & Operations,Runbooks,BACKEND,requirements/quality-operations/FR-5525-runbooks-backend.md,371
5526,FR-5526,Quality & Operations,Runbooks,API,requirements/quality-operations/FR-5526-runbooks-api.md,370
5527,FR-5527,Quality & Operations,Runbooks,SECURITY,requirements/quality-operations/FR-5527-runbooks-security.md,375
5528,FR-5528,Quality & Operations,Runbooks,TEST,requirements/quality-operations/FR-5528-runbooks-test.md,363
5529,FR-5529,Quality & Operations,Runbooks,EVENT,requirements/quality-operations/FR-5529-runbooks-event.md,364
5530,FR-5530,Quality & Operations,Runbooks,OPERATIONS,requirements/quality-operations/FR-5530-runbooks-operations.md,356
5531,FR-5531,Quality & Operations,On-call,UI,requirements/quality-operations/FR-5531-on-call-ui.md,389
5532,FR-5532,Quality & Operations,On-call,BACKEND,requirements/quality-operations/FR-5532-on-call-backend.md,371
5533,FR-5533,Quality & Operations,On-call,API,requirements/quality-operations/FR-5533-on-call-api.md,370
5534,FR-5534,Quality & Operations,On-call,SECURITY,requirements/quality-operations/FR-5534-on-call-security.md,375
5535,FR-5535,Quality & Operations,On-call,TEST,requirements/quality-operations/FR-5535-on-call-test.md,363
5536,FR-5536,Quality & Operations,On-call,EVENT,requirements/quality-operations/FR-5536-on-call-event.md,364
5537,FR-5537,Quality & Operations,On-call,OPERATIONS,requirements/quality-operations/FR-5537-on-call-operations.md,356
5538,FR-5538,Quality & Operations,Incident Response,UI,requirements/quality-operations/FR-5538-incident-response-ui.md,393
5539,FR-5539,Quality & Operations,Incident Response,BACKEND,requirements/quality-operations/FR-5539-incident-response-backend.md,374
5540,FR-5540,Quality & Operations,Incident Response,API,requirements/quality-operations/FR-5540-incident-response-api.md,373
5541,FR-5541,Quality & Operations,Incident Response,SECURITY,requirements/quality-operations/FR-5541-incident-response-security.md,378
5542,FR-5542,Quality & Operations,Incident Response,TEST,requirements/quality-operations/FR-5542-incident-response-test.md,366
5543,FR-5543,Quality & Operations,Incident Response,EVENT,requirements/quality-operations/FR-5543-incident-response-event.md,367
5544,FR-5544,Quality & Operations,Incident Response,OPERATIONS,requirements/quality-operations/FR-5544-incident-response-operations.md,359
5545,FR-5545,Quality & Operations,Capacity Management,UI,requirements/quality-operations/FR-5545-capacity-management-ui.md,393
5546,FR-5546,Quality & Operations,Capacity Management,BACKEND,requirements/quality-operations/FR-5546-capacity-management-backend.md,374
5547,FR-5547,Quality & Operations,Capacity Management,API,requirements/quality-operations/FR-5547-capacity-management-api.md,373
5548,FR-5548,Quality & Operations,Capacity Management,SECURITY,requirements/quality-operations/FR-5548-capacity-management-security.md,378
5549,FR-5549,Quality & Operations,Capacity Management,TEST,requirements/quality-operations/FR-5549-capacity-management-test.md,366
5550,FR-5550,Quality & Operations,Capacity Management,EVENT,requirements/quality-operations/FR-5550-capacity-management-event.md,367
5551,FR-5551,Quality & Operations,Capacity Management,OPERATIONS,requirements/quality-operations/FR-5551-capacity-management-operations.md,359
